run_id,time_h,X_obs,S1_obs,S2_obs,Ethanol_obs,Acetate_obs,Pyruvate_obs,Glycerol_obs,Xylitol_obs,O2_obs,CO2_obs,Succinate_obs
scenario_0_baseline_cal__run_0027,0.0,0.0316832401542989,,16.95077758264995,0.0074749547724657,0.0,0.0,0.0181565718906036,0.0318957145305341,14.438762722063991,0.0,0.0
scenario_0_baseline_cal__run_0027,1.2121212121212122,0.0547441995944509,15.425770836309136,17.291045402094664,0.0,0.0,0.0068575593931632,0.0,0.0,15.324687480632976,0.0127533055416025,0.0172948806515267
scenario_0_baseline_cal__run_0027,2.4242424242424243,0.0648219821035294,15.21030279964862,16.631418066776476,0.0419256302992472,0.0189053584935589,0.0,0.0020229201794486,0.0,14.750462719364892,0.0,0.0009608301051105
scenario_0_baseline_cal__run_0027,3.6363636363636367,0.1193140518142146,,16.57105534705553,0.0219834838825803,0.0049979173338498,0.006436049599523,0.0118178240531222,0.0,15.118105759303678,0.0330251687517301,0.0
scenario_0_baseline_cal__run_0027,4.848484848484849,0.0433347761492682,15.728779636018082,16.286358073494487,0.0,0.0056777913203803,0.0008729496073274,0.0265057035816803,0.0105275518912064,14.589481383692569,0.0,0.0384568942431338
scenario_0_baseline_cal__run_0027,6.0606060606060606,0.0522379765384225,14.81201691609617,17.10795478551696,0.0247253891304149,0.0094270544907839,0.0,0.0125273066370923,0.0,14.932126367675284,0.0144999072063318,0.0007599756399216
scenario_0_baseline_cal__run_0027,7.272727272727273,0.1227831262144694,15.984951617771635,16.298340870130644,0.0,0.0067004015828746,0.0,0.0,0.0,15.01260915556779,0.0064435526383046,0.0278542275708969
scenario_0_baseline_cal__run_0027,8.484848484848484,0.1100365574308261,15.602002871538382,17.02034104143157,0.0,0.0387530384338001,0.0,0.0,0.0,14.25741334632177,0.0,0.0
scenario_0_baseline_cal__run_0027,9.696969696969695,0.1264089781845643,15.532434294193155,16.908023121206696,0.0149862079862162,0.003776122073073,0.0,0.030991129645858,0.0274476241414341,15.13886484972552,0.0167581536204771,0.0092428844076807
scenario_0_baseline_cal__run_0027,10.90909090909091,0.11288432824687,14.5770820911461,16.96251060148222,0.0,0.0096749452975801,0.0019833065534057,0.0088341352684603,0.0052489950320253,15.25561684674988,0.0,0.0283773458331054
scenario_0_baseline_cal__run_0027,12.12121212121212,0.0827146737637268,15.373238245130723,15.88344248655786,0.0372024082152891,0.020682875319329,0.0136321468840857,0.0045275147101061,0.0044046592382583,14.912034909149966,0.0,0.0261268122134313
scenario_0_baseline_cal__run_0027,13.333333333333334,0.1372207215564252,15.638165460266949,16.38649048153325,,0.0,0.0186831909000206,0.0327948530407196,0.0,15.08371761731854,0.0291359586207072,0.0
scenario_0_baseline_cal__run_0027,14.545454545454549,0.1318395261476475,14.65510468200017,16.26677331665944,0.0,0.0,0.0,0.0,0.0,14.437669699233696,0.0,0.0049446862728769
scenario_0_baseline_cal__run_0027,15.757575757575758,0.1405823310652553,15.02958227676092,15.56589909010538,0.0,0.0086610906818502,0.0,0.0,0.0107523769197807,15.292332031150378,0.0437522462158734,0.0
scenario_0_baseline_cal__run_0027,16.96969696969697,0.1851358607191159,15.837862012066813,16.794895992031826,0.0025179687506075,0.0,0.0,0.0117794295474776,0.0,15.498872750160874,0.0307975260036901,0.0101115477282549
scenario_0_baseline_cal__run_0027,18.181818181818183,0.1710431606871227,15.93000013251313,16.6229866479265,0.0184855675816333,0.0035900245447276,0.0,0.0007205529696004,0.0122160793275017,14.537186042411015,0.068090171696546,0.0327560793385391
scenario_0_baseline_cal__run_0027,19.393939393939394,0.1734741342280977,15.222991001657965,15.847397420464327,0.0069702675356083,0.0,0.006298709424383,0.0168534982882933,0.0,14.23842671095982,0.0614132639594321,0.0008170818269895
scenario_0_baseline_cal__run_0027,20.60606060606061,0.2424921550411837,14.87651281107283,16.329015571623874,0.0,0.0,0.0279129650456861,0.0,0.0,14.919658417190115,0.0572647340133071,0.021419914137227
scenario_0_baseline_cal__run_0027,21.81818181818182,0.2345896696761838,15.153990762517555,16.629492662445305,0.0213615043945194,0.0,0.0,0.0120129559686041,0.0206594921059338,14.642927350891249,0.0446353319697072,0.0052702592849839
scenario_0_baseline_cal__run_0027,23.03030303030303,0.2277336431185966,15.63592488207795,16.377635195902755,0.0065915384728794,0.0216439443150975,,0.033702715051365,0.0,14.965435823214278,0.0382240437606631,0.0
scenario_0_baseline_cal__run_0027,24.24242424242424,0.2837803584238041,15.404304245145552,16.536965471299087,0.0,0.0,0.0299581208679006,0.0047100584264798,0.0,15.383087487468174,0.0915906449839237,0.0
scenario_0_baseline_cal__run_0027,25.454545454545457,0.2434865111810559,15.53313453209357,17.171557827697896,0.0395920075201299,0.013681741844013,0.0625197048308071,0.0207361396560461,0.0052147915412514,14.987213469677169,0.0655916297165268,0.0
scenario_0_baseline_cal__run_0027,26.666666666666668,0.3000131440350988,16.081021219046043,17.15976414852806,,0.0206185499054246,0.0,0.020891185189747,0.0,15.100534288271186,0.0887704524430932,0.0250806185602067
scenario_0_baseline_cal__run_0027,27.87878787878788,0.3729396784393244,14.419099683955888,17.121121805826967,0.0183958530465678,,0.0180882250346459,0.0025994612097174,0.0150535646737388,14.340636638410151,0.0964465931241065,0.0210832186425044
scenario_0_baseline_cal__run_0027,29.090909090909093,0.3550016785061172,15.202714104506407,16.1166160451949,0.0224527361666722,0.0,0.0,0.0259954278499627,0.0,14.006587404400095,0.0948959229374353,0.0136912171536787
scenario_0_baseline_cal__run_0027,30.303030303030305,0.3907798462105308,14.769275312306709,16.769335041240932,0.0209367840778049,0.0,0.0,0.0,0.0498793107070429,15.63934026531693,0.1724782412354408,0.0219819316917532
scenario_0_baseline_cal__run_0027,31.51515151515152,0.4288247549075229,14.694640841017268,16.108988445403433,0.0,0.0123106144504502,0.014287686576227,,0.0016693548525379,15.101262623711014,0.1751934888954729,0.0
scenario_0_baseline_cal__run_0027,32.72727272727273,0.4154907122385786,15.66212764099078,16.098587023264372,0.0052768236078677,0.013042256141043,0.0202394369930545,0.0080878328977114,0.0,14.484052210575454,0.2019598735947531,0.0125234262659914
scenario_0_baseline_cal__run_0027,33.93939393939394,0.4701211667157636,14.784969589815686,15.95183840707955,0.0,0.0,0.0182225673000295,0.0365716443092382,0.0217224130125662,15.392455387441531,0.1699749644568955,0.0
scenario_0_baseline_cal__run_0027,35.15151515151516,0.5796392909877616,15.501740013769382,17.41930711359108,0.0618821127344939,0.0110804003644786,0.0,0.0164378304630971,0.046681467023919,14.58983463385484,0.1789229206799729,0.0
scenario_0_baseline_cal__run_0027,36.36363636363637,0.5482440496137746,15.47191901802228,16.40425677500908,0.0260157095888504,0.0,0.0,0.0,0.0,14.464853011810876,0.2268541377381061,0.0
scenario_0_baseline_cal__run_0027,37.57575757575758,0.6733146108874454,15.065460415877912,16.229912928839767,0.0,0.0136366934682437,0.0,0.0,0.0059926174767337,14.401373864657415,0.2691684731288858,0.0
scenario_0_baseline_cal__run_0027,38.78787878787879,0.6745234958970462,14.18411458372154,15.780963730079344,0.0250248196385649,0.0,0.0,0.0,0.0,15.673851618154554,0.2251975067191727,0.0181741046989801
scenario_0_baseline_cal__run_0027,40.0,0.7700775080226837,14.929355904003549,17.022559616885676,0.0410696731145549,0.0164354531533846,0.0131718718432641,0.0,0.0007868597917651,14.835252527203895,0.3187907472029674,0.0152334573491712
scenario_0_baseline_cal__run_0027,41.21212121212121,0.8169785425863888,15.058650810086744,15.75706139941548,0.0643674816471684,0.0291841553442217,0.0,0.0324046034042002,0.0643779566943371,14.98235399097685,0.3709768821194351,0.0151924390845039
scenario_0_baseline_cal__run_0027,42.42424242424242,0.8535545617357643,15.345532906368884,15.372405428344017,0.0607996467287935,0.012316957569207,,0.0117513757862595,,14.829827723121902,0.3685053285619979,0.0039635074861721
scenario_0_baseline_cal__run_0027,43.63636363636364,1.0275574641211298,15.326069865712528,16.127848302425882,0.0365605920670893,0.0177741233689646,0.0,0.0,0.0847117912439755,15.071746662954167,0.4148990999706264,0.0
scenario_0_baseline_cal__run_0027,44.84848484848485,1.0222656033073636,14.68483465131892,15.640876052057154,0.046407556507368,0.0174563369962795,0.0,0.0070847155534859,0.093811732848517,14.100598249913888,0.4392651443729689,0.0158132498844664
scenario_0_baseline_cal__run_0027,46.06060606060606,1.247751110528212,14.273942430329216,15.967542313112528,0.0237572210206469,0.0602042373586195,0.0246534104329827,0.0,0.1299491604682009,14.711927723320828,0.4838635290413283,0.0421584362893873
scenario_0_baseline_cal__run_0027,47.27272727272727,1.3153693957596353,14.605887910316763,15.976823545583544,0.0642161189301206,0.0,0.0,0.0122899841363398,0.0526571432281308,14.17492020099051,0.5224402849059774,0.0300849791561074
scenario_0_baseline_cal__run_0027,48.48484848484848,1.3905248754021748,15.767862536909426,14.938784783971704,0.0338268839186905,0.0358147190690494,0.0198056388041616,0.0069373054684364,0.0719090891111381,15.131165401834483,0.5600973625676203,0.0098664655649942
scenario_0_baseline_cal__run_0027,49.696969696969695,1.6785199034537484,15.176812775300498,15.082709921234184,0.0438278266382621,0.0153225934433033,0.051349511941046,0.0,0.0682879572291379,14.459031084200443,0.6386586000001768,0.0
scenario_0_baseline_cal__run_0027,50.909090909090914,1.6386018085956835,14.594912789887422,15.10377545739709,0.0536152026635819,0.0257083642567218,0.0,0.0439761236420109,0.1266944327821168,14.73879527259478,0.8416692147515047,0.0088754708511659
scenario_0_baseline_cal__run_0027,52.121212121212125,1.775674262415959,13.712065413009933,14.89195155259384,0.0482513750152281,0.0416447611151866,0.0,0.0,0.1090161621556139,14.37977154105004,0.8192554002017952,0.0182198167343797
scenario_0_baseline_cal__run_0027,53.333333333333336,1.9019986692278208,13.99533713933697,15.162197367059138,0.0855235092327542,0.0256971543170636,0.0096784325914221,0.0449364608715835,0.1255421559760612,14.339237567467585,0.8739870059250324,0.0169950961174779
scenario_0_baseline_cal__run_0027,54.54545454545455,2.1988672581187982,14.696569906152954,15.365279193310096,0.0717939422188705,0.0243897444392456,0.0,0.0,0.0939072135456566,14.518225935510118,0.9563576333029012,0.0053295106304242
scenario_0_baseline_cal__run_0027,55.75757575757576,2.4696547987259194,14.149539565289716,14.989923147325651,0.0913033815491904,0.0578073616392344,0.0,0.0150595591604833,0.1428848764522572,13.841695483059652,1.1716330264145012,0.00977249698152
scenario_0_baseline_cal__run_0027,56.96969696969697,2.600308800334245,14.005995680825889,14.869905654557172,0.129004742636165,0.0595057854345741,0.0443200855462098,0.0134489379090175,0.1693547942299484,14.352487456791549,1.2671930423961684,0.0
scenario_0_baseline_cal__run_0027,58.18181818181819,2.958389732087218,14.064822960339622,13.997686212735632,0.1600431718384651,0.0151358971679836,0.0375910034771235,0.0063352309220109,0.2000922604156996,13.446048484730085,1.335147677965458,0.0178973399806023
scenario_0_baseline_cal__run_0027,59.3939393939394,3.28474922394262,13.870975982356294,14.032359924664332,0.0904367451483393,0.0365284480774455,0.0449653276074125,0.0157222073817849,0.2323069136244219,13.953491106869151,1.4839510192512146,0.0
scenario_0_baseline_cal__run_0027,60.60606060606061,3.4064213806066284,13.83606810924946,13.695799603005335,0.1226073456473467,0.0603532842836243,0.0032579100594397,0.0053143772601018,0.2329505368349088,14.17532134283917,1.8173909701494808,0.0
scenario_0_baseline_cal__run_0027,61.81818181818182,3.760329104158046,13.38977223798149,13.417150101825754,0.1468118405001704,,0.0359620546461772,0.0378111615372404,0.2861439665325013,13.58848450052933,1.8283168884856489,0.0
scenario_0_baseline_cal__run_0027,63.03030303030303,3.8237824504251146,13.818713815971927,13.514484561751978,0.227879994343281,0.1046889434126336,0.0133475482903665,0.0,0.2489880041914146,13.406415471915434,2.038612760488036,0.0346005802434525
scenario_0_baseline_cal__run_0027,64.24242424242425,4.558502180228071,13.004718819149648,12.559793465991955,0.2081083810413512,0.0575843781490968,0.0105994051646922,0.0427401453060369,0.295916123002988,13.4150262528818,2.309384631690921,0.028339371638048
scenario_0_baseline_cal__run_0027,65.45454545454545,5.077981561097411,12.109395914813096,12.34127367582034,0.2231192738386589,0.0680420210423724,0.0150014621939168,0.0813786965148946,0.34431940221646,12.995316880705047,2.388028060517094,0.0
scenario_0_baseline_cal__run_0027,66.66666666666667,5.186303364571199,12.482819480355271,11.691338862540794,0.2485587199318941,0.0676071620654248,0.0352190097321693,0.0286873974596899,0.402624427352414,13.128097385857506,2.6562361329748616,0.0376097190333162
scenario_0_baseline_cal__run_0027,67.87878787878788,5.974624185447932,11.66785360304108,11.46695114504094,0.28736480689845,0.1209130557749388,0.062913128589902,0.0610895012399764,0.4144602714308067,13.70829670115863,2.751313992371618,0.0781149125819681
scenario_0_baseline_cal__run_0027,69.0909090909091,6.269568865551671,11.514590354267105,11.38311951997155,0.296548545848657,0.1262225299914725,0.0439350735895979,0.084791879555006,0.4410172371441728,12.571166674667293,3.589032581645178,0.0770026469068884
scenario_0_baseline_cal__run_0027,70.30303030303031,7.590046685273776,11.681985294336602,10.433218071452384,0.2620833579188126,0.1194269542907222,0.0409383197542581,0.0239217830497055,0.4717207430655798,12.951768436535508,3.535334982724664,0.0118667892414173
scenario_0_baseline_cal__run_0027,71.51515151515152,7.760152281003837,10.503982101381858,10.13436269364646,0.4244376130133777,0.0911347957897332,0.0271827197181955,0.0723195848223219,0.5856866416762468,11.654086974158332,4.16091091731133,0.0377384570449372
scenario_0_baseline_cal__run_0027,72.72727272727273,8.534081760151642,10.924347398030536,9.926642235517386,0.3147213386699837,0.1173533716410119,0.0448333589293564,0.0753758450819505,0.6015926433617526,11.926605150485525,4.445436662138981,0.0110683560275926
scenario_0_baseline_cal__run_0027,73.93939393939394,8.546489680896228,10.00383282096072,8.43939068877808,0.4206750372078844,0.1392514240779931,0.0495989863418875,0.0482851253110267,0.6183887818007809,11.32235006140952,4.97098804852457,0.0600895567880486
scenario_0_baseline_cal__run_0027,75.15151515151516,10.403150563720557,9.358044027253303,8.055428470895892,0.4313556901416009,0.1438245601743843,0.0827339217670102,0.0587394838654671,0.6214011870764953,10.972594631177865,5.174058965637264,0.056941534049557
scenario_0_baseline_cal__run_0027,76.36363636363636,11.240153188562529,9.183421685338155,7.091930603674627,0.4813164040321033,0.1901546993666399,0.0978128458690794,0.0844873446118699,0.7788805612233705,11.093353985198489,5.863139408520067,0.0475184811398902
scenario_0_baseline_cal__run_0027,77.57575757575758,12.398990648505304,8.32614089469829,6.209182357534856,0.5253649005540506,0.1626404073386472,0.0700261786554653,0.1078282669471032,0.8261315097520585,10.906788414593438,5.998280732788683,0.0222717651624085
scenario_0_baseline_cal__run_0027,78.7878787878788,13.58252098370116,7.248038292607164,5.8201569042487895,0.5771834697121304,0.2163500860114729,,0.1484195106477748,0.92438944910167,10.509393994427246,6.615761645278168,0.0280462402438859
scenario_0_baseline_cal__run_0027,80.0,15.2602573191758,7.026252243978724,4.485090281460213,0.5907373929170773,0.2306998676989765,0.0966264140077368,0.1625022498600353,0.9237809621810388,9.876843271078894,7.001580377969097,0.1034348171134153
scenario_0_baseline_cal__run_0027,81.21212121212122,,6.5168496306092365,3.8642075306173487,0.6736162400329537,0.2636833186247175,0.0555133548405592,0.1730771771747589,1.0858382802197415,9.434059144389275,7.38043084865082,0.0867104853265066
scenario_0_baseline_cal__run_0027,82.42424242424242,16.133150901042175,5.725071669270093,3.3354632404769378,0.6939689157482373,0.2523932656787975,0.1302152313108948,0.141527982660216,1.0769377433188507,9.345288005815789,7.971394869982062,0.0451957716937702
scenario_0_baseline_cal__run_0027,83.63636363636364,17.82521162468205,4.952074920606402,2.4381425907908456,0.8714277682136057,0.3060762839846689,0.0251005824993392,0.166200565119694,1.2013915015695993,8.501258692201946,9.01413550500217,0.0807141193897395
scenario_0_baseline_cal__run_0027,84.84848484848484,19.093482180804177,4.042188827222389,1.6351237230308215,,0.2971170585950645,0.0478221696065942,0.1764259248957285,1.2949155147339615,8.079126423900863,9.054518640844773,0.1010914448832881
scenario_0_baseline_cal__run_0027,86.06060606060606,18.82850661491897,3.180405592750832,1.2077675071489038,0.831914042098018,,0.112963289088519,0.1631015519413565,1.1965657738524578,8.170011772251534,10.127873981699333,0.0663685000126979
scenario_0_baseline_cal__run_0027,87.27272727272728,20.482606735740227,2.573857346624475,0.7986438072634705,0.8720306532952066,0.2771456202057801,0.0963382362001337,0.2088619843615178,1.3923717921352876,7.869658051741668,10.470015902732422,0.0535715155544476
scenario_0_baseline_cal__run_0027,88.48484848484848,20.46171244532994,1.6776137319962197,0.5363636930340417,0.8762524726370814,0.3250879310567351,0.1143895352896694,0.1720016097399934,1.2776604571390613,8.255728978867252,10.616109107154625,0.0950189568239083
scenario_0_baseline_cal__run_0027,89.6969696969697,20.76956666211293,1.2317399379089664,0.2939112782868437,0.8949884109670735,0.3200275441394764,0.1584147788455163,0.1394824481969171,1.260229096833003,7.153166748353562,10.95552442860581,0.1107834873209007
scenario_0_baseline_cal__run_0027,90.9090909090909,21.62690148240984,0.6111803363561681,0.2430446512823868,0.9411430075602626,0.2747811357878665,0.135829684260642,0.1808086891128988,1.2898099068148787,6.7782007789342575,11.58834322767337,0.0919510183754996
scenario_0_baseline_cal__run_0027,92.12121212121212,20.975862258654324,0.4231082557830247,0.1161843146840631,0.9633414158561432,0.2317626578687823,0.0886882844174289,0.1973113669156264,1.2979407248135355,6.9615417013474765,10.8789582864468,0.0813164437470317
scenario_0_baseline_cal__run_0027,93.33333333333334,21.85009817295732,0.2528189852959499,0.1656155361191561,1.0052571456530248,0.2724067622104471,0.105628482368454,0.1579749154314556,1.3899833510957404,6.742756809197603,11.552422418314745,0.0778616151467958
scenario_0_baseline_cal__run_0027,94.54545454545456,21.71135394363201,0.1469279642627573,0.1175639632620478,0.9559823419491452,0.2827034953298675,0.1772749310051098,0.1729731728286916,1.4427965165825485,6.841802578084688,11.015344023067655,0.1151887754583119
scenario_0_baseline_cal__run_0027,95.75757575757576,22.30401798257565,0.1351213765309379,0.1573363005306814,0.8973017425765468,0.3696418777681565,0.1310353621057628,0.2034308314301279,1.257674711888754,7.0866147348821125,11.188296367934193,0.0617420978135725
scenario_0_baseline_cal__run_0027,96.96969696969695,22.010006557220542,0.1342826775486426,0.0662872951588985,0.9918459685935658,0.3471104737888814,0.1346554736823816,0.189068968627445,1.3459531985383864,6.91242643508965,11.82604337697016,0.0837027989185513
scenario_0_baseline_cal__run_0027,98.1818181818182,21.75387880760001,0.0768806786650661,0.1351349705125034,0.968002595646384,0.3209252684683016,0.0834316987647485,0.1365552432487184,1.3270713610541078,6.872041195128065,11.633952903273771,0.0833125730726982
scenario_0_baseline_cal__run_0027,99.3939393939394,21.26289150249924,0.0815351217069599,0.1065262183713649,0.8777111464915455,0.2812289455461134,0.1105953334552806,0.2259575813492648,1.342341221973004,7.019046659310107,11.57829284196356,0.0789217430619402
scenario_0_baseline_cal__run_0027,100.6060606060606,21.950627824192065,0.094547064760161,,0.9664626858124564,0.2753027382056945,0.1217127635437699,0.1784638408504679,1.34447687847051,6.8877315294178585,,0.0811439829251989
scenario_0_baseline_cal__run_0027,101.81818181818184,21.837409909007928,0.08370274667941,0.1127266657309412,1.063024657755138,0.3571008873155064,0.1463944844894853,0.2289693084925451,1.2872255006283977,7.15740381234744,10.471261098207153,0.1362939247909643
scenario_0_baseline_cal__run_0027,103.03030303030305,21.385770285864552,0.1191388815748678,0.1008023591478513,0.9637938267490916,0.3085930760416475,0.1193731461842087,0.1599034814412931,1.385064649342306,6.823556952090381,10.951661276088942,0.093147807992763
scenario_0_baseline_cal__run_0027,104.24242424242424,21.52962221708132,0.1089651289723297,0.1351019398990409,0.9284338565859168,0.3274231091265799,0.1445280125577385,0.1872396849572932,1.4319117723755204,6.826429560408423,10.951889471918978,0.0764815663162854
scenario_0_baseline_cal__run_0027,105.45454545454544,24.16441242465212,0.1185242980543339,0.0883398530613681,0.9169923179665028,0.376377655452722,0.0945719031838808,0.2019950253344702,1.3578950022622096,6.707114599503589,11.154400431798036,0.0782558548982503
scenario_0_baseline_cal__run_0027,106.66666666666669,22.40337375653359,0.130957793831112,0.1530855492064111,0.9401624816054324,0.2999160776955875,0.1065322525714196,0.1941251395185062,1.3795578186675774,7.237872156228481,11.693990288372287,0.088612162041622
scenario_0_baseline_cal__run_0027,107.87878787878788,21.472230227830995,0.1241469915164197,0.1386762893844757,0.9355192634805904,0.358241711540847,0.1499312667594797,0.2215754922999968,1.3564875545833268,6.792928633929083,12.184638317574056,0.1034529576783978
scenario_0_baseline_cal__run_0027,109.0909090909091,22.027087339251025,0.1040904200470901,0.1108677096609604,0.9705871850866732,0.2945144185615512,0.1429557219622964,0.2155917758194838,1.2810770390452173,7.01975068266022,11.296353784488415,0.0964816773068937
scenario_0_baseline_cal__run_0027,110.30303030303033,21.968586604145383,0.0464077923571726,0.1094674498768848,0.889874550256293,0.3752946926164057,0.1234570539418243,0.1780529548450985,1.4099558001506007,6.913240197589884,11.262027353766248,0.1129584681371904
scenario_0_baseline_cal__run_0027,111.51515151515152,21.58896838132006,0.1345115314971201,0.1756013639380227,1.032157958904723,0.2735769360414672,0.1594109335203898,0.1819818174417183,1.324176949485277,6.814779426171795,10.675606429373486,0.0741040738682208
scenario_0_baseline_cal__run_0027,112.72727272727272,22.898689559116512,0.1665843268267643,0.1550162953535424,1.033627732860659,0.2970063530281148,0.1082926230373979,0.1903542116965646,1.3006436195030255,6.835753988259717,11.33113509009561,0.0906620345961951
scenario_0_baseline_cal__run_0027,113.93939393939394,22.6969542434702,0.1019003336722795,0.1529517668429818,0.9453078903462224,0.3098756338537466,0.1039100734465021,0.222476914830538,1.3129195305914456,6.797801866902824,12.102726674205222,0.0865399599657502
scenario_0_baseline_cal__run_0027,115.15151515151516,21.605138548386016,0.1567246701415734,0.1386004010425496,0.9483137059156704,0.3324272055909665,0.1266533830788662,0.1942616903788481,1.3417067157438474,6.712028692604824,11.555761645118556,0.0838288111804239
scenario_0_baseline_cal__run_0027,116.36363636363636,21.458172691428587,0.1416542641084027,0.1222537842053985,0.9789823364849009,0.3035753162397848,0.107130033494026,0.2242566852181716,1.3099853409419595,6.790155675733979,11.253462989327817,0.1172179977673636
scenario_0_baseline_cal__run_0027,117.57575757575758,22.268829199416444,0.1401212637941228,0.1410614037951468,0.983454736025108,0.3623242410218906,0.1040262887541808,0.1253288663175712,1.3944053075409024,6.765611526972793,11.644739457578344,0.1107565126210484
scenario_0_baseline_cal__run_0027,118.7878787878788,22.014613403203622,0.1442310338282312,0.1247014630272156,1.018086648390324,0.3443351149492449,0.115901928956683,0.2052359006015604,1.351378651660296,6.902431039540981,11.251197766975164,0.1229113847299803
scenario_0_baseline_cal__run_0027,120.0,21.752558960886315,,0.1536161492509415,0.8982940853041503,0.3214726532999675,0.1078390925088554,0.1594081270387279,1.3384193252343055,6.6792434857790814,11.3196658996436,0.0839975192057824
scenario_0_baseline_cal__run_0051,0.0,0.100885679070069,17.157727818259556,16.71556523676129,0.0203963064051746,0.0,0.0077055455454956,0.0,0.0054863285373341,15.238413348054303,0.0,0.0
scenario_0_baseline_cal__run_0051,1.2121212121212122,0.0678486647299809,16.388999058630297,16.506282257673977,0.0126959659405234,0.0,0.0227209035288195,0.0150083314758751,0.0284481472950461,15.056801113099308,0.0144785756365224,0.0092997112287255
scenario_0_baseline_cal__run_0051,2.4242424242424243,0.0795391358064008,15.981236538047469,17.084122279844465,0.0,0.0260002466433281,0.0,0.0,0.0303432360741098,14.45000161803479,0.0201918605913662,0.0
scenario_0_baseline_cal__run_0051,3.6363636363636367,0.1042060275381897,17.117374367856222,16.681636232920354,0.0325370015769512,0.0142970108736345,0.0148817834563091,0.0,,,0.0,0.0164075275166597
scenario_0_baseline_cal__run_0051,4.848484848484849,0.0862546707709736,17.954497560836113,16.831074671712262,0.0032635929002638,0.0408447321964285,0.0,0.0,0.0,15.155104380865051,0.067520983536282,0.0034234209637225
scenario_0_baseline_cal__run_0051,6.0606060606060606,0.1000957472751433,,17.478593460777937,0.0,0.0,0.0146713340327391,0.0,0.0,15.392323479083537,0.005306012237815,0.0028513108637136
scenario_0_baseline_cal__run_0051,7.272727272727273,0.1093249667421769,16.473094093256055,18.16363173459802,0.0220890576392141,0.0371715069802141,0.0200274851951154,0.0,0.0,14.006010107992,0.0246962986882178,0.0222945678264462
scenario_0_baseline_cal__run_0051,8.484848484848484,0.1436325462618013,17.28709304456668,15.864955853018396,0.0470537047422072,0.0,0.0253882311008003,0.0,0.0051231701098089,15.58814893148843,0.0,0.0012142766483852
scenario_0_baseline_cal__run_0051,9.696969696969695,0.1693753258129874,17.14288387619286,16.9719474999548,0.0190505831071782,0.032567519633222,0.0231969642844743,0.00605214361187,0.0086586729858327,14.59794247228142,0.0415275394626673,0.0
scenario_0_baseline_cal__run_0051,10.90909090909091,0.1145296368434064,17.795908171474,16.790144709265064,0.0,0.0236915558533683,0.0,0.0084335467561317,0.0057242174628363,15.221754719092496,0.0398487086096757,0.0061082486474496
scenario_0_baseline_cal__run_0051,12.12121212121212,0.1140149370248088,17.594351087104094,16.561955214363692,0.0,0.0194836930035593,0.0,0.0,0.0,14.197128488153716,0.0859462789124643,0.0
scenario_0_baseline_cal__run_0051,13.333333333333334,0.1584005619215927,16.17611169716698,16.939005388944924,0.0329315603445061,0.0091296183978863,0.0,0.0102792983625379,0.008377932787513,14.495334378487646,0.0284579657943622,0.0119927030845302
scenario_0_baseline_cal__run_0051,14.545454545454549,0.1328512708740299,17.275064964818284,17.088537418932116,0.0230185546054343,0.0,0.0,0.0,0.0100926675535251,14.336774390935128,0.0850850626417289,0.0
scenario_0_baseline_cal__run_0051,15.757575757575758,0.179456333193512,17.499064450704306,17.429140249175184,0.0041523115199963,0.0258355000634897,0.0235274196190657,,0.0136308118234283,14.909083794123392,0.0458123708847701,0.0
scenario_0_baseline_cal__run_0051,16.96969696969697,0.2082801789926786,17.209905755660646,15.725372439294173,0.0,,0.0,0.0123267296917902,0.0013309846164343,15.023086381742509,0.0426835727900852,0.0
scenario_0_baseline_cal__run_0051,18.181818181818183,0.2157249245406305,17.529263369877302,16.829849665270892,0.0121104337497543,0.0,0.0049357604718793,0.0,0.0,15.11242805458912,0.0837460533875317,0.003159890024455
scenario_0_baseline_cal__run_0051,19.393939393939394,0.2745272486777696,17.209486368031673,16.443405604514684,0.0228093800951506,0.0022982378444787,0.0,0.0,0.018130027080963,14.23075412079606,0.1064007577971656,0.0149347214075456
scenario_0_baseline_cal__run_0051,20.60606060606061,0.2729900777068434,17.694815068901832,16.322352411625534,0.0114586420150927,0.0,0.0,0.0477048791454031,0.03864152152589,14.50939768262522,0.0846128250624509,0.010485498483075
scenario_0_baseline_cal__run_0051,21.81818181818182,0.3131537105238106,15.588970779984162,16.049778733111033,0.0213552933548784,,0.0,0.0,0.0469223643934057,15.476645385921636,0.1440209069074973,0.0010571261756097
scenario_0_baseline_cal__run_0051,23.03030303030303,0.4118604124187097,16.57090518684431,16.450153608920353,0.0457582439296323,0.0081708911688141,0.0002762814164717,0.0,0.0,13.678290876320697,0.1295405455502492,0.0
scenario_0_baseline_cal__run_0051,24.24242424242424,0.3696752819579602,17.604606710783308,16.071552214983864,0.0141418140111284,0.0,0.0,0.0047927890604421,0.0019612824973221,14.495749149553172,0.2082384672096922,0.0037932931724203
scenario_0_baseline_cal__run_0051,25.454545454545457,0.4529551190208898,17.029265344040212,17.24419181678519,0.0260664751933853,0.0,0.0168143993064684,0.0,0.0,15.563136629234462,0.194148622168496,0.0179292177184752
scenario_0_baseline_cal__run_0051,26.666666666666668,0.5153406156095957,16.846973989061386,16.51834484408738,0.0045877562425809,0.0372460850871894,0.0053084310711574,0.0453624533670168,0.0359875534305268,14.373783972890696,0.246904763289916,0.0
scenario_0_baseline_cal__run_0051,27.87878787878788,0.5438255919625177,16.626486078720735,16.064985431248626,0.0511515292404619,0.0306884510788668,0.0395375402650836,0.0478580394141144,0.0298644210893817,14.551566452129563,0.2469997987515949,0.0018199609367352
scenario_0_baseline_cal__run_0051,29.090909090909093,0.6807093141992447,16.639883224808084,17.116344898132766,0.0107485369190562,,0.0055604694249165,0.0,0.0808269213963913,14.396035257589231,0.2850623906553785,0.0060509928080337
scenario_0_baseline_cal__run_0051,30.303030303030305,0.7063191528848091,16.838093189613172,16.9646726768156,,0.0099388963251901,0.0003966020271891,0.0,0.067088547166329,14.788823562883056,0.3494986026950399,0.0
scenario_0_baseline_cal__run_0051,31.51515151515152,0.7778742068124738,16.757768358753754,16.211392380273917,0.0013628530084839,0.0379876085258986,0.0,0.015404217956058,0.0384820979597221,14.648587653016364,0.4409712178606936,0.0094764243335351
scenario_0_baseline_cal__run_0051,32.72727272727273,0.8627484382270411,17.23886998194473,15.478734636312096,0.0844293704525495,0.0129279583775079,0.0180646470438675,0.0104947307999292,0.0499615551108923,14.252159576328015,0.4551988531659602,0.009481250759721
scenario_0_baseline_cal__run_0051,33.93939393939394,1.0170848442542135,15.721236566989171,16.043851542118144,0.0417694885858436,0.0,0.0355054457099171,0.0045038675597112,0.0536369793058513,14.09575254529654,0.536564891542249,0.0113340283078219
scenario_0_baseline_cal__run_0051,35.15151515151516,1.116211473484647,16.44781232139638,15.650851671387311,0.082515926897969,0.0,0.0253412503707246,0.0315869337576615,0.0680841118089478,14.635186856966488,0.6521257743631393,0.0
scenario_0_baseline_cal__run_0051,36.36363636363637,1.2264938080377144,15.234447861751905,16.138846437838527,0.0614739340857153,0.0168782798572179,0.009462563839391,0.0001867995778929,0.1055075150695437,14.849772178256949,0.7833230369034505,0.0110744441921744
scenario_0_baseline_cal__run_0051,37.57575757575758,1.5206088847862114,17.268108938465744,15.425694944836748,0.0930459479438869,0.0372082684209916,0.0344892249246514,0.0481936827030868,0.107345542773383,14.346244283331917,0.8924004343197014,0.0
scenario_0_baseline_cal__run_0051,38.78787878787879,1.6267079919687215,15.713143058745668,15.27846093207254,0.0653741986499476,0.0568863922058938,0.0208178871047729,0.0295472295664926,0.0941664732468356,14.235876640999711,1.018812327443493,0.0
scenario_0_baseline_cal__run_0051,40.0,1.991925561944388,15.7369672597118,15.919180718565343,0.1203659605662682,0.0156718153145531,0.0,0.0,0.1284818919790779,14.74998283699546,1.094301452921762,0.0240488290889148
scenario_0_baseline_cal__run_0051,41.21212121212121,2.067386559408365,16.01207617365612,14.254913618868008,0.0871706669506196,0.0130962847257018,0.029621520342645,0.0473491503981626,0.1415025137347156,14.030982517086532,1.2078847494074136,0.0378087658736707
scenario_0_baseline_cal__run_0051,42.42424242424242,2.4379352395283846,16.39454769572777,14.216102942713375,0.118559310519371,0.0310254436623247,0.0368853177152838,0.0309223139726402,0.2066022019897099,14.765904266585231,1.3847041860002842,0.0208071958665819
scenario_0_baseline_cal__run_0051,43.63636363636364,2.719524317293444,14.7805352542226,14.937489503585,0.1581775797327081,0.0754362626577222,0.0,0.027074330142994,0.1755821635535408,13.822291052877276,1.5919803979496507,0.0273831166280011
scenario_0_baseline_cal__run_0051,44.84848484848485,3.4093027198693173,15.332284990837238,14.22578431548014,0.1620973825658667,0.0614794658874676,0.0,0.0348220018592723,0.1793702097741415,14.274361310476314,1.789293716402663,0.0604244101677994
scenario_0_baseline_cal__run_0051,46.06060606060606,3.557958687793433,15.235149822409214,13.016660937827496,0.1952509010307832,0.0349582528194784,0.0062728008836107,0.0259702425871954,0.2338593054770538,13.773196953769988,2.180161123617513,0.0447437077545243
scenario_0_baseline_cal__run_0051,47.27272727272727,3.963643201046629,14.253690100669443,13.604394946100776,0.156090965749551,0.0739776868027667,0.0,0.0517426205047961,0.3623116528804716,13.430722711027544,2.51110103990186,0.0
scenario_0_baseline_cal__run_0051,48.48484848484848,4.702311218104138,14.12320747258037,12.104977349231737,0.2468416705966011,0.0770514746253201,0.0231725214288387,0.0708732334735524,0.3302603828052176,12.378403626869389,2.9096522780934824,0.0173002477566132
scenario_0_baseline_cal__run_0051,49.696969696969695,5.380631309020747,13.20522784119398,12.283802008091744,0.2962032254446623,0.0519142475245133,0.0071968661677594,0.0734188261783814,0.3346835234323276,13.934610049537827,3.1345459119985093,0.0
scenario_0_baseline_cal__run_0051,50.909090909090914,6.031033365890856,13.028546155164982,11.130296791943495,0.294227441323509,0.0930024745351145,0.0292366240928499,0.0944403730347123,0.4560096644658122,13.40839511315196,3.689455368825041,0.0229917012928342
scenario_0_baseline_cal__run_0051,52.121212121212125,6.71588600128977,12.001957683637924,10.867808317474571,0.3379497127960312,0.1267420944486411,0.0340812492514949,0.0423076348040244,0.5076793695797677,12.001252730929988,3.947631562744738,0.043250479300184
scenario_0_baseline_cal__run_0051,53.333333333333336,7.715301281168434,11.907791299131544,9.68532358562498,0.4671354155010217,0.1415012771056506,0.0662514951066128,0.0831336529868039,0.5630414811691626,11.999248162413462,4.677772627630103,0.0394218993568348
scenario_0_baseline_cal__run_0051,54.54545454545455,8.860775549591208,10.275015217552088,9.312277295964908,0.459294987128216,0.131561182795345,0.0785078966818542,0.1082639716851051,0.6485944114596973,11.141404653101048,5.322236305218256,0.0677966300920758
scenario_0_baseline_cal__run_0051,55.75757575757576,9.97826371935469,9.475288044390062,7.648671951116225,0.450540665579193,0.1268538454697061,0.0928175780702742,0.1584133207411501,0.7450948626986722,11.085408788385688,5.7793872946263365,0.0425680272647879
scenario_0_baseline_cal__run_0051,56.96969696969697,11.36698189339401,8.367246010547536,6.266270738713811,0.5914409676532169,0.2395822680494826,0.1000636369027509,0.1209412391568656,0.8898883847312041,10.089899027228476,6.469105306736132,0.0443232287824316
scenario_0_baseline_cal__run_0051,58.18181818181819,11.552652265818685,7.67630686562735,5.420626565967514,0.6184378234190406,0.2073122396555878,0.0776238614028507,0.0767744616470257,0.9697768558105928,9.544145999513091,7.1432348661440965,0.0461178001050095
scenario_0_baseline_cal__run_0051,59.3939393939394,13.04733102799968,6.564248119327562,4.054856956289461,0.7330349735026692,0.2448710214485031,0.1171407780054169,0.216452051603476,1.0670521043509409,9.418228791671078,8.140387523472704,0.0801285117776188
scenario_0_baseline_cal__run_0051,60.60606060606061,15.379982292849457,5.591553181468003,2.627334318546941,0.769882170420758,0.2716297802865243,0.1193443133742944,0.1550855937838198,1.1334216433557731,8.864063909466967,9.233256237670464,0.0539434714086273
scenario_0_baseline_cal__run_0051,61.81818181818182,15.681788813239796,4.027565817628145,1.5643074699719202,0.7929318553563292,0.2203957340397099,0.128099340503174,0.1608382480006981,1.3318790977556476,7.25833915850304,9.57600020255748,0.0969939057344614
scenario_0_baseline_cal__run_0051,63.03030303030303,18.15580187638269,3.037798912142567,0.8887637734336994,0.9006112090041108,0.274798572855683,0.0998801836460816,0.1808773250558544,1.2904833495601715,7.720454630481583,10.183686883831278,0.0873030904465259
scenario_0_baseline_cal__run_0051,64.24242424242425,18.44290451711493,1.911771779411486,0.3816687772484281,0.9742988713136506,0.3247863694114388,0.07173282637471,0.1574056467614447,1.350068810319798,7.167547457222144,11.191403085498386,0.1000977464094641
scenario_0_baseline_cal__run_0051,65.45454545454545,18.937258782630902,1.0801829386514554,0.2612649104795801,1.0163653466214086,0.3420379805036291,0.1067665041702716,0.2043293036782625,1.414791593353366,6.796882318025262,12.099450978321755,0.0832729296336889
scenario_0_baseline_cal__run_0051,66.66666666666667,18.79356478427119,0.613368150619627,0.1907943433849206,0.9537902731173694,0.3467100882905657,0.1589427453606119,0.2326542076503925,,6.544651090924442,11.742496064677727,0.1221371273027486
scenario_0_baseline_cal__run_0051,67.87878787878788,18.265792385927536,0.3166142255477699,0.1517914649774598,1.0685337455865331,,0.113367281820656,0.2167766396965647,1.353508106289554,6.349635466289012,11.989659239747548,0.0844246204143265
scenario_0_baseline_cal__run_0051,69.0909090909091,18.584076856689062,0.1794366487601277,0.1485037282700155,0.98239582399417,0.2998760227094931,0.1285757835988212,0.1829283586577975,1.3651395371044213,6.589946289946493,12.383521456936109,0.0986579082927897
scenario_0_baseline_cal__run_0051,70.30303030303031,19.22791696633823,0.1039963234507422,0.1388011007097385,0.9672826330571492,0.3814427323128241,0.1527945567138895,0.2258815368978781,1.4939353061349396,6.348385899991383,11.777912839561465,0.0959523927013362
scenario_0_baseline_cal__run_0051,71.51515151515152,20.28874092534976,0.0553923488742332,0.1561059319139669,,0.3644365676261309,0.1479152813532487,0.2233898301885176,1.3318229277750182,6.435132427366081,12.23494894052284,0.0841607018348355
scenario_0_baseline_cal__run_0051,72.72727272727273,19.73431107349796,0.1071625632898727,0.144450217676227,1.0368235131167585,0.301596067234616,0.1218406509443695,0.1771487861973072,1.2409249449400512,6.213815448889975,11.73381978600968,0.0955412813109566
scenario_0_baseline_cal__run_0051,73.93939393939394,19.525524000782376,0.0730061450148026,0.1979624708277312,1.0588376204902008,0.3316056980796619,0.1324424232253902,0.1581935398226259,1.3641924551568514,6.048098969495064,11.718391026014498,0.0913404873095598
scenario_0_baseline_cal__run_0051,75.15151515151516,19.553981415717963,0.0988860508798815,0.1957455707267563,0.9480115502105464,0.3501865359372163,0.1580249298003363,0.2145114699713162,1.3708018876863672,6.590386408808078,11.389982612234144,0.091784111195711
scenario_0_baseline_cal__run_0051,76.36363636363636,20.165709001133543,0.0861620115590145,0.1700002976712986,1.0312957282371555,0.3635966698220285,0.1426240883899781,0.2239973014282166,1.4265773277975455,6.276673957419457,11.41923113085991,0.0959418614423156
scenario_0_baseline_cal__run_0051,77.57575757575758,20.025087568182965,0.0704086249236747,0.19568684846305,0.97947802700944,0.3333242786238722,0.1331779084466044,0.2068787255998275,1.2439449614405242,6.243802309990144,12.118062181983724,0.1002439501782665
scenario_0_baseline_cal__run_0051,78.7878787878788,19.699245483886607,0.0641228142504091,0.1655268270614716,1.0776070149323147,0.337798320163268,0.1661734162220956,0.1334430718439684,1.339095736589848,7.013476809918181,11.935676801410166,0.0959467550080266
scenario_0_baseline_cal__run_0051,80.0,20.278502721135027,0.0653046977994469,0.1909797983720233,1.036876876999297,0.3527254490665943,0.1624817240886647,0.1686255510778788,1.4060613169490244,6.9858533315872045,11.366182118377564,0.1067035680688195
scenario_0_baseline_cal__run_0051,81.21212121212122,18.77096201038913,0.112745354191948,0.1970649725760188,1.077492239552195,0.3128817465011329,0.1382621612175364,0.1951369417372488,1.336332362190101,6.445972651719619,11.737890924816757,0.0585049079996021
scenario_0_baseline_cal__run_0051,82.42424242424242,19.89812624395746,0.1118943950637719,0.1664424484937642,0.9834668864945834,0.3509434420339184,0.1443684386228756,0.2447736231741835,1.345422978585095,6.450243135567125,12.309034977205515,0.0857491888862909
scenario_0_baseline_cal__run_0051,83.63636363636364,19.648343999638257,0.1219638211274521,0.2130503230090993,0.9782931086025516,0.3226073285378362,0.1294182011456586,0.240155027981965,1.349720515409219,6.5877232304134505,11.859310442867343,0.1162856881645597
scenario_0_baseline_cal__run_0051,84.84848484848484,20.11601284415258,0.1084673809203337,0.2019830445617051,1.0552507469054442,0.3516027616655386,0.1586909367004152,0.2309578095535282,1.2870856477157469,6.244898944285547,11.690743965347137,0.1047563121708467
scenario_0_baseline_cal__run_0051,86.06060606060606,19.641690002320058,0.0654120170865175,0.1783450218506347,1.0571073630770036,0.3766984297060281,0.113041391008482,0.2147417570085506,1.364712327939553,6.377846149752282,12.105419992311257,0.0922143745807129
scenario_0_baseline_cal__run_0051,87.27272727272728,18.9266029366895,0.1407090726407353,0.1901437612727571,1.101960909998378,0.3521611850034446,0.0945697676500118,0.234306622310949,1.4350845122700795,6.070756090573088,12.120107186223835,0.099841696019208
scenario_0_baseline_cal__run_0051,88.48484848484848,20.225291143249137,0.0880099151265827,0.2122967111435443,1.0878875100786367,0.2834899523571197,0.1123200020346496,0.2183716084086558,1.2571234665914028,6.913457126753992,11.71316706692536,0.1536597099253369
scenario_0_baseline_cal__run_0051,89.6969696969697,19.797017019181,0.1258307105450802,,1.0382359219944834,0.3394699244743855,0.1327079439568896,0.241636404080882,1.3361172367709782,6.2870551424825765,11.900133068428651,0.1249813517400808
scenario_0_baseline_cal__run_0051,90.9090909090909,20.607157776651672,0.1042049136813952,0.2013436832061824,1.0104027385536456,0.3266403148972059,0.1034466363489672,0.1658656010704796,1.4835894097165163,6.628569985218759,11.96704017285812,0.0809503891236157
scenario_0_baseline_cal__run_0051,92.12121212121212,20.384165393772296,0.1258878699945817,0.2311095184943443,1.1087517828425142,0.3235592663557266,0.1360398290438421,0.2000975076717927,1.248504601463892,5.927011971477231,11.810433246784628,0.0912266894890473
scenario_0_baseline_cal__run_0051,93.33333333333334,19.39740317824651,0.0745032054435947,0.2040514199137251,1.0577606647367193,0.3568522485620276,0.1243904753679346,0.1567708140419113,1.3467344107970904,6.497934170025408,,0.1230201586351117
scenario_0_baseline_cal__run_0051,94.54545454545456,19.33404683776093,0.0913399478827354,0.2068762637844462,1.0100285996594849,0.2993369809691508,0.135489363597002,0.2005100142366941,1.310464426446931,6.355405979008844,12.122195007648813,0.086077609421123
scenario_0_baseline_cal__run_0051,95.75757575757576,20.453029364585507,0.1357830905603593,0.2166618807672359,0.9143868422128136,0.3245291624529774,0.1286643840480137,0.2167126971659258,1.301943079950843,6.490862731002663,11.794056015836198,0.090605308628227
scenario_0_baseline_cal__run_0051,96.96969696969695,,0.1233548515536598,0.2316504030748861,1.0500329279802678,0.3673192854575196,0.2073805203078334,0.1958590563025914,1.3508888158073329,6.497980932265872,11.447282977420688,0.1286618642166797
scenario_0_baseline_cal__run_0051,98.1818181818182,20.631779643815392,0.1076671500395233,0.1821456176970843,1.0562644133912928,0.3623259784505183,0.0870416610112428,0.2484291256685873,1.3942456037838231,6.648302083037341,11.917302613436664,0.1051579520152211
scenario_0_baseline_cal__run_0051,99.3939393939394,19.35761682081729,0.1071294816101243,0.211612489707646,0.9934197588211808,0.3496506837455219,0.1588844635334239,0.2083531390573352,1.3781775581127114,6.430385377185971,11.91890409370728,0.1333189921988586
scenario_0_baseline_cal__run_0051,100.6060606060606,20.10386576303855,0.1480695190163474,0.2105186668914408,1.0138783512726046,0.3052498433106405,0.1574556586113259,0.1918284649226964,1.4401987503389644,6.247615682685835,12.090528330448343,0.0511245322309456
scenario_0_baseline_cal__run_0051,101.81818181818184,18.409342467378508,0.1379611663925537,0.1932072861816846,1.0416780612863787,0.3115101745550346,0.1342811443461614,0.2280937699707967,1.3083925814336477,6.486124783267539,11.493286376221423,0.1199778172379784
scenario_0_baseline_cal__run_0051,103.03030303030305,21.377025703460784,0.1429129092767783,0.2560465170073218,0.9921971491413104,0.3551484067551573,0.0725497175406438,0.2029357420622322,1.3852421098611098,6.447187296256005,12.0726570966561,0.0933191759240592
scenario_0_baseline_cal__run_0051,104.24242424242424,19.47317487265452,0.1940198009372771,0.2081431258704406,1.017750390658257,0.3128636658077282,0.1351269764354894,0.1854114847874793,1.382989187463416,6.294462472066826,11.53803562061717,0.1022782058447724
scenario_0_baseline_cal__run_0051,105.45454545454544,19.517570062319976,0.1319975688491877,0.2706659891179777,1.022137027427137,0.314726568933752,0.1314453713616019,0.1440936436587622,1.2906690168204078,6.264340033289227,12.34257581112624,0.1034970776713847
scenario_0_baseline_cal__run_0051,106.66666666666669,19.582727321796,0.1950000755485588,0.2288653488908259,1.0349737097389575,0.3112892391208777,0.1361471839678842,0.2190342125509668,1.425907154790705,6.392084903780283,12.36500145270334,0.0741126152444101
scenario_0_baseline_cal__run_0051,107.87878787878788,20.956545405183203,0.1458216632430624,0.2183939925150706,1.036312282661534,0.333859259930847,,0.2179385559343017,1.3394872375048967,5.940730913053975,11.837229405312584,0.1167796148791753
scenario_0_baseline_cal__run_0051,109.0909090909091,19.219881604848368,0.1604175811440086,0.2794049281885823,1.0339674964351138,0.3214060866396244,0.122184363986277,0.2052877219342869,1.2689495497044203,6.605685795321644,12.138850277794152,0.130597702462839
scenario_0_baseline_cal__run_0051,110.30303030303033,19.189536727447148,0.1398654984523765,0.2198747823225801,1.048350644493623,0.3698210721263992,0.1145808813778731,0.1998150626484443,1.4070635590267888,6.355311106758648,12.004510311899292,0.0942259223575685
scenario_0_baseline_cal__run_0051,111.51515151515152,19.15970048029245,0.1369426851827032,0.2454729841398114,0.9818934877917876,0.3819741862166466,0.1498251765335571,0.2230571968013252,1.4227235588909073,6.53992834755464,11.469683953547776,0.0995591845476488
scenario_0_baseline_cal__run_0051,112.72727272727272,19.8628579631111,0.1512746878821802,0.2784701551512163,0.9974935291162184,0.3788927112253952,0.1161578091934548,0.1934912361966073,1.346545788853406,6.6652016386147,11.510718059421624,0.1202904370077795
scenario_0_baseline_cal__run_0051,113.93939393939394,19.028009274633945,0.1763112599686344,0.2246756576764205,0.9908724380782654,0.3997725312767752,0.0932764207910911,0.2011009100058415,1.3713485901856173,6.212381340541901,11.7625265598706,0.0937664066265559
scenario_0_baseline_cal__run_0051,115.15151515151516,20.075803984360583,0.1790147378904308,0.2504513912838114,0.939778777323049,0.3502792067521779,0.1646693848168063,0.2034703588813109,1.3544125447058828,,12.21698573507902,0.0731067396607642
scenario_0_baseline_cal__run_0051,116.36363636363636,20.02172739206271,0.1695888338425228,0.2443449871145007,1.0408960682184474,0.4008361085275864,0.1209002698174946,0.2106374660509916,1.3759639384416096,6.963764579005543,11.9135220760838,0.1221314171903164
scenario_0_baseline_cal__run_0051,117.57575757575758,20.262509299188427,0.1628555934090289,0.2724677673144715,1.0834274136484183,0.342396724192993,0.1612022083676828,0.1780199034924283,1.290352444110149,6.478648641898333,11.554954526263838,0.0898659794216824
scenario_0_baseline_cal__run_0051,118.7878787878788,18.634107531262696,0.1496771821141114,0.2615770219213801,0.9768517980793724,0.363620428218715,0.1351557087740123,0.2106265361713029,1.4350194216917829,6.567602474259427,11.841184845716713,0.0829838321377411
scenario_0_baseline_cal__run_0051,120.0,19.82805945766427,0.2151568266783309,0.2825779241411179,1.0161265278300753,0.3044691840216686,0.1361255239288546,0.1857616482648221,1.3532989349006248,6.6055535263715885,12.01826544210294,0.0675679647374299
scenario_0_baseline_cal__run_0054,0.0,0.0,15.541724524677033,16.272619187936748,0.0218609180929573,0.0,0.0,0.014293243008119,0.0139065469968531,14.12022729348383,0.0,0.0
scenario_0_baseline_cal__run_0054,1.2121212121212122,0.0,16.177679368584432,15.457977765696777,0.0,0.0,0.0154060766580306,0.005910175287149,0.026096926904362,15.641607839314265,0.0,
scenario_0_baseline_cal__run_0054,2.4242424242424243,0.0,14.443451841232871,15.59500579537337,0.0213065152389545,0.0,0.010921198817898,0.0,0.0,14.50967082229502,0.0194769674642713,0.0064924894924543
scenario_0_baseline_cal__run_0054,3.6363636363636367,0.0263638434314195,14.779091318211444,15.93633047934848,0.0,0.0239680775228271,0.0,0.0038966488476163,0.0,13.91050479065334,0.0104697283462914,0.0
scenario_0_baseline_cal__run_0054,4.848484848484849,0.0429629505136844,13.986525843611169,16.326104616017975,0.0,0.0246134679836153,0.0012822716283161,0.0097550624793803,0.0,15.551084057813448,0.0354594692017762,0.0
scenario_0_baseline_cal__run_0054,6.0606060606060606,0.0189548103629303,15.242093059915517,15.82487190530144,0.0,0.0018443589630343,0.0170150700901093,0.0294406622961592,0.0384264674953494,15.6484013057513,0.0260812767701777,0.0
scenario_0_baseline_cal__run_0054,7.272727272727273,0.0660082111421911,15.584600738061855,15.462817517752312,0.0334228007025732,0.0122688937458278,0.0151309016912539,0.0335122183714897,0.0113758822751752,14.652983828207564,0.0125366059844531,0.0
scenario_0_baseline_cal__run_0054,8.484848484848484,0.0191131307387966,15.188464338910658,15.350328464186203,0.0242041084723018,0.0,0.0183160756964421,0.0,0.0,14.989598952060351,0.0109211481316772,0.0
scenario_0_baseline_cal__run_0054,9.696969696969695,0.0579633381107171,15.146178965434618,16.25728226316289,0.0153720162060949,0.020887922956837,0.0118993178214653,0.0,0.0371852044324214,15.331701484976833,0.0307154995181201,0.0
scenario_0_baseline_cal__run_0054,10.90909090909091,0.0593581215994898,15.37709169330793,15.48082942742126,0.0,0.0,0.0194525390534484,0.0,0.0016236138538974,14.650980629097704,0.0316806548480742,0.0
scenario_0_baseline_cal__run_0054,12.12121212121212,0.0756961234552515,15.5625228695818,15.879394936744257,0.0193419567926067,0.0,0.0190774664592203,0.0,0.0,14.684401593548769,0.0496332640692507,0.0154556857156804
scenario_0_baseline_cal__run_0054,13.333333333333334,0.0721431430209825,14.943383864967336,15.07912468866263,0.0089431964435757,0.0,0.0197069804489289,0.0167202460993689,0.0109452950120644,15.031286391973524,0.0263393703832425,0.0178626050460653
scenario_0_baseline_cal__run_0054,14.545454545454549,0.0956380382917257,14.722511941003024,15.431407078928853,0.0074179805596276,0.0113556017467795,0.0028831523404226,0.0109378791959097,0.0254110415453264,14.662184791131468,0.0710568182468256,0.0
scenario_0_baseline_cal__run_0054,15.757575757575758,0.1484531049742125,16.25333087541718,15.944861798035788,0.0,0.0,0.0,0.0,0.0109773036853647,14.83596965785047,0.0682760990204231,
scenario_0_baseline_cal__run_0054,16.96969696969697,0.1313380645240498,15.800595622330867,16.335242593678434,0.0,0.0348793768065222,0.0,0.0,0.0,15.028269654565497,0.0577311357223075,0.0
scenario_0_baseline_cal__run_0054,18.181818181818183,0.1586187834126035,15.148236883719502,15.16704162149516,0.0241360479144238,0.0046287820601945,0.0083358013653374,0.0,0.0078103636415933,15.369365993979455,0.0783239425612973,0.0006548415190552
scenario_0_baseline_cal__run_0054,19.393939393939394,0.1311766824195226,15.860950692219925,16.778241342063023,0.0353448350148979,0.0058972901839448,0.0320482764334503,0.0053144380447921,0.0208799359293827,14.648131849306642,0.0649773017247696,0.0215727848176387
scenario_0_baseline_cal__run_0054,20.60606060606061,0.1792571228081354,,16.08694482044813,0.0272563785039526,0.0,0.0115652540789401,0.0083566016437106,0.0056965184320914,14.175289969121796,0.1161769131774884,0.0
scenario_0_baseline_cal__run_0054,21.81818181818182,0.1913996819589695,15.064133821165887,14.753728207879927,0.0226561561265891,0.0424754526158174,0.0,0.0,0.0324195232903517,14.754070872287926,0.1405985591934386,0.0
scenario_0_baseline_cal__run_0054,23.03030303030303,0.19342628198907,15.23156375697626,15.754634653768765,0.0373526759284342,0.0022894370567001,0.0132299224287173,0.0,0.039361890905797,15.196303541583564,0.0937326328248195,0.0141492683194545
scenario_0_baseline_cal__run_0054,24.24242424242424,0.2366374843992822,15.24288349177646,15.818586468244806,0.0242252103761212,0.0,0.0154282635179495,0.0,0.0,14.666512492877914,0.1520837942409824,0.0005503232980699
scenario_0_baseline_cal__run_0054,25.454545454545457,0.3146522371677165,15.718457492092472,14.6402230226539,0.0393442459660045,0.0051677819140178,0.0,0.0,0.0197266531776371,15.35973129368396,0.1794768274749408,0.0023280946602205
scenario_0_baseline_cal__run_0054,26.666666666666668,0.3076939047348572,15.222868252241634,16.063685750085337,0.0067445808842111,0.0,0.0,0.0087401564329301,0.0012569390010466,15.088810903086928,0.2164639249736263,0.0102836577927341
scenario_0_baseline_cal__run_0054,27.87878787878788,0.3416024283653173,15.166177548837531,15.908229195839567,0.0328812359846846,0.0032279415027495,0.0,0.0,0.0,14.471749775348082,0.2327514458489347,0.0
scenario_0_baseline_cal__run_0054,29.090909090909093,0.4169442656355447,14.828352459992804,16.03192669348609,0.0174417877102759,0.0121378592910826,0.0,0.0,0.0379906302018257,15.07338770647147,0.2377560283282922,0.0174597112467716
scenario_0_baseline_cal__run_0054,30.303030303030305,0.5098679086308298,15.387011171679877,15.955863350269718,0.0193446879336998,0.0,0.0,0.0172194840673042,0.0603722092323361,14.55086375434252,0.2390900986534285,0.0396611766080831
scenario_0_baseline_cal__run_0054,31.51515151515152,0.5260358916374951,14.55770052748426,15.406452969180547,0.0148747797071092,0.02326133811835,0.0197549493583144,0.0177471139040321,0.0749814567668936,15.12911851881858,0.3275901192932859,0.0
scenario_0_baseline_cal__run_0054,32.72727272727273,0.5906401710337041,14.141473361734578,15.048370852914966,0.0594944965551494,0.0006695560292061,0.0,0.0213295846341946,0.0391095611030865,15.290802089825236,0.3756493427838553,0.0
scenario_0_baseline_cal__run_0054,33.93939393939394,0.6674504293013539,14.61718771683886,16.261603160962196,0.0306871594859321,0.0,0.0050093123384341,0.0106504365830617,0.0466830130436637,14.415666153611346,0.4171917863504957,0.0
scenario_0_baseline_cal__run_0054,35.15151515151516,0.7782705590070136,14.06641290484797,15.902179962148484,0.0584875518988903,0.0511169210799013,0.0,0.0213556805716322,0.0622843366849475,15.607723220307888,0.5121216333397369,0.0087763599951677
scenario_0_baseline_cal__run_0054,36.36363636363637,0.7491609885138126,14.808617383812592,15.291564370993903,0.0196283237010173,0.0132479313328133,0.0,0.0,0.0823434675001763,14.4393232020189,0.5248248464386519,0.0
scenario_0_baseline_cal__run_0054,37.57575757575758,0.888412106608024,14.925752166318109,15.709954609931293,0.0740999461112091,0.0256462768490643,0.0024219830857602,0.0070056046843559,0.0952379575562649,14.602107858776362,0.6796876823055541,0.0050226395584864
scenario_0_baseline_cal__run_0054,38.78787878787879,0.9874445588804978,14.78626471438977,14.98968339574027,0.0481156760782478,0.0262602650369419,0.0329304909063215,0.0376873045709102,0.0859064365353644,14.56268503377827,0.7400009783213065,0.0143934876563101
scenario_0_baseline_cal__run_0054,40.0,1.2148240206372234,13.59225005626314,14.157636689332898,0.0591799449163161,0.0462523609988035,0.0049342106043879,0.0242686738562307,0.0878672680274455,14.332315451547911,0.8311463525222187,
scenario_0_baseline_cal__run_0054,41.21212121212121,1.2415837823085996,13.09831432635524,14.05763263000651,0.0355085864605386,0.0114806036021775,0.0198021010731763,0.0,0.1329724923498798,15.225639912892952,0.7922415808624217,0.038995508751011
scenario_0_baseline_cal__run_0054,42.42424242424242,1.3935080696844488,14.433069849046726,13.701415858009067,0.0875950851900146,0.0099692290760541,0.0037387357573553,0.0294081926709756,0.1363702884549039,14.05091222377113,1.0003465414542252,0.0
scenario_0_baseline_cal__run_0054,43.63636363636364,1.6724466353577834,14.675631327112455,13.98305388094068,0.1284987563912978,0.0308389477766023,0.0122767737504804,0.0,0.1783122945102417,14.467715178923685,1.1938577332236089,0.0424363931517506
scenario_0_baseline_cal__run_0054,44.84848484848485,2.0067653850044382,13.160159260409124,13.479293981244776,,0.0378996228554775,0.0169678918866539,0.0252975763093917,0.1793408190019958,14.306681396473948,1.2410658603141511,0.0451556873860307
scenario_0_baseline_cal__run_0054,46.06060606060606,2.084848699102887,13.249053745812391,14.218748153035069,0.1407673743049665,0.0822125903171327,0.0264021420688764,0.032904726862295,0.1774240520272569,14.0922904938559,1.4869145432209103,0.0262815202507295
scenario_0_baseline_cal__run_0054,47.27272727272727,2.3422615548751504,12.309930942735292,12.984854853685013,0.1011072575910654,0.0615063051863471,0.0607330105053684,0.0211935745591915,0.2425307772310183,13.5624602122163,1.6410135899057925,0.003219145681123
scenario_0_baseline_cal__run_0054,48.48484848484848,2.6537820162073738,12.608927626359865,13.430174075226116,0.2027465533940456,0.0410980333293773,0.0288647231583429,0.0028148544636907,0.2554178269485996,13.47758293928828,1.851794229804086,0.0251248897640477
scenario_0_baseline_cal__run_0054,49.696969696969695,3.065504537532548,12.940580925086552,12.74276317946228,0.1852951600151326,0.095321768391261,0.0202400568452312,0.0507300246901006,0.2465394411264029,14.403276373708696,2.098162302865737,0.0149006478814994
scenario_0_baseline_cal__run_0054,50.909090909090914,3.681081671230472,12.893706234877731,12.007686352054108,0.2416629262619857,0.034091074272345,0.0185646367059106,0.0291489354970936,0.2875779642161579,13.561381958191838,2.457531093765456,0.0237290887874168
scenario_0_baseline_cal__run_0054,52.121212121212125,4.240528361833148,12.823796529437988,11.390042509545191,0.229030089932909,0.0560378124395413,0.0227623767425564,0.0365224465403455,0.3580420082506281,13.20345899983677,2.703024031648809,0.0191476684455779
scenario_0_baseline_cal__run_0054,53.333333333333336,4.51460297963448,11.342653616005212,10.816510413034626,0.2158995898119237,0.1287293447190549,0.0323981783771496,0.0644784316418488,0.4345882494336072,12.36672052670777,3.0418746782231354,0.0389479420161598
scenario_0_baseline_cal__run_0054,54.54545454545455,5.105620906188783,10.801059365979793,11.2386748968362,0.3021640660665301,0.1011884185416574,,0.0563577955386823,,12.651607268346911,3.400669708046276,0.0176611862304103
scenario_0_baseline_cal__run_0054,55.75757575757576,5.504389158621651,10.07958511893086,10.191755982270074,0.3122913036071203,0.0796509086196293,0.077720770553587,0.044299470360179,0.4403435639347819,11.248769682767264,3.81893508339108,0.0363807782989797
scenario_0_baseline_cal__run_0054,56.96969696969697,5.981710182355675,9.990772427096562,9.528577511269392,0.3693115322203499,0.1073346120635778,0.0628163153795863,0.0960548797606414,0.592808597682971,11.882901928747348,4.3182853538097765,0.0564612052541712
scenario_0_baseline_cal__run_0054,58.18181818181819,7.001216739428663,9.071734487549923,8.410875484843748,0.4000322022060095,0.1166438446029211,0.0385678170510501,0.1015269029632799,0.6481652606114384,11.886351653527392,5.071887833151521,0.0126962983184697
scenario_0_baseline_cal__run_0054,59.3939393939394,7.911412779005759,8.531623906582857,7.31305817127447,0.4581290018615804,0.112244234766884,0.0662188878540653,0.0887609753906478,0.643160153467304,11.056341057623936,5.058058152975311,0.0096426456753512
scenario_0_baseline_cal__run_0054,60.60606060606061,8.68079015701904,8.11593044317137,6.461368440757939,0.487131636729514,0.1919076757142539,0.0415484616765016,0.0905178664443017,0.7657099836689957,10.810400976487946,5.867707749734435,0.0578018253836616
scenario_0_baseline_cal__run_0054,61.81818181818182,9.1217601608523,6.869001264671828,5.849002207098767,0.525420641945034,0.176873929503768,,0.1151423893392419,0.8813096417484901,9.944474082003383,6.434750408280391,0.0590963521661228
scenario_0_baseline_cal__run_0054,63.03030303030303,10.544991095995847,5.82851609483372,4.674321125401504,0.616297176972709,0.2087939988876417,,0.1141345644682501,0.9271034228180116,9.52553584952803,7.196519064793996,0.058731547875708
scenario_0_baseline_cal__run_0054,64.24242424242425,11.603191167721128,5.215227575444096,3.4056248933449687,0.6675684416050948,0.1697660468327876,,0.1576201558190045,0.9618062781511404,9.519383526710362,8.418094255102611,0.0635410970975605
scenario_0_baseline_cal__run_0054,65.45454545454545,12.887690884509482,4.054760622691309,2.6046564186532986,0.7243083777245701,0.2374294432378207,0.1473065045683925,0.1351894909444042,1.1463388927811544,8.805307027760879,8.305999711754863,0.0955497592850592
scenario_0_baseline_cal__run_0054,66.66666666666667,14.828724732270516,2.911654095175668,1.8408633071527345,0.8263279884453784,0.3043793651271008,0.1069662964546843,0.1109223560555187,1.1189072690280537,8.043947761514454,8.86994556005904,0.0790311412207462
scenario_0_baseline_cal__run_0054,67.87878787878788,,2.075125275856684,1.2187899575874122,0.8381375183470318,0.2949354022973233,0.1087497523389421,0.1953043985099302,,7.79228002862888,10.300037604309487,0.0757765361723022
scenario_0_baseline_cal__run_0054,69.0909090909091,15.156109787269424,1.1466168275880706,0.7954950703864728,0.9318320068105932,0.3123999514700928,0.1078344647011328,0.1809834948563143,1.265461164290891,8.194118574420381,10.361711184771664,0.0746900603776526
scenario_0_baseline_cal__run_0054,70.30303030303031,15.9663604576866,0.6985221827903273,0.5562410704098003,0.9497178931122278,0.2671818429346909,0.1329503516729535,0.1665250756014413,1.2250802230257538,7.472687142125497,10.031639324241564,0.0935802207783803
scenario_0_baseline_cal__run_0054,71.51515151515152,16.68224194812188,0.3310192616791997,0.3633366637140136,0.9709957894758484,0.2540612944887911,0.1183021143444465,0.1477945366712192,1.2800772289763127,7.038280538590541,10.682320037444104,0.0774072983500391
scenario_0_baseline_cal__run_0054,72.72727272727273,15.784673706215615,0.2057710113218992,0.2972325125021091,0.8738075709128724,0.2892546838681537,0.1097881881887521,0.2034485075775917,1.1028051870143727,7.452107582391221,10.675205582488369,0.10299011894958
scenario_0_baseline_cal__run_0054,73.93939393939394,16.123492578209863,0.1799199372430347,0.2507767422615723,0.9074253783479996,0.2650655000488513,0.1699534575588398,0.1572512494993929,1.223364499266702,7.619157127424913,10.75179723145706,0.1121516824767162
scenario_0_baseline_cal__run_0054,75.15151515151516,15.979283096446078,0.1902917484548017,0.1677932946610953,0.9501172413697708,0.3156966616594044,0.1263457768956762,0.2185373903649061,1.3709551664382935,7.1531680870872725,11.002334332614868,0.0713544373859689
scenario_0_baseline_cal__run_0054,76.36363636363636,15.450092918211269,0.1214652108609233,0.2324828940050549,0.8981411917870704,0.3122902015405927,0.0768125108045443,0.1815738706846416,1.2507300530886722,7.521598507011621,10.944443871934231,0.0970757843047905
scenario_0_baseline_cal__run_0054,77.57575757575758,16.73736294539876,0.1254414943901736,0.1836745402933413,0.9180578614629016,0.2755700712277821,0.0896636733836028,0.1918395367843936,1.3123629835905295,7.200058544523353,11.149431088365816,0.0841388591097107
scenario_0_baseline_cal__run_0054,78.7878787878788,16.66727280481182,0.1739862722552127,0.2272774691120814,0.9582383799192674,0.3109283113225216,0.1245483064224468,0.1790097837675162,1.2273703706508483,7.506584348479389,10.631189384538446,0.0907291890319744
scenario_0_baseline_cal__run_0054,80.0,16.11642177766509,0.1453913583155904,0.2067679505178037,0.9788764337276424,0.31825544551815,0.0974858748543215,0.1992404161435942,1.3022543160758069,7.2944893432272755,11.06035703664614,0.1130307033872571
scenario_0_baseline_cal__run_0054,81.21212121212122,15.822126262952407,0.197727063994289,0.2155544357110062,1.0238257112081404,0.2927176978695842,0.087411302349023,0.1826093719223806,1.3593044137901986,7.322399814664455,10.828295828755872,0.1293206690519239
scenario_0_baseline_cal__run_0054,82.42424242424242,16.13049174242486,0.1730992565057046,0.196382684021879,0.9261150021457089,0.3011717852656327,0.1068045027787041,0.193862505337451,1.1803611111872798,7.292959400484425,10.858961430509758,0.0888223318783552
scenario_0_baseline_cal__run_0054,83.63636363636364,15.186561795403046,0.1459926291853592,0.1939937959543262,0.9065535647338088,0.2824951806693931,0.1380018325037187,0.1474239180833908,1.2255877550513852,7.410723772576391,10.922301669673535,0.1054506471401937
scenario_0_baseline_cal__run_0054,84.84848484848484,15.38769628064999,0.1749130354656028,0.2067716821523168,0.8678531171238644,0.3112650880290791,0.1080913365902617,,1.2224107836597002,7.009880518000285,10.782191935158156,0.1093678609951941
scenario_0_baseline_cal__run_0054,86.06060606060606,15.255553056219394,0.1966548948008963,0.1968840134104761,0.9674490413290632,0.2683262045669583,0.0990898557739467,0.2072284716713866,1.2657309692519478,7.464098733146576,10.653833705836362,0.0818409905655827
scenario_0_baseline_cal__run_0054,87.27272727272728,17.243144160096158,0.1291603932017634,0.2053828917726738,0.9288568522958636,0.3047639669797801,0.123482523965374,0.2064373165628762,1.259745058738888,7.309529692971702,11.237133453200167,0.0984784984349466
scenario_0_baseline_cal__run_0054,88.48484848484848,,0.1795270846961402,0.2061243080645987,0.9891614455218803,0.3022041139316804,0.122785716972865,0.1595210574839173,1.2672814479068295,6.897433233062349,10.647981202254382,0.0996087042914842
scenario_0_baseline_cal__run_0054,89.6969696969697,15.550845166710532,0.1703555836271056,0.2412523045364728,0.9486123555302336,0.3119458458334262,0.1092456809531371,0.2061915479824876,1.2544495149274455,,10.40856478156663,0.118356332674211
scenario_0_baseline_cal__run_0054,90.9090909090909,16.59838191166064,0.1544453772907256,0.2347450699377146,0.9288084848897764,0.2570971147775679,0.1438409680871943,0.1951878802169653,1.2035274682709818,7.16256189360092,11.256570379101037,0.1202839859894837
scenario_0_baseline_cal__run_0054,92.12121212121212,16.498220267280185,0.1779807993315912,0.2291652393114255,,0.3340000781572848,0.1207473743339124,0.1615021892212849,1.1849384373006635,7.20692684214205,11.015039162685673,0.0688327670511949
scenario_0_baseline_cal__run_0054,93.33333333333334,15.252467699132984,0.1963383239306507,0.2342127871047248,0.9467883866412028,0.2806151550363197,0.1164802840763656,0.1622832784336051,1.1530663480214844,7.060639539399718,11.042388521302724,0.1275542513563403
scenario_0_baseline_cal__run_0054,94.54545454545456,16.458799987266342,0.175865308583435,0.2306258878023642,0.9121492215715616,0.2941812192131437,0.1337124179214909,0.179088560763079,1.257977930348763,7.583134609303245,10.847114528695938,0.049359262267828
scenario_0_baseline_cal__run_0054,95.75757575757576,15.571739360180636,0.215247048887289,0.2354596965540774,0.8499034555615734,0.2799394913469591,0.1523338125282212,0.2155588640796876,1.1910649370841402,7.050833986671157,11.051572506838571,0.098416122879453
scenario_0_baseline_cal__run_0054,96.96969696969695,15.618300298776566,0.2182569153478465,0.2254542616976608,0.919102882224531,0.2889753410929058,0.0904989564935007,0.20693065901952,1.2941488802927428,7.144534700059517,10.690080940950748,0.0822399961716805
scenario_0_baseline_cal__run_0054,98.1818181818182,14.598349679321393,0.212066250478966,0.2001044381779236,0.8811409431888992,0.3210951768846489,0.1325178630944762,0.1803313701817041,1.3482242168385885,7.158853539157166,10.986845142151068,0.1000070150773727
scenario_0_baseline_cal__run_0054,99.3939393939394,16.7986073980852,0.1798627934536215,0.2329417971421621,0.9654668049341272,0.370460222119045,0.1254157819367902,0.1149977635632444,1.31322911844366,7.191407819254251,11.136938598421924,0.1039526106425382
scenario_0_baseline_cal__run_0054,100.6060606060606,16.246866916135193,0.1806918557170193,0.2370745214907647,1.005618122851879,0.3467426445063796,0.1148540017481624,0.1572002710688218,1.3050572283162838,7.551424369016963,10.62443865849817,0.0490437577205611
scenario_0_baseline_cal__run_0054,101.81818181818184,16.54423985364046,0.1921838596159898,0.2472815658016374,0.9906787174912896,0.3181427892472952,0.1098202227994677,0.1558296650147458,1.2943958214170417,7.094782208712282,11.249832698769048,0.100813839416765
scenario_0_baseline_cal__run_0054,103.03030303030305,15.659763927315211,0.2233384523776239,0.2610785425972807,0.9449022201864832,0.3456801134837245,0.1056114810339879,0.1934694690090545,1.303913025222944,7.1311940878249,11.12443995006884,0.0946972823967001
scenario_0_baseline_cal__run_0054,104.24242424242424,16.556503601347238,0.1984446862742903,0.2459784907034654,0.8909793210900429,0.3305730149549225,0.1265585805111088,0.2026518252213069,1.2810155964362144,7.534747780192633,10.882115880484433,0.1062997212754073
scenario_0_baseline_cal__run_0054,105.45454545454544,16.50966105227115,0.1998145670580973,0.2508960875454531,0.994619028719419,0.3413273068099161,0.1318295641497755,0.2276371376984274,1.1753833997345018,6.865377369011696,10.325391128278788,0.074166993691332
scenario_0_baseline_cal__run_0054,106.66666666666669,16.75691481948404,0.2378264990411812,0.2805488477287667,0.8399976131971978,0.3900892859185867,0.1305170960259486,0.1537622671244964,1.1766164508142185,7.282692933451024,10.056959314489106,0.0987952617613198
scenario_0_baseline_cal__run_0054,107.87878787878788,16.29072515028911,0.174376372829774,0.2778467323777384,0.9677040440734996,0.3229005777538035,0.1126807515127388,0.178555658689273,1.1524371381552123,7.083158457290123,10.953916757534415,0.0744023279003522
scenario_0_baseline_cal__run_0054,109.0909090909091,15.687379689955351,0.2101224695013619,0.2628048676667997,0.9451332568923688,0.3241348872232071,0.1415628832138725,0.180455160433454,1.3368230638518177,7.652725070551803,10.345401656869946,0.095743437769056
scenario_0_baseline_cal__run_0054,110.30303030303033,,0.194735253043964,0.2804449380117273,0.9507011292786552,0.2863899256778253,0.0770791016128495,0.1555515126181978,,7.501999726071731,10.43702467974338,0.1027824111123855
scenario_0_baseline_cal__run_0054,111.51515151515152,15.581485743125608,,0.2623030754184688,0.9346717339849026,0.2752530375030721,0.1243803598193137,0.2174590208368769,1.3908945727267088,7.204669611902562,11.009242762295049,0.0493807637212106
scenario_0_baseline_cal__run_0054,112.72727272727272,15.912484530871202,0.2259325566520442,0.2790017943443752,0.8426888532924711,0.342383504312958,0.1092068736653585,0.1969915530696376,1.135409929543537,7.057565331849126,10.94000322385298,0.1047451713896249
scenario_0_baseline_cal__run_0054,113.93939393939394,16.407993834772356,0.2399869431341165,0.2710603172819949,0.9400370782942022,0.2659336371713081,0.0719972743384738,0.2112649429911264,1.2873879670945425,7.724791129121405,10.87549929659291,0.0985279347508622
scenario_0_baseline_cal__run_0054,115.15151515151516,16.580764897680197,0.2383660133123177,0.2655303819939331,0.8905674156320597,0.2889489963184107,0.1131713711636057,0.1632853712479848,1.268536906184436,7.343872758653297,10.714917898031068,0.1483119151300153
scenario_0_baseline_cal__run_0054,116.36363636363636,16.202473639924246,0.2235305309710939,0.2376108741483681,1.0195497553007205,0.2935322369241943,0.0701311918820396,0.1941229140353823,1.2565048905125191,,11.385099580842615,0.0964325485041491
scenario_0_baseline_cal__run_0054,117.57575757575758,16.701856640560127,0.2190489628778028,0.2481682863569299,0.9100904848619276,0.3498352272551356,0.1522834085698926,0.2053054064039275,1.2902535475975432,7.326269160890101,10.615678876978471,0.0765452079808122
scenario_0_baseline_cal__run_0054,118.7878787878788,17.09421633246204,0.2413453201487851,0.2903106580909834,0.9219615830499136,0.3218353699315603,0.1027845704040707,0.1784356651554446,1.2691006364370174,7.173401439824094,10.984654503918437,0.1033454534639585
scenario_0_baseline_cal__run_0054,120.0,16.81411436201699,0.2088246265223143,0.2785657357397219,0.9456999954735316,0.3324827827140104,0.1017167836774412,0.1745712514467776,1.2525627787509015,7.334102859927243,10.907813271556488,0.1249921989031032
scenario_10_product_inhibition_cal__run_0014,0.0,0.0692274941827369,15.798831724001335,13.9872851133678,0.0357915175648653,0.025923074077646,0.0,0.0,0.0,15.87623007193312,0.0284470035642859,0.0
scenario_10_product_inhibition_cal__run_0014,1.2121212121212122,0.0665840709393959,16.156073726002447,14.168856585217046,0.0,0.0,0.0,0.0,0.0157907027235393,14.32745583881688,0.0,0.034942966182609
scenario_10_product_inhibition_cal__run_0014,2.4242424242424243,0.0868359883827619,15.132052834207109,14.23766552210763,0.0,0.0,0.0088474229745665,0.0,0.0124512416599846,14.78345120150118,0.0,0.0
scenario_10_product_inhibition_cal__run_0014,3.6363636363636367,0.0992708995846304,16.284033039848254,13.70549076779095,0.0,0.0269073359655701,0.0,0.0163962035560938,0.0,16.018232651752232,0.0110711666352651,0.0
scenario_10_product_inhibition_cal__run_0014,4.848484848484849,0.0979750081631567,16.539242271960035,14.381159091967229,0.0264938906224351,0.0,0.004230776146648,0.0306410908901089,0.0,14.89544518141012,0.0007589830832402,0.0
scenario_10_product_inhibition_cal__run_0014,6.0606060606060606,0.121131320664383,15.66619180322684,14.077504887947397,0.0017614391208752,0.0022145021354754,0.0,0.0089881477406109,0.0,14.080431348195791,0.0091989061685796,0.0162471205329218
scenario_10_product_inhibition_cal__run_0014,7.272727272727273,0.0906049203269395,16.391128104113708,13.73813277228094,0.0254486625354326,0.0,0.0,0.0019043703966562,0.0286837572813754,14.777750226048417,0.0,0.0105612541866127
scenario_10_product_inhibition_cal__run_0014,8.484848484848484,0.0986930843093289,16.072373849140174,13.561734172205297,0.0181668501285102,0.0073564115479669,0.0028467527013651,0.0,0.0,15.21732896538759,0.017623332077365,0.0017015814021932
scenario_10_product_inhibition_cal__run_0014,9.696969696969695,0.0652346557542605,16.233126382733946,13.4680020674992,0.0242317576230687,0.0351819947097969,0.0,0.0,,15.385317950871546,0.0466731756509753,0.019360205508806
scenario_10_product_inhibition_cal__run_0014,10.90909090909091,0.1370193881507417,15.752632290453509,13.81827300370082,0.0440753357298158,0.0205317057360056,0.0099567304245912,0.0,0.0,14.342352400155924,0.050599315092266,0.0131918704043183
scenario_10_product_inhibition_cal__run_0014,12.12121212121212,0.1087176067983125,16.186020343654498,13.298482889069463,0.0263948948980747,0.0047101620354741,0.0263379085642322,0.0,0.0,14.602953754461216,0.044359694915942,0.0125759691862887
scenario_10_product_inhibition_cal__run_0014,13.333333333333334,0.1367626516676955,16.825804997552066,13.658863303838393,0.018336369824349,0.0362797985323142,0.0389078942002194,0.0249802432581229,0.0,15.019280798133718,0.0141145089582324,0.0
scenario_10_product_inhibition_cal__run_0014,14.545454545454549,0.1686852129782622,15.506444014001506,14.28899991613608,0.0723737829215091,0.0068275750309053,0.0043951843337078,0.0,0.0,15.17948084043155,0.0203426207013499,0.0
scenario_10_product_inhibition_cal__run_0014,15.757575757575758,0.1729196745673729,17.25312850602606,13.666713696080649,0.0593382651875958,0.0220877684048892,0.0,0.0,0.0,15.25330172101895,0.0529050213299417,0.0023616436380846
scenario_10_product_inhibition_cal__run_0014,16.96969696969697,0.1760022267674195,16.97270112533754,13.719747246326838,0.057713449488166,0.0,0.0152184577104554,0.0364785710181402,0.0391073974507458,14.220042376444882,0.0329972198957493,0.0032193475358554
scenario_10_product_inhibition_cal__run_0014,18.181818181818183,0.2181557477848385,15.827747646291096,13.041160597665275,0.0639651882993352,0.0375695435372665,0.0162765897067768,0.0041199347038102,0.036458431072919,15.10393069402051,0.0542627060516833,0.0
scenario_10_product_inhibition_cal__run_0014,19.393939393939394,0.184243621778622,15.413336340391288,14.170447415744242,0.0730703091948635,0.0287751233246775,0.0,0.0,0.0224146051080546,15.580212346114736,0.0414399789135001,0.0177095729729315
scenario_10_product_inhibition_cal__run_0014,20.60606060606061,0.2306106105927765,16.14122073194367,13.515822181868971,0.0481238860027466,0.0227648646548904,0.0,0.001066056202374,0.0,14.941859515150815,0.0489750418637495,0.0087517945736048
scenario_10_product_inhibition_cal__run_0014,21.81818181818182,0.2068681035753542,15.754802217614133,13.43610756719688,0.1272827893545259,0.0,0.0058549602875898,0.0,0.0197513546703276,15.352600520470933,0.067618173573912,0.0050258393579671
scenario_10_product_inhibition_cal__run_0014,23.03030303030303,0.2318051893556136,15.934032604425491,13.448847651548544,0.0954734780907046,0.0,0.0292370593803707,0.0,0.0186475161019255,14.134407138985749,0.1315323886577906,0.0044157537247717
scenario_10_product_inhibition_cal__run_0014,24.24242424242424,0.3310978937564833,16.36478793736898,13.18084037842567,0.0790777624045385,0.0415440687812662,0.0,0.0,0.013624470818893,15.227389486754015,0.1067686542893246,0.0
scenario_10_product_inhibition_cal__run_0014,25.454545454545457,0.2931306089373804,15.9363663767847,12.997122438686713,0.1140054020603121,0.0141498979057927,0.0039798798334828,0.0122092031588503,0.0071092243102695,15.046720719443268,0.1742271154641992,0.0338199573385472
scenario_10_product_inhibition_cal__run_0014,26.666666666666668,0.2966136783185,17.056945452348675,13.156179894458022,0.1186828603614011,0.0552756998312553,0.0,0.0,0.0035356555032957,14.88366876033454,0.124012924025643,0.004736089664266
scenario_10_product_inhibition_cal__run_0014,27.87878787878788,0.335034492926914,16.035123961530378,13.522221406315367,0.1617993409345936,0.0019656008715954,0.0,0.0,0.0123691431501208,14.917256621596696,0.1992655685976773,0.013089803252691
scenario_10_product_inhibition_cal__run_0014,29.090909090909093,0.3134019418767254,16.263843283084658,13.268061443835338,0.1617672038993746,0.0081067698377036,0.0,0.0,0.0,15.800472083639342,0.1729166278824814,0.0108613923810839
scenario_10_product_inhibition_cal__run_0014,30.303030303030305,0.349460088993476,15.135701945244088,13.97502999511083,0.1487445686263836,0.0,0.0028918844378025,0.0,0.0053653881867555,14.65214771214082,0.1838610646050106,0.0097788283744895
scenario_10_product_inhibition_cal__run_0014,31.51515151515152,0.3831573182758525,15.425631967733556,13.65867600358714,0.1762796255422702,0.06776889575392,0.0,0.0,0.0,15.32024676016429,0.2127244630701295,0.0
scenario_10_product_inhibition_cal__run_0014,32.72727272727273,0.4965570676165323,14.986738849545189,13.53658839453898,0.219301705945883,0.0780988445272964,0.0465414569783508,0.0220210013829383,0.0,14.948233911056755,0.2332295662567527,0.0
scenario_10_product_inhibition_cal__run_0014,33.93939393939394,0.4760024067777537,16.30235129780324,13.233035546860537,0.2178253102802333,0.0325534570040505,0.0190390903161672,0.038832559449424,0.0623484923377373,15.253282920210667,0.3366672733865159,0.0
scenario_10_product_inhibition_cal__run_0014,35.15151515151516,0.5951382013966636,15.690912638299476,13.142004540231046,0.2439171194220602,0.0382881733892788,0.0014638329550586,0.004455108342584,,14.327876787152915,0.3292907010292345,0.0091425017325467
scenario_10_product_inhibition_cal__run_0014,36.36363636363637,0.5448651968438847,15.628617640038296,12.956913886295103,0.2700439059988455,0.0327559245175041,0.0039897361737773,0.0001991867017734,0.0189641248903786,14.882868780999877,0.3432055382251891,0.0
scenario_10_product_inhibition_cal__run_0014,37.57575757575758,0.6263694855607319,14.688974367885692,13.374377727520129,0.3388655381142526,0.0812145289223748,0.0256056439651023,0.0,0.0379920662612034,14.514797171764432,0.4468305566956704,0.0
scenario_10_product_inhibition_cal__run_0014,38.78787878787879,0.6860142050575846,15.896515507737762,13.178039612700452,0.3055052231880575,0.0596751298841825,0.033054318772289,0.0185199433217232,0.0669283463934942,14.910471544501286,0.4256975354223495,0.0
scenario_10_product_inhibition_cal__run_0014,40.0,0.7133899108155713,15.15036288355713,13.20910465340783,0.3582583790228611,0.078301511407097,0.0,0.0405639298867827,0.078027639773507,15.475919951013454,0.4560499433400107,0.0092501110117105
scenario_10_product_inhibition_cal__run_0014,41.21212121212121,0.7836468046568908,15.338653687966929,13.609981838026112,0.3755597718406807,0.0600365042142557,0.0,0.0187313381243194,0.0577892816714083,14.355075198726892,0.535057251861995,0.0
scenario_10_product_inhibition_cal__run_0014,42.42424242424242,0.8769238883381821,14.493885124246294,12.88992958790726,0.476615069360202,0.0823147598949207,0.0112380766986853,0.003224785690723,0.0427468223983266,15.12102935064346,0.5644398472343503,0.0
scenario_10_product_inhibition_cal__run_0014,43.63636363636364,0.9381871092379516,15.871993048066706,13.002932032875211,0.4592989952522757,0.123545590231776,0.0228905527836094,0.0,0.0336157176857141,13.508389592753092,0.6654806669962446,0.0
scenario_10_product_inhibition_cal__run_0014,44.84848484848485,0.9619500709927002,15.161423486896783,12.775428495767006,0.5328446341111022,0.087907080395108,0.0377088829051398,0.0011712738704334,0.0717570079775815,14.630503669210428,0.7486439360134494,0.0060375379820146
scenario_10_product_inhibition_cal__run_0014,46.06060606060606,1.186720542624365,15.45436208019375,12.926989829624844,0.6051065472489784,0.0775486887414376,0.000368031470651,0.0242298920327306,0.0746609566298658,14.242021009978783,0.72600848978163,0.0
scenario_10_product_inhibition_cal__run_0014,47.27272727272727,1.2009107180628906,15.293241613804597,13.205431184460323,0.5842431863885803,0.1058718621033037,0.0086692915629045,0.0025151264807398,0.0885134494269158,14.385798266491465,0.8507297843261465,
scenario_10_product_inhibition_cal__run_0014,48.48484848484848,1.22984136311463,15.22206935503984,12.9346090368713,0.6881856243981775,0.0935169342586837,0.0,0.0439751189530458,0.1229156379125032,14.37264605024483,0.9682098426710344,0.0
scenario_10_product_inhibition_cal__run_0014,49.696969696969695,1.3237969245191183,15.06529881150752,12.789209269214332,0.7137616706809635,0.1548134817295655,0.0212290679757783,0.0310764026109594,0.1218374803271536,13.870517707857273,0.9577095092865676,0.0254076176897986
scenario_10_product_inhibition_cal__run_0014,50.909090909090914,1.43741726333088,13.79146109748731,12.973717287377236,0.7415016099162862,0.129376050479831,0.031585482573885,0.0028766045236362,0.1017000259740054,14.270471718011777,1.040636430710591,0.0253003161682954
scenario_10_product_inhibition_cal__run_0014,52.121212121212125,1.7132009577478378,14.84709335094386,12.446243980322798,0.887602354025598,0.1181764725696641,0.0106473942169817,0.0028479777673243,0.1372873007714573,14.494124624634573,1.154822151814736,0.0
scenario_10_product_inhibition_cal__run_0014,53.333333333333336,1.7348058758614904,14.65413875069397,11.922573500436242,0.841359741440213,0.1668027504773199,0.0468262623376526,0.0136242583823354,0.1111083569594855,13.791555443291458,1.1817816037817412,0.0279335014254397
scenario_10_product_inhibition_cal__run_0014,54.54545454545455,1.867448562169421,13.37585408068321,12.818933804518236,0.8876978746805229,0.1596180430668549,0.0076080892550292,0.0376101060475055,0.1303585523595302,14.442430252379038,1.3262323787061752,0.0316766178000084
scenario_10_product_inhibition_cal__run_0014,55.75757575757576,1.843874812270302,13.88469285383414,12.448565548259882,0.9341156513022578,0.1479594978453991,0.0256039471137256,0.0078851329987947,0.1213754586271763,14.090092909876748,1.4369022361059929,0.0
scenario_10_product_inhibition_cal__run_0014,56.96969696969697,2.136147726647177,13.671581370085145,12.135818920987742,1.054743290493317,0.1593620519043068,0.0588724035949588,0.0253161053528186,0.1372115829690398,13.269347854337363,1.5067783081502486,0.0165254205362734
scenario_10_product_inhibition_cal__run_0014,58.18181818181819,2.2258821579219066,13.699050303676406,12.09035010745733,1.107704211725859,0.1983672773580747,0.0722240430175466,0.0069032815354815,,13.496139963870368,1.7338481307580158,0.0256839886445176
scenario_10_product_inhibition_cal__run_0014,59.3939393939394,2.447475987443441,12.778825585235502,12.108357080940523,1.1380085188328233,0.2257556244559396,0.0914966465847645,0.0,0.1664708104519795,13.80982096300282,1.75912073462721,0.0287216645548335
scenario_10_product_inhibition_cal__run_0014,60.60606060606061,2.4278141451235857,13.22553849860219,11.333448424618974,1.1735633793742113,0.202779541486179,0.0872647299292713,,0.2202470379801825,13.513959109635737,2.0761178587265423,0.0368945155315494
scenario_10_product_inhibition_cal__run_0014,61.81818181818182,2.7013885309429804,13.17788236326382,12.870005236695896,1.2076077488191468,0.2721430139982998,0.0766011340617446,,0.2511301061198572,13.395603690416426,2.0677221221309323,0.0
scenario_10_product_inhibition_cal__run_0014,63.03030303030303,2.8988952931418983,12.2896026481216,11.352071143142611,1.2364467916356243,0.219675498414759,0.0749151660836642,0.0195475056055621,0.169030847356685,,2.166483747528412,0.0175423059516972
scenario_10_product_inhibition_cal__run_0014,64.24242424242425,2.9037875245135765,11.73162363349874,11.405752717762828,1.3010439747760163,0.2128800257628443,0.0868272751403777,0.0723041762408902,0.1896730935987037,12.981113434664906,2.3777375868696384,0.0611198443877088
scenario_10_product_inhibition_cal__run_0014,65.45454545454545,3.10351954560388,11.198531790852927,11.36745554263537,1.485038931261216,0.224973860631224,0.1064449983733658,0.0777018267395669,0.2292840066968627,12.79522456156196,2.4041080832870265,0.0373650140602016
scenario_10_product_inhibition_cal__run_0014,66.66666666666667,3.503894141826009,11.4577673250436,11.21065913792408,1.39614099959501,0.2646455183610187,0.1324140706212793,0.0157234410429644,0.2449430535432488,13.38638686503438,2.558720303279055,0.0
scenario_10_product_inhibition_cal__run_0014,67.87878787878788,3.511011304682093,10.87789023597171,11.288328348293636,1.4960959845939836,0.2854455799799339,0.129975736937592,0.0363365913694938,0.2215252531598107,13.17349481291806,2.8602501860986664,0.0165636623385318
scenario_10_product_inhibition_cal__run_0014,69.0909090909091,3.6538434429822746,11.314663802288688,10.836841513960952,1.6499318915203198,0.2814845182075831,0.1823018035409547,0.0626620314754675,0.2390172776826768,12.025692698566257,3.101337242868603,0.0109504284881787
scenario_10_product_inhibition_cal__run_0014,70.30303030303031,4.048004561910188,10.830596897437408,10.632651018256128,1.6410898894578791,0.2760477809479739,0.1346496106797674,0.0379068623823682,0.2367807859631316,12.895449529404134,2.9973224927608,0.0248162654276002
scenario_10_product_inhibition_cal__run_0014,71.51515151515152,4.100859078883955,10.409761871643251,10.276617005144894,1.7236137782097287,0.2955568366646646,0.1748188433856378,0.0199541077538054,0.2990676528687429,13.026494700122544,3.175560246642279,0.0254055710323563
scenario_10_product_inhibition_cal__run_0014,72.72727272727273,4.135700696976863,9.919868225699,10.068216860857264,1.67409285467933,0.4037877955790712,0.2093982539016362,0.0541528446189355,0.2700024022224621,12.545939329199737,3.395020129559668,0.0240672330325974
scenario_10_product_inhibition_cal__run_0014,73.93939393939394,4.263460249170642,9.26999474620818,10.960754212325886,1.941228526281198,,0.2132496909620444,0.0509539497247413,0.2810605778162621,12.165136242190847,3.480476801735661,0.0542740163305898
scenario_10_product_inhibition_cal__run_0014,75.15151515151516,4.81779437673374,9.0702641611121,9.675947405128458,1.9023010620085856,0.378662110354287,0.2107889980201194,0.0486607549403402,0.2583408891188291,12.099259922930989,3.426625219781357,0.0248741649446916
scenario_10_product_inhibition_cal__run_0014,76.36363636363636,4.814678985490139,8.498445145192466,9.83608026409087,1.9659092422823927,0.4122674854020833,0.2112495087803455,0.0703915686224027,0.2984859624916587,12.120112217427208,4.120945958505155,0.0552229690972146
scenario_10_product_inhibition_cal__run_0014,77.57575757575758,5.098696374476136,8.190944828218788,9.835516156152524,2.0332162977570607,0.3774050440045033,0.2833236825350402,0.055080147071248,0.3072277868803683,11.808198850361476,4.339783274878261,0.0556458133078882
scenario_10_product_inhibition_cal__run_0014,78.7878787878788,5.276364925801824,8.400068405640472,9.650145523127248,2.047676578928965,0.4120897232909321,0.2999140690373619,0.0448565927405211,0.3721541646152886,11.910165734996324,4.17989969924007,0.0242675817102601
scenario_10_product_inhibition_cal__run_0014,80.0,5.469052865893247,7.753376403643439,9.212345096857558,2.014588213299573,0.4234206205026193,0.3038562700197068,0.1156267571571485,0.3983379097858746,11.827829293794824,4.421391486806828,0.0
scenario_10_product_inhibition_cal__run_0014,81.21212121212122,5.78132770366063,7.308387993153946,9.41086648765456,2.220507821258801,0.4315857714958911,0.2844229093886796,0.0987084665594871,0.3564273637254833,11.850090776874008,4.710097480842154,0.0379270943576824
scenario_10_product_inhibition_cal__run_0014,82.42424242424242,5.957276096710542,6.663557193655555,8.731037767182798,2.1879878791158647,0.4078024616039094,0.3252006110430672,0.1304301635344218,0.3766028296480033,11.35743993835838,5.11896080865111,0.0454855033403036
scenario_10_product_inhibition_cal__run_0014,83.63636363636364,6.409005389678711,6.644239374371009,8.984430105789302,2.087419577156892,0.4216512857357141,0.3474215556865474,0.0623526193897686,0.3507588191436536,11.255949573572686,5.647104082085475,0.0071872207833169
scenario_10_product_inhibition_cal__run_0014,84.84848484848484,6.511668286914897,6.3785542606443615,8.1953555578541,2.280861512702248,0.3891412089501391,0.3845215844048695,0.1171982290390928,0.465262485688283,11.481047248184462,,0.0866450022728599
scenario_10_product_inhibition_cal__run_0014,86.06060606060606,6.129321248159052,5.717010333946392,7.823165102437321,2.251509002706883,0.486763163373151,0.3895370754410217,0.0695809597042979,0.3972745929491614,10.737515966276938,5.772763034725469,0.0780719467731614
scenario_10_product_inhibition_cal__run_0014,87.27272727272728,6.726659241988991,4.985164794657679,8.557309115292078,2.5666764993687683,0.5287018635591505,0.4293481033446294,0.1648435462461696,0.4474432754762005,10.788707041631126,5.885481059083181,0.0057349448489096
scenario_10_product_inhibition_cal__run_0014,88.48484848484848,7.120135706562921,4.921136355889831,7.852083718733187,2.519065599649983,0.4853191902793429,0.4133050555814324,0.1155412418965385,0.4864854633045418,10.615926292976155,6.034561326550142,0.0255185945809675
scenario_10_product_inhibition_cal__run_0014,89.6969696969697,7.081645981682159,4.305854650204916,7.787880791046181,2.558651502990628,0.4931908766380218,0.4885304304970265,0.0980426654981355,0.5224405663170618,10.695333704500722,6.471101049133359,0.0794831099019604
scenario_10_product_inhibition_cal__run_0014,90.9090909090909,7.115769443698177,3.779311994295881,8.103383037339842,2.568815498632041,0.5125861271690437,0.5077260110385359,0.0830903610397904,0.4562034992236856,10.73181423045746,6.581591379360258,0.0600888750775048
scenario_10_product_inhibition_cal__run_0014,92.12121212121212,7.368310150715968,3.5185011366844674,7.52918205019869,2.644285877433262,0.5206445148484544,0.4780036205664844,0.1180717248307477,0.4870526434521066,10.034393829423284,6.812735421766893,0.0673297006575705
scenario_10_product_inhibition_cal__run_0014,93.33333333333334,7.846058041021386,2.935950621053077,7.624532988191991,2.634699348042743,0.5830135399202659,0.5138397165951657,0.1443028411213089,0.4567234002089743,10.07248278078578,6.809524025023931,0.0627379084358479
scenario_10_product_inhibition_cal__run_0014,94.54545454545456,8.553990324253546,,7.154889612528344,2.76253599874372,0.5167335402881474,0.4929442988133286,0.1139977671456603,0.4817311569713337,10.052937587396892,7.131166993650641,
scenario_10_product_inhibition_cal__run_0014,95.75757575757576,7.9908038702349,2.208213027504733,7.182331077301563,2.806368844587562,0.5636068018527002,0.5712749284176837,0.1144637837125777,,9.789095355033812,7.255651388207397,0.0613284572871274
scenario_10_product_inhibition_cal__run_0014,96.96969696969695,8.387966128863921,1.7431008060275028,6.494821873538264,2.908047843814477,0.5739765324201361,0.6594806462572564,0.1445875439567642,0.5653634982845958,9.864757620519988,7.93100352524625,0.0458150333362184
scenario_10_product_inhibition_cal__run_0014,98.1818181818182,8.752365146423228,1.3453532661369587,6.335684967055749,2.805207115640934,0.5975589152489575,0.5364869239982182,0.1150630624333196,0.5954522238890609,9.044254236537144,8.163659084179622,0.057380384647925
scenario_10_product_inhibition_cal__run_0014,99.3939393939394,8.238029520597484,0.9513703683518256,6.381005474742234,2.908027501251086,0.5668323242054224,0.629462633424566,0.120971281605758,0.5689794546976978,9.33103099823658,8.045515547245804,0.0502552299515082
scenario_10_product_inhibition_cal__run_0014,100.6060606060606,8.952217709529403,0.640296966087825,6.136809543892327,3.132993719957032,0.6395883319961302,0.6745349429557126,0.1256013989014626,,9.264355442019198,8.491756954436672,0.0801023065678691
scenario_10_product_inhibition_cal__run_0014,101.81818181818184,9.15921335414484,0.2961826803753055,5.779756716187793,,0.6342904509075308,0.6236394953877488,0.1531373741269371,0.616580002202314,9.241606040486063,8.025326127728908,0.056507340802081
scenario_10_product_inhibition_cal__run_0014,103.03030303030305,9.15864816947161,0.2262677158427493,5.408729260971506,3.0690366261301687,0.603544411905818,0.7107115151141864,0.160526691774232,0.6616664277211891,8.984123697664458,8.564070301275956,0.0807426443871956
scenario_10_product_inhibition_cal__run_0014,104.24242424242424,9.60798391591188,0.2033405241477712,5.098300748285172,2.958148995745145,0.6387588033333521,0.6754919187866956,0.1265396214083612,0.6640360952033083,9.05653789985555,8.706287294357862,0.1003871914707475
scenario_10_product_inhibition_cal__run_0014,105.45454545454544,9.549276300640985,0.2081881121555819,4.648530459093843,2.9270489171266054,0.6659022443223056,0.7189438693221343,0.2039650357803547,0.7186603889633401,8.953589781980902,8.74328407747172,0.0765443801578192
scenario_10_product_inhibition_cal__run_0014,106.66666666666669,9.0483189606385,0.1999537399485938,4.101243228077982,3.2237324324802605,0.6112773147026045,0.7254184002291071,0.1606596865919271,0.7347385509110563,8.493658392650959,9.00498871807643,0.0918961515916819
scenario_10_product_inhibition_cal__run_0014,107.87878787878788,9.877261412891835,0.2376249973384534,3.593224831731201,3.331792970462262,0.6737619745671789,0.7541180081178388,0.1299478563479014,0.778741502225589,8.455193402693478,9.12682712857132,0.0892227555236229
scenario_10_product_inhibition_cal__run_0014,109.0909090909091,9.62932447580561,0.2728735154671864,3.2931296913095256,3.0162022014298024,0.6828559269098722,0.7673542613562035,0.1402044181370461,0.8472244430525346,8.57452772363749,9.184845845780924,0.1105243533780247
scenario_10_product_inhibition_cal__run_0014,110.30303030303033,10.25991121719994,0.2734149950752192,2.8145506669169795,3.1719982401516944,0.6755051544310604,0.719683380400833,0.1863868678784785,0.8523172274174553,8.886147160346082,9.640547325318533,0.0580714164334099
scenario_10_product_inhibition_cal__run_0014,111.51515151515152,9.538298199032376,0.2625459759304754,2.2541760075822967,3.195029865306824,0.6793975690810555,0.8784009391742246,0.1760597659939205,0.972813366196827,7.829016209108785,9.673189047342728,0.0496543933365234
scenario_10_product_inhibition_cal__run_0014,112.72727272727272,9.551000504919228,0.2194391920527234,1.836304479508173,3.53904895126963,0.7351640738976698,0.7782315726413087,0.1977243917171361,0.9724356281043052,7.8556508818832285,9.512115862287544,0.0994197706597248
scenario_10_product_inhibition_cal__run_0014,113.93939393939394,9.860154045738115,0.2245706063960351,1.465740507030121,3.244797679102569,0.7165033383409957,0.8504253628318438,0.1539487168329241,0.9762841026143794,8.076910537485672,10.393906389078502,0.1063257944660704
scenario_10_product_inhibition_cal__run_0014,115.15151515151516,9.76727647765962,0.2588827911369589,0.9364342729898464,3.4474559175333086,0.7576260459343008,0.8372564541959344,0.1730766313446555,1.1374208850550829,7.763923667043499,10.53501009790112,0.0943636608465372
scenario_10_product_inhibition_cal__run_0014,116.36363636363636,9.978498886031542,0.2108637590141354,0.5732936955972805,3.4923165251817263,0.7283040004872988,0.9068628448216453,0.1759311928465387,1.039516174484644,7.501496917758362,11.038700992201267,0.0703206308252657
scenario_10_product_inhibition_cal__run_0014,117.57575757575758,10.089332804248883,0.2550086447459245,0.2606068465597447,3.4383135182182887,0.749700906372658,0.8294672542683822,0.1870899843878368,1.0204948617970553,7.808159000851867,10.08558383274193,0.0733191612452598
scenario_10_product_inhibition_cal__run_0014,118.7878787878788,9.974479444922055,0.3058528070704056,0.2642371505034391,3.5487886529895687,0.7453167067238051,0.9043292094680851,0.2019918478464775,1.1234932848878938,7.255506081694227,10.781731424586772,0.0417622872991273
scenario_10_product_inhibition_cal__run_0014,120.0,10.060674446711843,0.2689515020556852,0.2828791775253778,3.622691038155632,0.6990805215048772,0.8873284033703757,0.1934277721530537,1.1080744306315795,8.061045589355397,10.396574013964717,0.0961091997845123
scenario_10_product_inhibition_cal__run_0160,0.0,0.0392970138171899,15.014439843649608,13.494590950717,0.0,0.0168370276355989,0.0074427265903236,0.0300916427962682,0.0155770718853909,14.889396380995974,0.0,0.0062962196468691
scenario_10_product_inhibition_cal__run_0160,1.2121212121212122,0.0472929744627946,15.229696295791262,12.980371207331812,0.0063895588906554,0.0109007338662123,0.0,0.0167874230797773,0.0256976537077633,15.660142293522442,0.0217272555093081,0.0
scenario_10_product_inhibition_cal__run_0160,2.4242424242424243,0.0974475820679629,15.30382142405615,12.67409647400892,0.0,0.0062408617866662,0.0059508141845639,0.0299151580833707,0.0,14.542345510955991,0.0,0.0038898479825513
scenario_10_product_inhibition_cal__run_0160,3.6363636363636367,0.0450610838365987,14.831693830764165,13.272342235270033,0.0,0.0106117805589263,0.0,0.0,0.0290570996396872,15.264631728035386,0.0076194435016427,0.0033337625765992
scenario_10_product_inhibition_cal__run_0160,4.848484848484849,0.0736365569610957,15.172303557974365,13.720304746170614,0.0,0.0,0.0,0.0055866555189948,0.0,15.878684846877812,0.0099464468317861,0.0151113131148193
scenario_10_product_inhibition_cal__run_0160,6.0606060606060606,0.0455942048801957,15.1645998116693,13.618436502702863,0.0118125174230643,0.0243994565838012,0.0108271424167208,0.014968541910371,0.0,15.012791485833445,0.0277281946121814,0.0092685945193016
scenario_10_product_inhibition_cal__run_0160,7.272727272727273,0.0781526072021808,15.950422148144268,12.845528618534528,0.0308711997445056,0.0306713604772905,0.0392902215658406,0.0173083013145862,0.0050267687169135,15.651803500249407,0.0380620001617369,0.0110579361316663
scenario_10_product_inhibition_cal__run_0160,8.484848484848484,0.1074032297352009,15.729404499351556,13.3651024435383,0.005232501467739,0.0294992547594842,0.0,0.0,0.0507210294383544,15.292662436378048,0.0147433563473587,0.0
scenario_10_product_inhibition_cal__run_0160,9.696969696969695,0.0684103325338753,15.23100322370272,12.808754860630902,0.004432078432327,0.0142331654709638,0.0156992917423145,0.0348373959273506,0.0,16.023145367527217,0.0194418821139817,0.0
scenario_10_product_inhibition_cal__run_0160,10.90909090909091,0.073047439856843,14.6206155970427,13.227821212645171,0.0,0.004281035944578,0.0201011612941458,0.0068778135691478,0.036520028146218,15.074114044141782,0.0597130429488504,0.0
scenario_10_product_inhibition_cal__run_0160,12.12121212121212,0.1187555017173256,15.12175040442523,13.402390284050217,0.0341004373566868,0.0,0.0033535386688736,0.0,0.0,14.863015496902474,0.0,0.0
scenario_10_product_inhibition_cal__run_0160,13.333333333333334,0.1264588333136833,15.162193404765324,13.018716817038314,0.0185048688407541,0.0034077345008358,0.0,0.0095613872019234,0.0268079461364557,15.555330578148444,0.0,0.010368466196817
scenario_10_product_inhibition_cal__run_0160,14.545454545454549,0.1346383894645985,14.828499988492869,13.24903299790508,0.0509823126569336,0.0115747509267678,0.0023376389525653,0.0,0.0,14.051069251809436,0.0151352173867031,0.0
scenario_10_product_inhibition_cal__run_0160,15.757575757575758,0.1123824739531171,14.71460132368562,13.896455000574395,0.0353834239194215,0.0135921779160517,0.0,0.0007178409221273,0.0073064031326431,14.598609430946489,0.0360417415884961,0.0
scenario_10_product_inhibition_cal__run_0160,16.96969696969697,0.1330269544127476,14.665934489987755,13.655653910026238,0.053266450975484,0.0103159746279897,0.0,0.0025469053697422,0.0,,0.0244354426503471,0.003080157541849
scenario_10_product_inhibition_cal__run_0160,18.181818181818183,0.1625532171351171,15.121038284085744,12.585648971721495,0.0496031665048091,0.0099359412788282,0.0253050967766342,0.0,0.0,15.25075730366898,0.0247826008290586,0.0024992163990287
scenario_10_product_inhibition_cal__run_0160,19.393939393939394,0.1623237842444882,14.377654991709948,,0.0488880702359528,0.0,0.0,0.0,0.0156776481199516,14.410838936015876,0.0700655598385176,0.0025046566443677
scenario_10_product_inhibition_cal__run_0160,20.60606060606061,0.1993934067034035,15.153709948173365,13.270254866295344,0.0703693688509256,0.0273869312699338,0.0190675872424247,0.0131391581909313,0.0,13.84614884434367,0.1005456976398241,0.0112836850274432
scenario_10_product_inhibition_cal__run_0160,21.81818181818182,0.2392270298174481,14.757366599742998,12.714086314094406,0.0853025906559179,0.0088260531826995,0.0027676871075431,0.0,0.0,14.357860325566756,0.0811013936925822,0.0
scenario_10_product_inhibition_cal__run_0160,23.03030303030303,0.2540664088692693,15.772901392886526,13.166548742173958,0.1075737530446904,0.0275502011799378,0.0,0.0353663360504697,0.0214853711158399,15.12522897619592,,0.0
scenario_10_product_inhibition_cal__run_0160,24.24242424242424,0.2931878854018675,14.80299158839478,13.224094000061529,0.1121360253861704,0.025952492251231,0.0235138476002543,0.0158046552828993,0.0073817434365094,15.377612480832346,0.1171115255686266,0.0
scenario_10_product_inhibition_cal__run_0160,25.454545454545457,0.2166984397119049,15.428272360067908,12.6809823583259,0.1058828801718347,0.0489136607205096,0.0,0.0,,14.612653456787577,0.0896954423420112,0.0
scenario_10_product_inhibition_cal__run_0160,26.666666666666668,0.2807769564155507,14.946594908668017,13.520910885041443,0.1196568208155078,0.0183616841022064,0.0,0.0,0.035447216965714,14.48424049431816,0.1289079034442618,0.0
scenario_10_product_inhibition_cal__run_0160,27.87878787878788,0.3028382432999582,14.793515948427974,12.734052065226477,0.1229936537054663,0.0,0.0245464390999816,0.0,0.0251960460612764,14.455419518652269,0.2036853229787789,0.0017649880192275
scenario_10_product_inhibition_cal__run_0160,29.090909090909093,0.3248412490214585,15.65534514133906,12.992381705951075,0.1820420201222106,0.0003252176480995,0.0,0.0,0.0190700413722659,15.47049140251314,0.1869746752532465,0.0
scenario_10_product_inhibition_cal__run_0160,30.303030303030305,0.4374701562169409,15.145031949644862,13.588362621720908,0.1828219450885744,0.0167600915160729,0.0386409767115899,0.0258958918016884,0.0211755318413577,15.175956869424231,0.2428307145174877,0.0017028690114733
scenario_10_product_inhibition_cal__run_0160,31.51515151515152,0.3865370612148243,15.309435436490588,12.410733428373174,0.1969006951342138,0.0,0.0,0.0080199307585948,0.0140048351772951,14.288592365894356,0.2486483780649611,0.0234164408492328
scenario_10_product_inhibition_cal__run_0160,32.72727272727273,0.4138146381636691,14.544357737986504,13.242302979766928,0.2060163939691802,0.036583414237305,0.0075918475361063,0.0,0.0510254362439583,14.649164952211173,0.2756083652068185,0.0091173046941119
scenario_10_product_inhibition_cal__run_0160,33.93939393939394,0.5391494650304345,14.30176352016835,13.02126591796802,0.2384782199705365,0.0287171921167034,0.0129133068136646,0.0350929344987075,0.0609900272174862,14.78258252682572,0.3333313771533103,0.0010607339103506
scenario_10_product_inhibition_cal__run_0160,35.15151515151516,0.5801511637570033,14.643877534218152,12.748165575937836,,0.0571195909809561,0.0,0.0128088224031381,0.0306481282051985,15.73086665485702,0.3592407529184963,0.0
scenario_10_product_inhibition_cal__run_0160,36.36363636363637,0.5799355111684565,14.655340233755668,13.266507041359835,0.3097571427951138,0.0602100022793227,0.0093926134700251,0.0024017069799277,0.0427398550546572,14.253110771839786,0.306360919964309,0.0073107277065047
scenario_10_product_inhibition_cal__run_0160,37.57575757575758,0.6834005219517886,14.596068717886766,12.611046962850756,0.2832219010318551,0.0170464994328945,0.0050655290836597,0.0395409117918163,0.0744987549514396,15.602724610724952,,0.0087529705326094
scenario_10_product_inhibition_cal__run_0160,38.78787878787879,0.7307275264544013,15.160400574984498,13.050294577445593,0.3385884553685743,0.0967359446035469,0.0268120872992841,0.0,0.0470386300118369,14.884515974611562,0.431063366664248,0.0
scenario_10_product_inhibition_cal__run_0160,40.0,0.8098248427721272,14.198297102624885,12.535381934214788,0.3769088952895713,0.0746169380370465,0.0,0.0238696101239095,0.0700274420581516,14.422082507744552,0.4624142155408698,0.0123554101835903
scenario_10_product_inhibition_cal__run_0160,41.21212121212121,0.9189097939744664,14.747131895357098,11.466834976151953,0.4324276968345869,0.0634807797155228,0.0020198186947466,,0.0372698597982872,15.367112281352432,0.5497495432781085,0.0
scenario_10_product_inhibition_cal__run_0160,42.42424242424242,1.020194346002005,14.517227356219124,12.580913510441974,0.4905184307140823,0.0768197952860617,0.0330665655359034,0.0,0.0477278926206727,13.73543899801965,0.5658636914535524,0.0
scenario_10_product_inhibition_cal__run_0160,43.63636363636364,1.0577307748979987,15.011200682748472,11.70590944564744,0.5049618668761771,0.071361236505884,0.0194674971477578,0.0,0.0654389758168156,14.525433014759884,0.7086488395889706,0.002980160924678
scenario_10_product_inhibition_cal__run_0160,44.84848484848485,1.1505518135808588,14.624524521988196,12.890967932876007,0.5332113807426129,0.1053180477795909,0.0,0.0263979042222762,0.1139458007675799,14.923062177879617,0.7301766155950818,0.0071563342132409
scenario_10_product_inhibition_cal__run_0160,46.06060606060606,1.1764766522875916,14.30393125742856,11.625799985826042,0.5567809932448846,0.1176960066610617,0.007996498271196,0.0408221306553174,0.0637378262309246,14.014640863603292,0.7899232625984706,0.0
scenario_10_product_inhibition_cal__run_0160,47.27272727272727,1.3472832548792717,14.05356832469347,11.577513348503718,0.7190130629692418,0.1290724000350311,0.0,0.0199106778682894,0.1068216228923304,13.416159668637404,0.8863976034068011,0.0275013847855132
scenario_10_product_inhibition_cal__run_0160,48.48484848484848,1.482192792057579,13.812512904492856,12.101467925641206,0.7776043114347739,0.1043314098222241,0.0200044745863548,0.0602987354904628,0.1437590920634606,14.463832866324468,,0.0166599509193152
scenario_10_product_inhibition_cal__run_0160,49.696969696969695,1.530129314463616,14.830233505241909,12.139876510874757,0.695472431371726,0.1095503176769168,0.002399436260272,0.0019726074383232,0.1366184565553081,13.435783547731006,1.0615530274498406,0.0359480419722974
scenario_10_product_inhibition_cal__run_0160,50.909090909090914,1.5660416907452372,,11.986320241036594,0.7882870710320606,,0.013049997382499,0.0624275630906722,0.1466308138566609,14.520882165697111,1.26539915225646,0.0189447721424219
scenario_10_product_inhibition_cal__run_0160,52.121212121212125,1.718580673365006,,11.342336321440802,0.8965257312813419,0.1963389181516209,0.0564275146672815,0.0,0.186836225941492,14.811142180136487,1.3621907419861548,0.03722124906744
scenario_10_product_inhibition_cal__run_0160,53.333333333333336,1.9660135044734528,12.81497686693677,11.209676496494136,0.9451362898410836,0.2047492024942295,0.0449013339455207,0.0,0.210888346250615,13.765607002468457,1.355935506000407,0.0054193322133587
scenario_10_product_inhibition_cal__run_0160,54.54545454545455,2.126713714831708,13.667797477765674,10.963078237417948,1.0812483228126253,0.2116023091598085,0.0784404450446553,0.007997996453925,0.1613715397059567,13.903288293864724,1.4781681081195543,0.019292042947805
scenario_10_product_inhibition_cal__run_0160,55.75757575757576,2.3527201071857333,12.802730272365464,11.147253075764942,1.0976770071853708,0.1975266385677478,0.0670979003707778,0.0095618108777692,0.2107877097793603,14.006913968975969,1.642785142727612,0.0
scenario_10_product_inhibition_cal__run_0160,56.96969696969697,2.349271079436452,12.744527301608551,10.314207528243722,1.2396557040809513,0.1878498750890708,0.0944784847564503,0.0375085992854548,0.2200977408734309,13.802738935460525,1.6086027996030323,0.0363992600096494
scenario_10_product_inhibition_cal__run_0160,58.18181818181819,2.5826177115543163,13.750203333279126,10.47676541253222,1.1778413283948106,0.1792029377620693,0.0652291788195472,0.0094631624030803,0.2093965456508861,14.012144902885256,1.783658523224868,0.0518449584599396
scenario_10_product_inhibition_cal__run_0160,59.3939393939394,2.7889976677074064,13.324218355732098,10.181309425864685,1.2030826811619175,0.2305310665874363,0.1021517030980218,0.0491019919652363,0.2130071503162199,13.27505188119434,1.9962392045544544,0.0
scenario_10_product_inhibition_cal__run_0160,60.60606060606061,2.910227168242772,12.281143345157291,9.831588500922118,1.477749553355029,0.1814879079148526,0.0893491786895872,0.0,0.2808302667890494,13.963815674743971,,0.0048426293590186
scenario_10_product_inhibition_cal__run_0160,61.81818181818182,3.235584468594192,12.603726153866162,10.091103958017134,1.3455295331523902,0.262483213416147,0.1344030097417837,0.0363218832537852,0.3514110555944851,13.96147066804297,2.0764691126687165,0.0
scenario_10_product_inhibition_cal__run_0160,63.03030303030303,3.4829461112717657,13.035515171310571,9.414553836711368,1.421754696572803,0.2752834916411155,0.0673331156990508,0.0225324833378311,0.3268198706429078,12.75144675182602,2.5548650135196094,0.0135774813886264
scenario_10_product_inhibition_cal__run_0160,64.24242424242425,3.3769394864035536,12.347294300615376,8.51888955486014,1.5540553740024323,0.2661122197325331,0.0888205445214195,0.0369505906466157,0.3319902255017256,13.352534641175644,2.853917564572257,0.0100517371853535
scenario_10_product_inhibition_cal__run_0160,65.45454545454545,3.942165814875538,11.77994665103993,9.048465183745805,1.6591886300310743,0.3086707766091154,0.1079656625801294,0.0281483115709598,0.3541775345815657,13.042240702723426,2.7763699710888043,0.0220724700796877
scenario_10_product_inhibition_cal__run_0160,66.66666666666667,4.249474489041407,11.854052437602526,8.58446504513246,1.5687963533428118,0.3689798639154615,0.1401773526854117,0.0981000997868409,0.4127577859225778,12.640645687715985,3.009422513555489,0.029234466200112
scenario_10_product_inhibition_cal__run_0160,67.87878787878788,4.44414838672492,11.38128681372734,8.225662068658892,1.820062167156448,0.2820065675841777,0.1622807982521355,0.0833455894033106,0.4088608672288327,12.696684944062088,3.349005900029899,0.0620426025007146
scenario_10_product_inhibition_cal__run_0160,69.0909090909091,4.550476396233976,11.07943416519986,7.92178816643514,1.9439184936860991,0.3440654624525178,0.1305272040782499,,0.4233955102568484,13.110772914462808,3.24598379630633,0.0
scenario_10_product_inhibition_cal__run_0160,70.30303030303031,4.85964883495963,10.50781297272002,7.523687097825944,1.877493195537494,0.318104038940102,0.1988667885331377,0.0719707551093662,0.4487718260294647,12.372549667262255,3.623046088633942,0.0049979584198098
scenario_10_product_inhibition_cal__run_0160,71.51515151515152,5.192301938879265,10.296358557588729,7.862996162158441,1.815579484441316,0.3725216169648822,0.22348705587891,0.0472479844897277,0.4311881168508849,12.355002421237106,3.617680187209065,0.0350148761604926
scenario_10_product_inhibition_cal__run_0160,72.72727272727273,5.222522478802484,10.085180024929688,7.564783055806819,1.831070775678876,0.3950796225819988,0.2185119670351693,0.0596704791021213,0.5192593713578174,11.861098037381094,3.950242321421096,0.0249477599466264
scenario_10_product_inhibition_cal__run_0160,73.93939393939394,5.592113065736921,10.190272180912746,6.939546658286667,2.292330963421642,0.3278037833367343,0.231781400808609,0.0883970513132957,0.477569732211865,12.44965937038133,4.406699905902762,0.0080285463347855
scenario_10_product_inhibition_cal__run_0160,75.15151515151516,5.618014396780084,9.81284404994695,6.922481475814687,2.1289766470038303,0.4317653660818459,0.2517179770403575,0.0743797088795706,0.5899532891171119,12.246087555677724,4.737735514896727,0.0508290386544197
scenario_10_product_inhibition_cal__run_0160,76.36363636363636,5.997111584959752,9.480379248119146,5.95588606604183,2.207520667973041,0.364091324878075,0.2807066169744685,0.099736335585004,0.5576034801186701,11.66679997065484,4.933918033942653,0.0417850995425945
scenario_10_product_inhibition_cal__run_0160,77.57575757575758,6.098325513274917,8.546296798952568,6.131549620929912,2.283975493409951,0.3826009827141598,0.3347122906520186,0.0883474177318693,0.55169413787109,11.953809688573564,4.8364242744875146,0.0570415685245708
scenario_10_product_inhibition_cal__run_0160,78.7878787878788,6.630403471484642,8.780098328157344,5.786962625674826,2.2972440380320056,0.4329224635503095,0.3642354173784639,0.0675436866866334,0.6197632591039975,11.069248948411396,4.952292793677033,0.0418301213536481
scenario_10_product_inhibition_cal__run_0160,80.0,6.527466992426881,8.176169315218932,5.511884842437851,2.5454343460934505,0.507439356277841,0.3216331166232102,0.0928862469504186,0.6771376231874795,11.286685692549757,5.255519209312288,0.0576561033252617
scenario_10_product_inhibition_cal__run_0160,81.21212121212122,6.923493131859147,7.925002965658145,5.064343033720728,2.347396536447344,0.4909392786200529,0.3545344857926501,0.051679677009642,0.6709278822168082,11.394195165028364,5.3731284679845,0.0380052772676577
scenario_10_product_inhibition_cal__run_0160,82.42424242424242,7.235798101205936,7.37138743012737,4.870856407147612,2.605359064158619,0.5578037363137233,0.3929333269054674,0.1053624006930596,0.6887213647883635,10.830258306357008,5.627823682259212,0.0321864996080143
scenario_10_product_inhibition_cal__run_0160,83.63636363636364,7.249889821723902,7.202709177046537,4.810726453634135,2.6137682345336044,0.495266401720815,0.3852102092350741,0.1033601381518737,0.7276427858751051,11.282549596523172,6.200612746481571,0.0488244598892749
scenario_10_product_inhibition_cal__run_0160,84.84848484848484,7.41844443790662,6.977469562978502,,2.5314603371584785,0.4862538939959309,0.4794320630024657,0.0752350880123332,0.7317937963208079,10.106934645985628,5.892315554818912,0.0601805140564294
scenario_10_product_inhibition_cal__run_0160,86.06060606060606,8.016469504927402,6.313730592203526,4.176925664721102,2.6298758066562145,0.553615200407225,0.5037064755969414,0.1337520514853141,0.8073631211156402,9.960820252680454,6.491649328128673,0.1057294554415354
scenario_10_product_inhibition_cal__run_0160,87.27272727272728,8.460421759139457,6.24452916289828,3.8083297547211714,2.7423967574410195,0.626156725855451,0.5176716741233628,0.1071233105155148,0.8466783017211423,10.199813433120571,6.601136613748981,0.0110948512093945
scenario_10_product_inhibition_cal__run_0160,88.48484848484848,8.8720872297367,5.406461960938191,3.360930001611223,2.8479379337482302,0.5012870514474055,0.5082020248956011,0.0773403822237737,0.8809123563843164,9.239413738421923,6.972527121701776,0.0382044572108087
scenario_10_product_inhibition_cal__run_0160,89.6969696969697,9.400419726516278,4.8213442944995,3.1346166864767744,2.964653083002049,0.5821414352270669,0.5246778517718536,0.1586037861809863,0.7118229996107194,9.687992909978156,6.9966895710851125,0.0508799681062031
scenario_10_product_inhibition_cal__run_0160,90.9090909090909,8.730353198361772,4.844706961445887,2.962589452258136,2.9317050451232123,0.6256246915892409,0.5325668431023391,0.1243801908514277,0.8140782139875459,9.738414101014644,7.493250462418039,0.0566134863319528
scenario_10_product_inhibition_cal__run_0160,92.12121212121212,9.695431449376544,4.22373073371744,2.669820250003435,2.980803492005374,0.576012756185252,0.5716822048838796,0.1380546003866934,0.8640201894939349,9.748118360189803,7.879849769493383,0.0663170379653663
scenario_10_product_inhibition_cal__run_0160,93.33333333333334,9.71507478468824,3.772619324973868,2.5277392803380585,3.030385275177596,0.6431316761882001,0.4858326613003725,,0.9919585908938514,9.78673698657121,7.4993868346256445,0.0757560942047707
scenario_10_product_inhibition_cal__run_0160,94.54545454545456,9.72588107872171,3.247380924128453,2.1984761518510383,3.04944266909492,,0.5690598472854881,0.1447122259042426,0.9479949776423152,8.42914890463605,8.069072189175907,0.0433468295979575
scenario_10_product_inhibition_cal__run_0160,95.75757575757576,9.718027339454622,2.7619547089691903,2.0520408727351893,3.1089774134804533,0.6212304169708622,0.614836418101457,0.1205516395774158,0.9295508943425456,9.145644828353651,8.67439384557181,0.0367611727365352
scenario_10_product_inhibition_cal__run_0160,96.96969696969695,9.73135122319236,2.425449967498179,1.8283644403615107,3.1694316173849284,0.7099349079225863,0.6146169473954722,0.1119396381379906,0.9475387587232844,8.783598187711883,8.539145075880386,0.0672132893044277
scenario_10_product_inhibition_cal__run_0160,98.1818181818182,10.314335338972633,2.1179791629106224,1.659902795465558,3.4739210401751106,0.6473750828859567,0.7665927701136288,0.1437820171346946,0.9985661954706572,8.712706870870024,9.083107580877856,0.0501901930437645
scenario_10_product_inhibition_cal__run_0160,99.3939393939394,10.809570686525774,1.6678963921917984,1.4520186870821905,3.3867227582992383,0.6550716619845657,0.8047194574611892,0.1857528035145738,0.9844796210557324,8.780465306345178,9.07149189977692,0.0718313108807495
scenario_10_product_inhibition_cal__run_0160,100.6060606060606,10.15322747957426,1.1325534416210328,1.2833882018487195,3.1072159856442068,0.7273999155058873,0.7006036897870364,0.1734117338235164,1.0084600227870213,,9.183580238315464,0.0895391636921195
scenario_10_product_inhibition_cal__run_0160,101.81818181818184,10.59921217039152,0.8376015215690612,1.1511943288813569,3.450164625315869,,0.8490720068631618,0.2145281936832743,1.001713327280285,8.749814948986593,8.708908156383346,0.0752657531753438
scenario_10_product_inhibition_cal__run_0160,103.03030303030305,10.678013189448071,0.5223268843400273,1.0095198445071396,3.49104579524669,0.7382676769647892,0.6867528747798388,0.1870987092916535,1.0296437771370417,8.430300842405142,9.447612047142131,0.0826220843998274
scenario_10_product_inhibition_cal__run_0160,104.24242424242424,10.69546160387586,0.2168868435327607,0.8248949943111172,3.5144175333100773,0.7184878789686704,0.763780672997549,0.1849800582155223,1.0133747237892603,8.516338166861669,9.941393845145278,0.0634865564707118
scenario_10_product_inhibition_cal__run_0160,105.45454545454544,11.071121012582658,0.2569173718487014,0.4461976719505375,3.500053950040813,0.7500326896425431,0.777070165448638,0.20026075054823,1.0559845557169747,7.811277268164108,9.985551464910008,0.1198544313119011
scenario_10_product_inhibition_cal__run_0160,106.66666666666669,11.343435344902462,0.2696940160001713,0.1499723667482954,3.4457029162593265,0.7932766163497619,0.8154770402028867,0.1989830462021415,1.082306340878931,8.338475086219415,9.75847638350368,0.1067152524298858
scenario_10_product_inhibition_cal__run_0160,107.87878787878788,10.985572889504796,0.252846652140019,0.1638209953575393,3.668022589490813,0.7502817583522664,0.763100782058819,0.1716483126087023,1.0391942554603724,7.882147544153208,9.856336116748713,0.0668235180493987
scenario_10_product_inhibition_cal__run_0160,109.0909090909091,11.042955220770354,0.2564641573398754,0.1641438705848822,3.424605017474524,0.7456748949100653,0.7384980460581924,0.1683321508535223,1.0894784227840195,7.793159833837945,10.27080490938348,0.1076718330336966
scenario_10_product_inhibition_cal__run_0160,110.30303030303033,11.141821677168323,0.2660726482512893,0.1657062093067213,3.438798247917042,0.6982328191400448,0.7918335100681826,0.2265511331232378,1.0252972683565864,7.197321734793891,9.812191024121862,0.0648864632666842
scenario_10_product_inhibition_cal__run_0160,111.51515151515152,11.302718893520028,0.2551413193411218,0.2092883754134794,3.4495192597801982,0.7266585507138328,0.7385843895147346,0.1890293131601695,1.0209970362322829,7.853340235136651,9.618988005368465,0.1067880054980333
scenario_10_product_inhibition_cal__run_0160,112.72727272727272,10.71713488657947,0.2259775232035973,0.1435131328536519,3.4516569699556925,0.7116615602763552,0.8910258331141191,0.1627044644588935,1.1029431162832233,7.817935783203473,10.415239386847215,0.1260918726482063
scenario_10_product_inhibition_cal__run_0160,113.93939393939394,11.026616338898824,0.2776524174904576,0.1811084315075886,3.47557874993755,,0.8135386255382571,0.15626350745433,1.0857697015368686,7.299685338618254,10.08465079872415,0.0548619172431471
scenario_10_product_inhibition_cal__run_0160,115.15151515151516,10.76865331019404,0.2508222474856794,0.1375371871669573,3.5229336194101584,0.7616789139782087,0.7319953762474578,0.1541447262417902,1.0835713865172427,8.02449056623736,9.799846320506242,0.081105741717611
scenario_10_product_inhibition_cal__run_0160,116.36363636363636,11.119868377296283,0.2727153274549374,0.1537499831352757,3.370184106457602,0.7169774320016525,0.816132030607723,0.1663972062582316,1.0516852989019527,7.899695615460731,9.749212808690023,0.0884980056723045
scenario_10_product_inhibition_cal__run_0160,117.57575757575758,10.8885044853259,0.2818187889371331,0.1501600643303275,3.360280540447375,0.7422980126637817,0.861327460329189,0.1510460579706833,0.9828210024486306,7.689507672077328,10.2405005295556,0.1030669646575576
scenario_10_product_inhibition_cal__run_0160,118.7878787878788,10.688784364640174,0.2672800725260515,0.1810342250646303,3.4926539857347443,0.7526681988594938,0.8390486093764804,0.1690044083695196,1.0438849267403176,8.246633446439496,10.21371776595153,0.0876984844116806
scenario_10_product_inhibition_cal__run_0160,120.0,11.311938979400264,0.2749718482760295,0.202681716884793,3.5154838687031864,0.7666666512724966,0.840563398332659,0.1525320523127352,1.025841722129757,7.907834927561374,10.665300433313122,0.0915628196769141
scenario_10_product_inhibition_cal__run_0243,0.0,0.0,20.23989194425262,17.232388428162235,0.0,0.0408618851099478,0.0,0.0407956793747717,0.0,15.121385506831558,0.0060248095763355,0.0073202926393847
scenario_10_product_inhibition_cal__run_0243,1.2121212121212122,0.0,21.673701968037047,17.52741966977243,0.0191925012275314,0.0048590678016367,0.0,,0.0,15.177557240334783,0.0,0.0224181603879039
scenario_10_product_inhibition_cal__run_0243,2.4242424242424243,0.0,21.40119570958369,17.414807942303305,0.0,0.0,0.0,0.0,0.0,15.864571643917367,0.0,0.0
scenario_10_product_inhibition_cal__run_0243,3.6363636363636367,0.0,21.6115962058842,16.784202577807218,0.0,0.0061185644659139,0.0153020230731894,0.0195755975989413,0.0116662485243699,15.135217091591484,0.0052037720014572,0.0182061632767879
scenario_10_product_inhibition_cal__run_0243,4.848484848484849,0.0,21.187794857233705,17.274715260032277,0.0177208564796255,0.0,0.0321995289894741,0.0,0.0082401088857878,14.73780858314799,0.0112037153850161,0.0
scenario_10_product_inhibition_cal__run_0243,6.0606060606060606,0.0,21.33537288132034,17.080764269794717,0.0031479962948329,0.0105061574235169,0.0,0.0,0.0311280701083549,14.822532571955213,0.0152926747864512,0.0
scenario_10_product_inhibition_cal__run_0243,7.272727272727273,0.0,22.56232394743476,17.249108154959757,0.0395671161269266,0.0,0.0091037710156913,0.0,0.0210696984916479,15.329678249380352,0.02234257361587,0.0
scenario_10_product_inhibition_cal__run_0243,8.484848484848484,0.0,22.591858355090444,17.787694411475723,0.0221356771694394,0.0125877584815105,0.0,0.0102180762529695,0.0070246202866864,13.497565333441823,0.0454734624090219,0.0144478872938749
scenario_10_product_inhibition_cal__run_0243,9.696969696969695,0.0,21.23628304287132,16.60234553462995,0.0530973649010878,0.0,0.0272524513105891,0.0,0.0040133520776848,14.926647946025538,0.0513221546339315,0.0160694538343433
scenario_10_product_inhibition_cal__run_0243,10.90909090909091,0.0,20.80705538367652,17.354947076124997,0.0272514723277882,0.000530595964698,0.0,0.0390526016499566,0.0480134947584536,14.96540309176014,0.005089557319773,0.0341855254955009
scenario_10_product_inhibition_cal__run_0243,12.12121212121212,0.0,19.90990724838033,16.8737276535692,0.0088802267065088,0.0,0.0067837570111642,0.0,0.0,14.540164973219516,0.0259075911094769,0.0
scenario_10_product_inhibition_cal__run_0243,13.333333333333334,0.0,20.46889765005771,17.573855877230365,0.0274591662881251,0.0225758575145476,0.0,0.0,0.0034365432008455,15.541812382825714,0.0230865632357791,0.0
scenario_10_product_inhibition_cal__run_0243,14.545454545454549,,22.073999466487443,18.003552805553394,,0.0019466227120453,0.0,0.0117374015224926,0.0094930261752197,14.038597540148375,0.0390541633187706,0.0194516688178223
scenario_10_product_inhibition_cal__run_0243,15.757575757575758,0.0250408950976221,21.340452862241,16.976496901525497,0.0461044836885126,0.0,0.0,0.0114675337034585,0.0287011146305544,15.636187338596445,0.043049683437726,0.0032280888748965
scenario_10_product_inhibition_cal__run_0243,16.96969696969697,0.0448293026015364,20.745180165474668,17.382134700805498,0.0321338692477898,0.0410954023099137,0.0,0.0,0.0,15.113605229934883,0.0398563070267876,0.0234848421583377
scenario_10_product_inhibition_cal__run_0243,18.181818181818183,0.0787541769269841,20.78825779898927,17.248915117994404,0.0429139043037411,0.0370600772533413,,0.0,0.0,15.35451964031872,0.0602553478111601,0.0
scenario_10_product_inhibition_cal__run_0243,19.393939393939394,0.0258588517120342,20.095750498949403,17.18464049390042,0.0306418182332326,0.0010903826934437,0.0,0.0039196665102774,0.0,14.857803387722326,0.0577126246899182,0.0
scenario_10_product_inhibition_cal__run_0243,20.60606060606061,0.0436317337217455,21.31838199219648,16.995445841072282,0.0836936063910139,0.0,0.0279277075449474,0.0047734623169168,0.0084623164625027,15.271324055133714,0.0854264037553433,0.0099102885349938
scenario_10_product_inhibition_cal__run_0243,21.81818181818182,0.0820244139621049,20.923898363935034,17.972321658843533,0.0444715886759605,0.0381577220068358,0.0105544953463629,0.0,0.0,,0.0936547500882653,0.0066823522003637
scenario_10_product_inhibition_cal__run_0243,23.03030303030303,0.0569901128474498,20.488694183319872,16.556661051443363,0.0786821505263597,0.0144672468232312,0.0091982711458585,0.0124789588693588,0.0155324549456829,14.951593752082871,0.1004601683117426,0.0
scenario_10_product_inhibition_cal__run_0243,24.24242424242424,0.1330690381308688,21.042714306359443,17.96149197623135,0.0886200798484441,0.033143192335708,0.0068312107259882,0.0191092710881293,0.0180086433840098,14.73854542929102,0.1177768351330756,0.0060584860694553
scenario_10_product_inhibition_cal__run_0243,25.454545454545457,0.1376969055732913,22.23142418560412,17.584267559448588,0.1125793204733072,0.0312613756222253,0.0,0.0013272476428919,0.0,14.57235881594265,0.1314200394220073,0.0
scenario_10_product_inhibition_cal__run_0243,26.666666666666668,0.1924476193273646,21.847880635309803,16.796921628974175,0.116997831880127,0.0397609642897687,0.0147139038003886,0.0104841492465634,0.0195811074594436,14.798495923683658,0.1641287917037547,0.0334608396318841
scenario_10_product_inhibition_cal__run_0243,27.87878787878788,0.1599163164071069,21.362384026472853,17.81931133420977,0.1458356100283452,0.0351864266233488,0.0304746445521411,0.0243877073179475,0.0195820249153464,15.148084359755682,0.1906921212017857,0.0
scenario_10_product_inhibition_cal__run_0243,29.090909090909093,0.2507563581219031,21.07563229311143,16.67398211301242,0.1561534527152213,0.0433958811080548,0.0425062680551168,0.0186288816515306,0.021536961829489,15.56386804013699,0.2059455801648455,0.0
scenario_10_product_inhibition_cal__run_0243,30.303030303030305,0.2877127168040444,21.65072710502604,17.442071432963115,0.189661622069167,0.0,0.0,0.0,0.0349483853761205,14.897736816282372,0.2188281590565236,0.0
scenario_10_product_inhibition_cal__run_0243,31.51515151515152,,20.733485714047884,16.81602199675125,0.2371064687034902,0.0417028779968209,0.0,0.035290790787828,0.0525673522559532,14.307469432017406,0.2847032205164939,0.0
scenario_10_product_inhibition_cal__run_0243,32.72727272727273,0.3658715872835393,21.266821940925727,16.665475602403955,0.2385929648537183,0.0423612730860647,0.0075362002046219,0.0170939285263861,0.0590362826955118,15.463464803591284,0.2861507632374674,0.0
scenario_10_product_inhibition_cal__run_0243,33.93939393939394,0.3667354657295602,21.13179941383727,18.10702615654156,0.239572648457126,0.0653256487639619,0.0,0.0240975733112574,0.0,14.954622471833453,0.3183874291824068,0.00912527004149
scenario_10_product_inhibition_cal__run_0243,35.15151515151516,0.4237095731696673,21.46989741151179,18.031495569163766,0.2751244547400949,0.032525003931343,0.0473574605841249,0.0,0.0029873242048915,14.864550452630356,0.3273361479055483,0.0
scenario_10_product_inhibition_cal__run_0243,36.36363636363637,0.4724583453509094,20.71713347878313,16.899913763265108,0.4036394597821722,0.0529496372375629,0.042962475201063,0.0,0.0373273861452284,14.06302326879573,0.4264357286532352,0.0
scenario_10_product_inhibition_cal__run_0243,37.57575757575758,0.4927560497455143,20.324508721003305,17.076253251015256,0.3620110771064275,0.0642230681270353,0.0186910675720647,0.0,0.0663526816203548,14.07802938941022,0.4634190330040745,0.0324490197831121
scenario_10_product_inhibition_cal__run_0243,38.78787878787879,0.5733974601983302,20.342798974958704,17.139064368157676,0.3683805032707807,0.0380960141001249,0.0257633582018867,0.0,0.0324840025521751,14.304083261524966,0.4977026658851526,0.0089891460803678
scenario_10_product_inhibition_cal__run_0243,40.0,0.5876641244744248,21.61831948115161,17.55298488560102,0.4311086069235169,0.035730504822729,0.0488326494330226,0.0,0.0567325983674257,14.298460327974627,0.5588913950021024,0.0218081267795313
scenario_10_product_inhibition_cal__run_0243,41.21212121212121,0.6839768785452763,20.47895711842112,17.351867051010235,0.4778801884300372,0.0691011566571491,0.0,0.0048387403623757,0.0143275716748375,14.962044150568122,0.5428477940401198,0.0356851762349371
scenario_10_product_inhibition_cal__run_0243,42.42424242424242,0.7705448621449884,21.22816114961586,16.588353980009657,0.5542433908707837,0.0353655023718216,0.0457840251340519,0.0183152709500628,0.0494735702379762,14.290282668995602,0.6816109798852561,0.0
scenario_10_product_inhibition_cal__run_0243,43.63636363636364,0.857461255778602,20.22595508792412,16.44025096839544,0.50953175642889,0.1161637552235946,0.0,0.0,0.051355487663059,15.006077931517014,0.6368475434216138,0.0328900078703646
scenario_10_product_inhibition_cal__run_0243,44.84848484848485,0.9402676487483658,18.986010306525475,17.36936245040163,0.4915284140427833,0.0536490280591406,0.0348347369710516,0.0409740070423094,0.0262680208596984,14.202436316052433,0.7027632035138949,0.0251412760428326
scenario_10_product_inhibition_cal__run_0243,46.06060606060606,0.9159519477680216,,17.57811793016404,0.6215044344168701,0.1007579238127521,0.0082380508866958,0.0257390723581411,0.0572796758583518,14.198674297894533,0.8395969145696643,0.0084255057712678
scenario_10_product_inhibition_cal__run_0243,47.27272727272727,1.1992461298756072,18.90900493502263,16.325631510048645,,0.117647732852158,0.0,0.0121811962988077,0.0805074023454401,14.232710575287964,0.9120133186607278,0.0
scenario_10_product_inhibition_cal__run_0243,48.48484848484848,1.2377892635692518,20.234321856778102,16.74393082852618,0.7455957026746932,0.174996424166921,0.0524970225015758,0.0399383172120559,0.0673908386482134,13.347007235249684,0.9566033138967251,0.0117002652051139
scenario_10_product_inhibition_cal__run_0243,49.696969696969695,1.3877349277899604,19.758784780626964,16.081720596840174,0.6592749567651308,0.1646631336062355,0.0570846839349878,0.0,0.132285551299452,13.799396676657633,1.070062155464406,0.0170850570803485
scenario_10_product_inhibition_cal__run_0243,50.909090909090914,1.380704692880261,18.663618938769066,16.58013519422255,0.7578572402685658,0.1393096223393177,0.0159200700247504,0.0222092098494287,0.1125550511687802,13.67005895630787,1.1862595172230384,0.0028621356722553
scenario_10_product_inhibition_cal__run_0243,52.121212121212125,1.6307683370107582,19.133154347957376,16.410027513777703,0.8693282639282685,0.1149909469210002,0.0320949280505334,,0.0885239447389529,,1.2823666087763237,0.0234050191107756
scenario_10_product_inhibition_cal__run_0243,53.333333333333336,1.6727460514886192,18.68205945625139,15.764245108565024,0.9530483389832612,0.1324706617626968,0.0362434299975906,0.0485218314265739,0.1261476459995583,13.530038718158972,1.403189210685266,0.0
scenario_10_product_inhibition_cal__run_0243,54.54545454545455,1.8254478147085125,19.003278661278657,16.293703665013158,1.0208608583332692,0.1956311151166737,0.0348555180816123,0.0322939282556461,0.0866135885841059,13.874982554895654,1.41879319763028,0.0
scenario_10_product_inhibition_cal__run_0243,55.75757575757576,1.9518432739851903,18.925503343329925,17.300386506234947,1.0875562048490572,0.1781847676072485,0.0498524787385701,0.0209416219999053,0.0897146359417468,13.282411233335456,1.5012202631985097,0.0230069908693786
scenario_10_product_inhibition_cal__run_0243,56.96969696969697,2.051120395768593,18.02751842591429,16.472820359432454,1.10311384662894,0.2302387730347264,0.0484352790797392,0.0321269367716522,0.1357311203034803,14.045441140118744,1.671398235872906,0.0365659861522918
scenario_10_product_inhibition_cal__run_0243,58.18181818181819,2.3241822835484536,18.094194116261328,15.454064728452453,1.076535321718487,0.1874922219017275,0.1101587458763579,0.0205077527394292,0.1396625949258713,14.063780397894142,1.861448720338536,0.0
scenario_10_product_inhibition_cal__run_0243,59.3939393939394,2.2238050841645687,18.004955209447733,16.341829554198725,1.1534671206430127,0.1858603280402692,0.1024181034361328,0.0311306384210276,0.153035272317783,13.659148681372288,1.861709094747106,0.0056355296515246
scenario_10_product_inhibition_cal__run_0243,60.60606060606061,2.468213800461551,17.306292127245314,15.484545382972112,1.4178423736448045,0.2397163511642289,0.0915547784064882,0.0338861072403961,0.180842284025585,13.506332034174958,2.0146169819657422,0.0357347341319633
scenario_10_product_inhibition_cal__run_0243,61.81818181818182,2.601029632594894,18.854151985035266,14.86591561259584,1.3045656832869832,0.2606269074364789,0.0718414937261199,0.050927210431002,0.1552916474677897,13.258740453765531,2.142219805388926,0.0229332784674425
scenario_10_product_inhibition_cal__run_0243,63.03030303030303,2.924396741228412,17.87985905877706,15.05771680398141,1.45135572800875,0.2411905332762032,0.0742018611183694,0.0362647767494777,0.2313496006183672,12.648236706887674,2.263401943122481,0.050004933760703
scenario_10_product_inhibition_cal__run_0243,64.24242424242425,3.0382529477658937,16.970873585826308,15.223186427080629,1.4270383001836393,0.2903068090812706,0.0966469662518864,0.0797595082923775,0.2057502727099606,,2.4307178332171766,0.0097963104674043
scenario_10_product_inhibition_cal__run_0243,65.45454545454545,3.0598896736569903,17.308458556306785,15.022074404179902,1.5512374003038572,0.2973620917750165,0.097404896617925,0.0283989280264258,0.2409429835746639,13.92193947317234,2.6499479408624134,0.033036073794882
scenario_10_product_inhibition_cal__run_0243,66.66666666666667,3.5064556633341217,15.778985300063448,15.696457858701889,1.6080681707536626,0.2791876208436129,0.0931891022664942,0.0290538435770781,0.2187082267549154,13.017469151345344,2.8061748737355523,0.0
scenario_10_product_inhibition_cal__run_0243,67.87878787878788,3.595238739830765,16.195856467231856,14.8727622803019,1.5879152715944145,0.2671737777781982,0.1308265724870194,0.0928597207548733,0.2277810648208153,12.781629688561454,2.8490682929979223,0.0276320444299948
scenario_10_product_inhibition_cal__run_0243,69.0909090909091,4.062643350880839,15.545774569366278,14.638063670579193,1.763789017722869,0.3468217757506252,0.1301601660232466,0.0442759667211939,0.24408009074443,12.011240618960402,2.991544957258045,0.0094301659725645
scenario_10_product_inhibition_cal__run_0243,70.30303030303031,4.018164243034948,15.60091906466274,14.748079298225058,1.7081273837759132,0.3235844677285839,0.193635898676498,0.0885693017029536,0.1747439906389522,12.44464691055584,3.28117640059449,0.0288653741889124
scenario_10_product_inhibition_cal__run_0243,71.51515151515152,4.092888816085179,14.761403927455644,14.125185955268716,1.87008884844686,0.3135941876833327,0.1602860757995577,0.0566447025483157,0.273089656967262,12.858838779895068,3.506599918675875,0.0
scenario_10_product_inhibition_cal__run_0243,72.72727272727273,4.662767948285853,14.630366676543572,14.81990761623872,1.7841415198392805,0.3704088864101225,0.2000372360896206,0.0450380968504329,0.3018386456435581,12.170682058832504,3.6716788139018535,0.0157278692922886
scenario_10_product_inhibition_cal__run_0243,73.93939393939394,4.53583555822333,14.510735655139856,13.833065899020877,1.9354313784922592,0.411905601777607,0.1832986060023499,0.0934593693491459,0.2673035423850819,12.692610095684726,3.9594907497352576,0.0457363002007664
scenario_10_product_inhibition_cal__run_0243,75.15151515151516,4.371545187855794,13.744735442177385,13.621565654683268,2.094058312991794,0.3942884368797837,0.2450595108632816,0.0822887019604962,0.2601205996956114,12.190109895917455,3.909292608002549,0.0
scenario_10_product_inhibition_cal__run_0243,76.36363636363636,4.88893052209264,13.344005738968884,13.836573147421126,2.017562136925152,0.356799545629395,0.2693146122849713,0.0832714627996219,0.2878658966500599,12.029794665342,4.142124662536684,0.0344467265022353
scenario_10_product_inhibition_cal__run_0243,77.57575757575758,5.294323396912797,13.8014093245424,14.127694608510598,2.130822884860835,0.3957192001024928,0.1996302651883797,0.0155125625969909,0.3018110446589176,11.778106187386754,4.467888459995199,0.0554394583624647
scenario_10_product_inhibition_cal__run_0243,78.7878787878788,5.540177343050938,12.329462739090996,13.206644323200756,2.045903707760825,0.4202790319695721,0.2552743133904214,0.0959559420658331,0.332294919122286,11.192334724000244,4.434021602619154,0.0628879847617885
scenario_10_product_inhibition_cal__run_0243,80.0,5.647941680141808,12.664872246908525,13.046476177688886,2.1523289983727403,0.4342482390471079,0.279248435130522,0.118783645239904,0.3758975649465275,,4.982768836398078,0.0538408399263103
scenario_10_product_inhibition_cal__run_0243,81.21212121212122,5.918527957990736,,12.839922982355905,2.066298091815631,0.4162580468779756,0.3134523194799005,0.0366367922670883,0.3659154466132011,10.998092624002688,4.979053376889199,0.0573537462206928
scenario_10_product_inhibition_cal__run_0243,82.42424242424242,5.972987081089177,12.127604332787678,12.516487707002312,2.2615224531445284,0.4176947034445844,0.3317893411744838,0.0776592363622502,0.3822029668247895,11.541749150150594,4.996369986494861,0.0768080483635837
scenario_10_product_inhibition_cal__run_0243,83.63636363636364,6.669296630762075,11.139389594034268,12.436556289720166,2.426690749587919,0.4560039541801693,0.4279652902819991,0.0618328209953893,0.3988460579994513,11.42816525240753,5.34879353206256,0.0623274131104711
scenario_10_product_inhibition_cal__run_0243,84.84848484848484,6.870651209243865,10.31477791508213,13.244639105941314,2.375727440753557,0.504669526412199,0.3864808146840371,0.0718177888651447,0.421458981874824,11.002785493115544,5.408098821380934,0.0734122546259207
scenario_10_product_inhibition_cal__run_0243,86.06060606060606,7.1114258405615205,10.440006524891992,12.00098809939466,2.4697228969944125,0.5193345981848191,0.4561497082299923,0.0850820829236382,0.4262587206102429,10.957534209672996,5.488543963395195,0.0484556032786277
scenario_10_product_inhibition_cal__run_0243,87.27272727272728,6.772023992081554,9.129537820877806,11.530389770128894,,0.4929821849078464,0.3776927315172903,0.0927631287849484,0.4253507245218755,9.862754356704698,5.807136240434726,0.0543704697553368
scenario_10_product_inhibition_cal__run_0243,88.48484848484848,7.399981020516634,9.010142513312925,12.163388870448284,2.595287593421592,0.5530188247442019,0.3968312777773455,0.1348297156417122,0.4607764217948884,10.124103640850288,6.222698634929499,0.0143464513045102
scenario_10_product_inhibition_cal__run_0243,89.6969696969697,7.438128025740392,9.02523466143476,11.693620940084823,2.5125094389432023,0.5569099049161734,0.4518379117868759,0.0902257043860557,0.468166390033147,9.920028446171036,6.494258053657399,0.0669112309535295
scenario_10_product_inhibition_cal__run_0243,90.9090909090909,7.83378157046516,8.279698487482099,12.036985319714182,2.6707718283648703,0.5901115718463142,0.4706946173085825,0.0993438424205612,0.4992842889318641,10.909923938140336,6.848694542676168,0.0329865151437511
scenario_10_product_inhibition_cal__run_0243,92.12121212121212,7.982973109730444,7.625976847740458,11.606601800812395,2.7286799555840453,0.5674533982076357,0.5185647421767613,0.1395920503492086,0.4858939266409771,10.28027130668874,7.280264455489121,0.0705689380152859
scenario_10_product_inhibition_cal__run_0243,93.33333333333334,8.531387679205944,7.377144870860407,10.970710136058209,2.6892191378566124,0.5663407179610493,0.4515301571337572,0.1487374569145883,0.6048562561900287,9.617690198792046,7.447334933336124,0.0484165611461068
scenario_10_product_inhibition_cal__run_0243,94.54545454545456,8.595945425023077,6.890338070734579,10.831823311289694,2.7017161336631297,0.5527943434257315,0.5899562722848519,0.1508665423232008,0.5463668464281665,9.732833483824129,7.446136956466384,0.0759943317497104
scenario_10_product_inhibition_cal__run_0243,95.75757575757576,8.772034678007467,5.87700826863879,10.742366436915596,2.918427858111716,0.609369424443456,0.5107444379506737,0.124175518431847,0.5726930779386076,9.5271126448977,7.74774263900421,0.0656222623325629
scenario_10_product_inhibition_cal__run_0243,96.96969696969695,8.57494646515311,5.711780247822695,10.501899769126542,3.087317555370794,0.6440621731710825,0.6028376539151022,0.0898892141671297,0.547093457532751,9.283643906134072,8.421116751186137,0.0799880359003335
scenario_10_product_inhibition_cal__run_0243,98.1818181818182,8.411230559847946,5.251949799137397,10.81182095669327,3.0207579338246906,0.6038245527023862,0.5853731471137142,0.1517050839919374,0.662810187145475,9.235579404282564,8.47104117931447,0.0601472181800425
scenario_10_product_inhibition_cal__run_0243,99.3939393939394,9.506936556226655,4.50551797079553,10.210548376415668,3.023723225374101,0.6244130509774314,0.6685557312299728,0.1444667085380032,0.532698149499776,9.113081710650992,8.669164595474044,0.0510781802013866
scenario_10_product_inhibition_cal__run_0243,100.6060606060606,9.283593687677286,4.051872849978334,9.567335319728535,3.101206838633439,0.6473299104424752,0.6935825261427838,0.1259607261497843,0.5894592556094049,8.533762281516353,9.16328944342573,0.0793879262621768
scenario_10_product_inhibition_cal__run_0243,101.81818181818184,9.667941506930422,3.7993731893243217,9.692913487956496,3.1759656941833465,0.6604780348196978,0.6567644705656825,0.120860747183586,0.5885138826824953,9.31818288994318,8.79834021516458,0.0795548289582364
scenario_10_product_inhibition_cal__run_0243,103.03030303030305,10.244617682855806,3.3402756174596586,9.745971142698144,2.980340450771777,0.6855074544124155,0.7683539882692931,0.1844199835462528,0.6019947996096917,8.355564053321647,9.644389633915008,0.1112425271972937
scenario_10_product_inhibition_cal__run_0243,104.24242424242424,10.11712443009237,2.5753720986943978,9.573310793858164,3.46595560505512,0.610467353607796,0.7945562136113308,0.2027440616680917,0.653721367152404,8.17922634348641,9.284544347464266,0.0631736544808756
scenario_10_product_inhibition_cal__run_0243,105.45454545454544,10.177696180432989,2.0977177974485954,8.513396953762246,3.4193440104328823,0.7058346774296633,0.8327249835436492,0.223131169608539,0.6386947218796812,7.658307139771631,9.94671366423424,0.0876911982151179
scenario_10_product_inhibition_cal__run_0243,106.66666666666669,10.49190880951127,1.7538747831330082,9.677267930949917,3.347371995241832,0.756206976282246,0.8717827530853344,0.1995083741081489,0.6942381929308561,7.736007677290239,,0.0895179130517417
scenario_10_product_inhibition_cal__run_0243,107.87878787878788,10.541306920751556,1.077107973167797,8.652353213074372,3.406523495154646,0.7600537273330583,0.8371842152962313,0.1494694859924762,0.7122910059403749,7.735360943686355,10.180339244482616,0.0436750960633594
scenario_10_product_inhibition_cal__run_0243,109.0909090909091,10.87454046878245,0.7688189454874264,8.620090670625126,3.5113181500345174,0.8263121447401504,0.922372509568043,0.1641462699956799,0.7313062056364106,7.43546793099476,10.316853139511998,0.1028698797190634
scenario_10_product_inhibition_cal__run_0243,110.30303030303033,11.254491420574205,0.4168001356483338,8.445860895828266,3.683078004163789,0.7434163379349731,0.8983026705514926,0.1502225080369128,0.7411548200589517,7.256030436730794,10.842698875105638,0.082265184344778
scenario_10_product_inhibition_cal__run_0243,111.51515151515152,10.957960751668873,0.2612673275908521,8.204959912530128,3.604727882936078,,0.8995246590625761,0.2068589187445217,0.6956472127959772,7.484006972226999,10.572886980425135,0.0807174670944958
scenario_10_product_inhibition_cal__run_0243,112.72727272727272,11.508014428774525,0.2510803069914262,7.343426836822943,3.566349124119126,0.7575367265638111,0.9617162062864392,0.1667911750781432,0.7708156643178407,7.133118177772544,11.056322202751591,0.0777048920982615
scenario_10_product_inhibition_cal__run_0243,113.93939393939394,11.327214238438254,0.2980854278259428,7.065115682403236,3.608441948559716,,0.8711745850487734,0.1775305813390489,0.8309765765177844,7.178264997606579,11.271169660011536,0.0726327789253074
scenario_10_product_inhibition_cal__run_0243,115.15151515151516,11.291501559008031,0.3011241664671822,6.607957227542268,3.933145724384903,0.7760116328390442,0.956898707182391,0.1778501485463225,0.8322961207422053,6.929936604391103,11.466866572903609,0.0840787482081379
scenario_10_product_inhibition_cal__run_0243,116.36363636363636,11.745196839780858,0.2827283309898935,5.9078689755171885,3.9323865032409446,0.882305330999047,1.0097389539205777,0.2200028768391929,0.9100903467803038,6.910785057350001,12.253047849536314,0.1067364820755517
scenario_10_product_inhibition_cal__run_0243,117.57575757575758,12.240667925236725,0.2789547674101816,5.658487861592143,3.953068753510523,0.9226458456626176,1.0132098252711448,0.1884767003881187,0.9587487468932208,6.759344909231608,12.008896992872051,0.111867377587393
scenario_10_product_inhibition_cal__run_0243,118.7878787878788,12.063986492510615,0.2569977604786069,4.777804590890926,3.6369335861823897,0.8317213215962732,1.0119494532187518,0.2416139411615116,1.0974553918057324,6.095873228093073,11.877516663162586,0.0961138988933863
scenario_10_product_inhibition_cal__run_0243,120.0,11.739148116629147,0.2596291828735121,4.380040876127279,3.855352552133714,0.8390182471717715,1.0401084305453243,0.203029152160105,1.1156951262315689,6.426042227150397,11.9303698589952,0.0986406934854732
scenario_11_oxygen_limitation_cal__run_0217,0.0,0.0,14.100061156750783,14.549936498735804,0.0001284803208667,0.0431404409409784,0.0127238133172479,0.0,0.0196540765532204,3.0680516606993007,0.0,0.0
scenario_11_oxygen_limitation_cal__run_0217,1.2121212121212122,0.0,13.587730815511476,14.580075790176902,0.0046705199125782,0.0,0.0,0.0079002191597237,0.0,3.019932384992391,0.0058313409665918,0.0054678993978063
scenario_11_oxygen_limitation_cal__run_0217,2.4242424242424243,0.0,14.630010476650932,14.849937015176438,0.0,0.0,0.0097426036264196,0.0079761711486311,0.0318651261899876,3.0043063142240007,0.0209458977744886,0.0010817112110623
scenario_11_oxygen_limitation_cal__run_0217,3.6363636363636367,0.0,14.570562310501607,,0.0001227704479503,0.0,0.0,0.0010446616174176,0.0311336852923098,2.8534396949114136,0.0195842246522928,0.0037366805195901
scenario_11_oxygen_limitation_cal__run_0217,4.848484848484849,0.0,14.020434577131324,14.336998481189656,0.0,0.0019955301790798,0.0064813347676054,0.0136633702390076,0.0,2.93796390787831,0.0038262558074368,0.0
scenario_11_oxygen_limitation_cal__run_0217,6.0606060606060606,0.0,14.67842444764616,14.945176688708605,0.0115975560528362,0.0,0.0485896153911813,0.0272365839963142,0.0061322940003205,3.076962580225576,0.0,0.0602255460367021
scenario_11_oxygen_limitation_cal__run_0217,7.272727272727273,0.0098140612378048,14.108299665770003,14.93411898454134,0.0,0.0270220016635263,0.0005037245829686,0.0103272403998146,0.0116798351047821,2.6838409624634085,0.0,
scenario_11_oxygen_limitation_cal__run_0217,8.484848484848484,0.0,14.12865156531911,14.858287607916449,0.0061938646596166,0.0,0.0,0.0,0.0241374250851344,3.011792361308223,0.0548063166833613,0.0023322470108149
scenario_11_oxygen_limitation_cal__run_0217,9.696969696969695,0.0404288704167389,14.833761782702078,15.26844539329654,0.0258661624761456,0.0,0.0,0.021992437975263,0.0,2.869989959651692,0.0,0.0
scenario_11_oxygen_limitation_cal__run_0217,10.90909090909091,0.0962790552613952,14.231036983502502,14.979034897887274,0.0,0.0450637908072632,0.0,0.0192579035784433,0.0057536342089935,2.921290994588342,0.058088122354317,0.0153091289685738
scenario_11_oxygen_limitation_cal__run_0217,12.12121212121212,0.0788356363523487,14.532641709363451,14.735188598332426,0.0207516946604071,0.0196036977943931,0.0013227506179793,0.0210030046504644,0.0023599727999686,2.964295073658872,0.078828674512678,0.0075102460605066
scenario_11_oxygen_limitation_cal__run_0217,13.333333333333334,0.1433762362947721,14.02182166376342,14.616437039937075,0.0393413276183384,0.0,0.0046136348836042,0.0216932341661976,0.0414266229738321,2.9813581269700373,0.0881047195890608,0.004324587711447
scenario_11_oxygen_limitation_cal__run_0217,14.545454545454549,0.1966009038209647,13.818385642131894,15.06190946162802,0.0509250654749672,0.0211719488856569,0.038928980632687,0.0005995388443119,0.024675256775363,2.709761428891837,0.0431760578953071,0.0
scenario_11_oxygen_limitation_cal__run_0217,15.757575757575758,0.2182560990136577,14.333572179554816,14.780068865718922,0.0327380669457518,0.0,0.0,0.0297365122067345,0.0045799940754857,2.782194982139236,0.1309407174827283,0.0045309132646303
scenario_11_oxygen_limitation_cal__run_0217,16.96969696969697,0.2459413097026871,14.601489732381625,14.76659765058082,0.0689294232975801,0.0171384694442596,0.0331879998798389,0.0151797547702999,0.0203644213033701,2.833419266728196,0.1760053855326557,0.0
scenario_11_oxygen_limitation_cal__run_0217,18.181818181818183,0.2676002241567011,13.53410812810353,14.510921588623274,0.0549199360976211,0.0246124002075731,0.0,0.0,0.0430856556672202,2.874465606280032,0.1733249748042762,0.0
scenario_11_oxygen_limitation_cal__run_0217,19.393939393939394,0.4243321786821475,13.381332941627049,13.991738005094044,0.0662742125088265,0.0177694722220085,0.0264435953064541,0.0,0.0405284758616859,2.6589795251100394,0.1753129371901138,0.0
scenario_11_oxygen_limitation_cal__run_0217,20.60606060606061,0.5341031752200424,14.00454618468836,14.212103751260168,0.040462476571544,0.0035180708309865,0.0,0.0049938940586416,0.0078699027353675,2.4364864984782937,0.3095521973453816,0.0302850295686794
scenario_11_oxygen_limitation_cal__run_0217,21.81818181818182,0.6042187713884467,13.21262606341588,14.269738973775194,0.108265290951439,0.0,0.0151013211668062,0.0,0.038170850862763,2.6185139450674004,0.3447508779824852,0.012717894158373
scenario_11_oxygen_limitation_cal__run_0217,23.03030303030303,0.7016309369469034,14.07144387593169,14.030213604993907,0.080054688672304,0.0211754192602201,0.0,0.0548544631088395,0.0625865762509617,2.4881583922471027,0.4310870529096456,0.0059117739466341
scenario_11_oxygen_limitation_cal__run_0217,24.24242424242424,0.8380139434055054,14.016854766746071,13.770715514151364,0.1528687004135523,0.0036185220357219,0.0218301385313829,0.0488177428519718,0.066593789380281,2.334848400280609,0.4030187891960152,0.0262236045597101
scenario_11_oxygen_limitation_cal__run_0217,25.454545454545457,0.9289936448438584,14.507515057769323,13.97594188074683,0.1195673094527237,0.0737573338794931,0.0107626241380773,0.0216267993349653,0.0825619174457005,2.118475412728732,0.5379160332077414,0.0430888788121088
scenario_11_oxygen_limitation_cal__run_0217,26.666666666666668,1.1732720661431215,13.999920419268731,13.237564673916385,0.1897019368211578,0.0243936080008712,0.0108821688587878,0.0383274500433349,0.0859756689442619,1.871186397170184,0.6874720868683999,0.0
scenario_11_oxygen_limitation_cal__run_0217,27.87878787878788,1.3102061708678616,12.918740117852826,14.26839607568928,0.20570522021589,0.0618226165003657,0.0,0.0598405106198011,0.1342984368418775,1.9006935613346527,0.7008225839317035,0.005064534658139
scenario_11_oxygen_limitation_cal__run_0217,29.090909090909093,1.4912736201811838,12.97153510120872,12.432458515894137,0.2637577815609563,0.048820713443689,0.0005683406983451,0.0694732498004214,0.1564827203954121,1.867646428132684,0.8676672796889193,0.0
scenario_11_oxygen_limitation_cal__run_0217,30.303030303030305,1.8292876773163893,13.335047233441328,13.509825413752049,0.2795226563687202,0.0875643605619441,0.01353095816419,0.0727336409581811,0.1240997027880469,1.4706021313894109,0.9478833603592016,0.0
scenario_11_oxygen_limitation_cal__run_0217,31.51515151515152,2.040374742941342,12.69339002084474,13.123968869643369,0.3818700356429881,,,0.1012444244572164,0.1457824782466985,1.5629425889617756,1.199103879276784,0.0061269388774389
scenario_11_oxygen_limitation_cal__run_0217,32.72727272727273,2.335243506961078,12.06504639455174,12.2519394856316,0.3882331937010596,0.1293134477823008,0.0322762029010192,0.0802537475453258,0.191144981408314,1.1271732926264877,1.3286573173650056,0.0153832466236194
scenario_11_oxygen_limitation_cal__run_0217,33.93939393939394,2.709892395291753,12.291679094182005,12.434266552773169,0.5318849676302049,0.1226234030825801,0.0220141587562004,0.1324208810930325,0.2367194464938968,0.8553892120286027,1.4889859291517542,0.0290026415480748
scenario_11_oxygen_limitation_cal__run_0217,35.15151515151516,2.866964540684646,12.179321487495828,11.492169297519055,0.5663812920741076,0.1763181878194984,0.0212933014626249,0.1103067072493399,0.241514593749385,0.6375230650598691,1.8209165257281992,0.0704276724125596
scenario_11_oxygen_limitation_cal__run_0217,36.36363636363637,3.0570869070760547,11.544056166358292,11.18771595928301,0.6608373342741877,0.237025140192876,0.0333741314907529,0.1594929587905053,0.3276541397498216,0.2680510402298591,1.9673290832941577,0.0734619855102741
scenario_11_oxygen_limitation_cal__run_0217,37.57575757575758,3.73462003443462,11.921777967503902,10.771387667837756,0.8532319380387181,0.2076198231279303,0.0235014049581551,0.2202057608234258,0.3261408073717233,0.0266727121652795,2.184470562907514,0.1104246066943705
scenario_11_oxygen_limitation_cal__run_0217,38.78787878787879,3.72834355970268,11.282826484873752,10.498706444747285,0.9180480218720956,0.2519536182771281,0.0090467994329733,0.2452260771726794,0.2889077621013344,0.0012331996124642,2.380889908043735,0.0872351712319391
scenario_11_oxygen_limitation_cal__run_0217,40.0,4.406984352044134,11.23564293336125,9.936748930785528,1.0943722156451323,0.2446124425868852,0.0625848096178989,0.283531202481856,0.389465851701969,0.0,2.579352071877388,0.068475826949794
scenario_11_oxygen_limitation_cal__run_0217,41.21212121212121,4.58089533565336,10.827379909173192,9.768780204438702,1.296056691207963,0.3197485565322828,0.0511543766560308,0.2991827333425606,0.4104775530127868,0.0162969420811586,2.897902767935433,0.0972224276032017
scenario_11_oxygen_limitation_cal__run_0217,42.42424242424242,4.876394987003052,10.314103987524588,9.625236711804272,1.3762656195936396,0.3641626934845319,0.0156488128140832,0.3543816763906124,0.4944507918445421,0.0,3.237302779436153,0.1393077946994464
scenario_11_oxygen_limitation_cal__run_0217,43.63636363636364,5.4265756874020505,10.237649009400744,9.046934617962329,1.639776278583885,0.3886089439687962,0.0677156892704805,0.433377559490418,0.4722787164538085,,3.5453043320084925,0.1679690247273932
scenario_11_oxygen_limitation_cal__run_0217,44.84848484848485,5.893407678870014,9.611307785930348,8.32014304125971,1.6634333648829005,0.4497110666640603,0.0285532194470647,0.4981257351116138,0.5141712542484876,0.0175332453951978,3.9242162115453945,0.1252718097161985
scenario_11_oxygen_limitation_cal__run_0217,46.06060606060606,6.176609559409562,9.209978640633093,8.124573538047382,2.005906431108889,0.5162243082070022,0.0790927802709572,0.4948407269586193,0.5518367230008484,0.0,4.382607532741806,0.1293085032403295
scenario_11_oxygen_limitation_cal__run_0217,47.27272727272727,6.748821359936071,9.105396162786816,8.094323320174432,2.291964083551533,0.5610522038113163,0.047348628812622,0.6059259776181343,0.5583748485915612,0.0177124607450951,4.583377758082871,0.1802371578109225
scenario_11_oxygen_limitation_cal__run_0217,48.48484848484848,7.511962920969641,8.263698602900119,7.394456198999165,2.458845215822808,,0.0523746440157937,0.6739853309520912,0.5983621706567659,0.0,4.97115482365594,0.1886005599515972
scenario_11_oxygen_limitation_cal__run_0217,49.696969696969695,7.734889307762623,8.41771773668628,6.9826367151998845,2.7870864102834045,0.6841226044354253,0.0,0.7800323097120417,,0.0,5.426398621112007,0.2369722467745056
scenario_11_oxygen_limitation_cal__run_0217,50.909090909090914,7.620616674360091,7.20819547240527,6.445005268740163,3.0756861649242464,0.720538616301351,0.0705334928751146,0.8060944460760535,0.7270015079364499,0.0,5.59449802298684,0.1935228753151738
scenario_11_oxygen_limitation_cal__run_0217,52.121212121212125,8.6291400481629,7.356678688558984,6.3325062505417,3.3359104181081007,0.8068195381743439,0.1068458830625118,0.8480172138475404,0.7614751684354804,0.0067453441111388,5.99584576514222,0.2938424948237846
scenario_11_oxygen_limitation_cal__run_0217,53.333333333333336,9.17687000356318,6.86765848531768,4.935235000527431,3.742638703582559,0.9336471261061766,0.0783061213160078,0.9270703504566972,0.8244920958480464,0.0525023227187407,5.970530425984993,0.268931754105764
scenario_11_oxygen_limitation_cal__run_0217,54.54545454545455,10.21369206028928,6.360457874472911,4.773655047255256,3.787703471270055,1.0039110101905062,0.0794781643508807,0.9928195323173608,,0.0,6.95689868631949,0.3342541675403057
scenario_11_oxygen_limitation_cal__run_0217,55.75757575757576,9.985264321407575,5.534824979807184,4.3659307708109045,,1.071541688669646,0.0861037645896724,1.0614836013003497,0.828050470342699,0.0221957844497388,7.126471608377799,0.3029771923333738
scenario_11_oxygen_limitation_cal__run_0217,56.96969696969697,10.458219043343444,5.584916201232104,4.117609502897202,4.715866003571438,1.1410199492720643,0.0753982816208308,1.0062716052168974,0.8460370888809428,0.0258509607983943,7.618971573105167,0.3526975127681032
scenario_11_oxygen_limitation_cal__run_0217,58.18181818181819,10.642543953538857,5.02363933080162,3.513933777241116,4.963992644083826,1.1717456878016483,0.1043209714418435,1.1597034872750107,0.8729884658360807,0.0150501875581717,8.02609462933062,0.4064215709194471
scenario_11_oxygen_limitation_cal__run_0217,59.3939393939394,10.909472885948848,4.537781484455722,3.197953972468917,5.292612189341825,1.2615749909996294,0.0875454279587741,1.2674088455543675,0.9836235281225144,0.0,8.829971918483785,0.372255543405042
scenario_11_oxygen_limitation_cal__run_0217,60.60606060606061,11.595144258283344,3.9335611939418,2.8631326912593704,5.786155455939232,1.3016501126299451,0.0920387117805193,1.325555789228011,1.0208834874378383,0.0089806153468326,8.34292914148349,0.4240894201681693
scenario_11_oxygen_limitation_cal__run_0217,61.81818181818182,12.577946421721297,3.49566131731384,2.4491555744748634,5.929797060092773,1.4474321564798722,0.1243981877080028,1.4409065151145075,0.9982615831327278,0.0,9.03084277424289,0.4637988242006857
scenario_11_oxygen_limitation_cal__run_0217,63.03030303030303,,2.819540111243564,2.013960027859106,6.161137894121635,1.472242054805066,0.1000341014966998,1.3934823854529457,1.052219475240488,0.0,9.403678747436135,0.4617584482216157
scenario_11_oxygen_limitation_cal__run_0217,64.24242424242425,12.207100310482192,2.693286700974243,1.6770195940947268,6.479498692145163,1.5587371712560805,0.1288024811968882,1.5877698988299322,1.040161809204878,0.0221446330039212,9.645206609247854,0.4760806280442151
scenario_11_oxygen_limitation_cal__run_0217,65.45454545454545,12.893431102959497,2.2613472213590087,1.397648525433495,6.944796998477493,1.687899585534179,0.1418706288091251,1.6210634318728183,1.0760212505392852,0.0137268458793812,10.21790485356343,0.5513552906759729
scenario_11_oxygen_limitation_cal__run_0217,66.66666666666667,12.686399914803976,1.7557691775879214,1.225575233430032,7.250722706721792,1.6468289280068438,0.0877096769623026,1.6760217407278493,1.155645497619934,0.0,10.062507100665108,0.6137128028726972
scenario_11_oxygen_limitation_cal__run_0217,67.87878787878788,13.25562327178299,1.2865178738806968,0.8601578892478403,7.282965756460952,1.875103996378372,0.1035507440939444,1.7584441258065504,1.040273411459889,0.0,10.895618238369153,0.5956289901574424
scenario_11_oxygen_limitation_cal__run_0217,69.0909090909091,13.41112837608063,0.9431626542381724,0.8281829039141516,7.636024298901014,1.810389722671084,0.0684000266153527,1.768232360376374,1.098602094931015,,10.454164818207182,0.5700331785055522
scenario_11_oxygen_limitation_cal__run_0217,70.30303030303031,13.66063257808315,0.582521021013719,0.6363327994526589,7.5576257171258145,1.918934920683404,0.1033291258900798,1.8544322894064,1.135922366801787,0.0145968094183816,11.390877915428383,0.5525496423845621
scenario_11_oxygen_limitation_cal__run_0217,71.51515151515152,13.880376169033113,0.2642869646899001,0.5283930367677362,8.110347952407741,1.8259750910065733,0.1568955419852271,1.9422367567920056,1.264219102970991,0.0,11.955447495429324,0.5837706551897546
scenario_11_oxygen_limitation_cal__run_0217,72.72727272727273,14.580852849145066,0.1482216491554013,0.2879471351175285,8.047369690640625,1.9437962604447585,0.1562379974447242,1.8741744500564688,1.1355409170882962,0.0006278935468672,11.5886482309042,
scenario_11_oxygen_limitation_cal__run_0217,73.93939393939394,14.201151870730108,0.1915859208888714,0.1774442121701948,8.024168912319862,1.969227572257625,0.1144803793383109,1.9141270571358544,1.1858704716916242,0.0181272368401631,12.401384823324438,0.5940953260847048
scenario_11_oxygen_limitation_cal__run_0217,75.15151515151516,13.656544180200044,0.1246569097886539,0.2041860357604223,8.256538456717138,1.8112567986669936,,1.8249638619359343,1.1043750950734776,0.0,11.880043841020498,0.6926463262450153
scenario_11_oxygen_limitation_cal__run_0217,76.36363636363636,14.462369757943856,0.1388966460934673,0.1175956606654875,8.17817473296596,1.8977678954225463,0.0628747568692625,1.884102144924308,1.106796753196152,0.0012715517692109,11.094701200271748,0.5757844081640361
scenario_11_oxygen_limitation_cal__run_0217,77.57575757575758,14.65141589969495,0.1357301629588032,0.20303688625111,8.281742405264257,1.8425842696643715,0.1542043367755404,1.9691387517865384,1.1972959400933385,0.0140019005961418,11.64213135577327,0.6482207168914751
scenario_11_oxygen_limitation_cal__run_0217,78.7878787878788,14.452951707005946,0.1808816729876469,0.1761198626008717,7.865518840245843,1.8193251491311289,0.1405789701972866,1.851692982477001,1.14558586001829,0.0,11.631825852911502,0.6339257952965316
scenario_11_oxygen_limitation_cal__run_0217,80.0,15.19177378867439,0.1539947952175143,0.1314871748104195,7.900317066938307,1.8712303476573844,0.1056162154269492,1.8964604329788053,1.2144251973038656,0.0231825771578677,11.727708123527492,0.5730244439388467
scenario_11_oxygen_limitation_cal__run_0217,81.21212121212122,13.88194381115958,0.1255596125227844,0.1721401656567444,7.926477787887155,1.9377416003816563,0.1029104052000449,1.9333849694909413,1.2461113254007998,0.0,11.328408536907888,0.6372757467084889
scenario_11_oxygen_limitation_cal__run_0217,82.42424242424242,14.273370148437824,0.1814593250237054,0.1667328211595266,8.145462755650602,1.9453291929108432,0.1371400406213296,1.9487747553250183,1.2518153837425898,0.0056743299759437,10.96255550488104,0.6231712386368006
scenario_11_oxygen_limitation_cal__run_0217,83.63636363636364,14.01972824827669,0.1786465604161867,0.1661665650610961,7.904519445190778,1.9228602130776056,0.1071921889804341,1.918578622689784,1.100567601596727,0.0051931362808284,11.813078453855734,0.6799309368583765
scenario_11_oxygen_limitation_cal__run_0217,84.84848484848484,14.77337859806816,0.1763431834322538,0.1853455773397118,8.052526824216171,1.8420314360093928,0.1381777756060296,1.878043793515268,1.0866213539292384,0.0070440072131001,11.999674536816434,0.5778416638592878
scenario_11_oxygen_limitation_cal__run_0217,86.06060606060606,13.656099606290375,0.1396736157551647,0.1218358006171098,7.974962902127244,1.7352368207693858,0.1260405965688713,1.778237111473425,1.222587498848228,,11.844533483368355,0.592837951198134
scenario_11_oxygen_limitation_cal__run_0217,87.27272727272728,14.009053510859763,0.1783673086722912,0.1891861025270818,7.947586217347082,1.860797139290288,0.0837272875307073,2.074088996638864,1.2567719159452544,0.0,11.832506544920712,0.6391057936044969
scenario_11_oxygen_limitation_cal__run_0217,88.48484848484848,13.788240999745923,0.1534876068214384,0.1987383419782689,8.048947248712988,1.7920317322153243,0.0928441893149949,1.934819556671876,1.1915162137961837,0.0178297405914342,,0.6572138907227152
scenario_11_oxygen_limitation_cal__run_0217,89.6969696969697,14.075280227523129,0.1128492563927169,0.1732314808980002,7.980182701100356,1.8922799714543603,0.1497320890193358,1.9157006474342824,1.1694221351788645,0.0038182497756372,12.147258549668097,0.6339554642973492
scenario_11_oxygen_limitation_cal__run_0217,90.9090909090909,13.724261253515875,0.2034758591969691,0.1794761520883159,7.715727991410133,1.9189727921643915,0.0971261333747174,1.8293906067272308,1.075951636072885,0.0,12.030048691822971,0.6511344294150194
scenario_11_oxygen_limitation_cal__run_0217,92.12121212121212,13.793966824267786,0.1634043479896288,0.2133942394295954,7.925886959662772,1.889491495170027,0.1086553462920116,1.9526253749478544,1.2323325762153778,0.0,11.625278478238142,0.5499450955572891
scenario_11_oxygen_limitation_cal__run_0217,93.33333333333334,13.951103805541036,0.159825401879486,0.193096117040759,8.278820615691052,1.826453443998548,0.1246078275370705,,1.1919158380533792,0.0,11.51384302431762,0.6213319485864265
scenario_11_oxygen_limitation_cal__run_0217,94.54545454545456,13.914282743459395,0.1935809963556063,0.1704714550875421,7.999626693418052,1.9986563423952763,0.108357891782398,1.9056962932514103,1.081851245382863,0.0,11.412664857592128,0.6748891834160613
scenario_11_oxygen_limitation_cal__run_0217,95.75757575757576,14.23189167057224,0.1284562921486247,,8.94856009173088,1.902165316362468,0.143256802868275,1.8068170655931728,1.221050730512166,0.0111279441034422,11.523996637647588,0.6166730800121117
scenario_11_oxygen_limitation_cal__run_0217,96.96969696969695,,0.1760009343889281,0.1954219494554153,8.007338168579933,1.881038880345844,0.1716316049498706,1.9043312324207045,1.2465593077281376,0.0156100570047658,11.730235919185368,0.6113368630921046
scenario_11_oxygen_limitation_cal__run_0217,98.1818181818182,13.80420755205986,0.23555899182703,0.1905661831801746,8.20134436130892,,0.1091490822216967,1.925627784538159,1.1734165295389525,0.0110748650326875,12.41355429438354,0.5552808711636068
scenario_11_oxygen_limitation_cal__run_0217,99.3939393939394,14.395518313482576,,0.1937617345310828,7.656930995652549,1.805814458351754,,1.8038356365592816,1.2879257020329733,0.0,11.436136398533012,0.6131847414031434
scenario_11_oxygen_limitation_cal__run_0217,100.6060606060606,14.70704640647717,0.1958916714908431,0.2098593450972355,8.420784022715031,1.95002449324453,0.1460778581452637,2.0050103643165964,1.1250631381377474,0.0,12.359254458062846,0.6261532117864153
scenario_11_oxygen_limitation_cal__run_0217,101.81818181818184,14.118535433830289,0.211672544134217,0.1770491491392051,8.047459348017561,1.9999178649886529,0.1540670596329474,,1.1973290123483664,0.0043877651353418,12.092253669117056,
scenario_11_oxygen_limitation_cal__run_0217,103.03030303030305,14.284406795358104,0.202781325012874,0.207073159806669,8.597026084826812,1.898479869465652,0.1193252736611921,1.9221081054385485,1.1316941507054976,0.0,11.286982808624192,0.6407236684783574
scenario_11_oxygen_limitation_cal__run_0217,104.24242424242424,13.447776742385694,0.2284937815314887,0.211769013943541,8.622741132177522,1.7882372290496278,0.078116113830749,1.8256111639330224,1.2416210029916477,0.0,11.974434887843197,0.6342774933532206
scenario_11_oxygen_limitation_cal__run_0217,105.45454545454544,14.159064048456273,0.194648989671654,0.2265607163765909,8.007970401377072,1.9508022774268403,,1.982228822839251,1.2025956742849826,0.0,10.932764805186824,0.6410805734719491
scenario_11_oxygen_limitation_cal__run_0217,106.66666666666669,13.961190581450232,0.2236120943906913,0.2115709648422984,7.850118958396602,1.9081487920155389,0.096705497824694,1.941457424559789,1.1945621893767733,0.0284252430810721,11.67785552752618,0.6004329457795264
scenario_11_oxygen_limitation_cal__run_0217,107.87878787878788,14.11694569055077,0.2038529846738191,0.2170329264009579,8.126218440379922,1.9046330286161777,0.1074929197019265,1.9497988814517653,1.2209857035528957,0.0177611864292651,11.955244164709406,0.6082030062513262
scenario_11_oxygen_limitation_cal__run_0217,109.0909090909091,14.043743657637677,0.1919651899832478,0.2013423623481987,8.107299178088558,1.8271012953586427,0.1016555024031968,1.852083863195036,1.325854808933359,0.0,11.757665893085465,0.6137077982525564
scenario_11_oxygen_limitation_cal__run_0217,110.30303030303033,13.77642181487969,0.2165627165071565,0.2135179327548852,8.312752894229732,1.775685466951982,0.1449963812786326,1.7482282273153602,1.1977228157905777,0.0,11.736844815663568,0.7178967193573077
scenario_11_oxygen_limitation_cal__run_0217,111.51515151515152,14.050878288278382,0.1786657513455925,0.1850184736204264,7.930846633613796,1.9102817970053296,0.1396162961330107,1.7936818208379788,1.071356465116939,0.0131891974909491,11.556016468509249,0.6153493568811789
scenario_11_oxygen_limitation_cal__run_0217,112.72727272727272,13.379602799382788,0.2089402078669601,0.2462764995025046,8.061163233474728,1.7400248657668589,0.1386919251444455,1.960354857447916,1.2998834067063594,0.025840826072708,11.404277064581294,0.6514889011491948
scenario_11_oxygen_limitation_cal__run_0217,113.93939393939394,14.479139609737146,0.2292171579229848,0.209033406617917,7.535498587941077,1.9557707777970468,0.124401254318401,1.831359136180576,1.1929109564090925,0.014825767221186,11.748616799453298,0.5955142831513183
scenario_11_oxygen_limitation_cal__run_0217,115.15151515151516,14.056608152991808,0.2448850456646981,0.27219930623096,8.367879483301467,1.8546750882468643,0.0528805885096058,1.858146371937528,1.196233288086903,0.0168720211998627,12.568008029220843,0.6275047485505445
scenario_11_oxygen_limitation_cal__run_0217,116.36363636363636,14.108291640042234,0.2455750923460715,0.2608721883808214,,1.921098309689677,0.1453240944226148,1.933730629942591,1.2177632288990323,0.0,11.645946573719156,0.6197845100380458
scenario_11_oxygen_limitation_cal__run_0217,117.57575757575758,14.020810993675662,0.2709793478091494,0.2142289435941222,7.875648471344677,1.9254638584322723,0.1207704582800892,1.8692620689330628,1.1925871522720772,0.0,11.438244742189305,0.6425962849666156
scenario_11_oxygen_limitation_cal__run_0217,118.7878787878788,13.904948701162144,0.2123819613839576,0.285872965047017,7.976802534187235,1.930848470311324,0.0989040988756874,1.9702990804731304,1.181472500897678,0.0051613312222588,11.829659872835531,0.6518150662360127
scenario_11_oxygen_limitation_cal__run_0217,120.0,14.127253159449754,0.2322687440181797,0.2640168341627645,8.086514039434421,1.985251876227188,0.1293176307245652,1.844121077013816,1.248262625680105,0.0351671780293496,11.48141159671042,0.530508922364644
scenario_12_death_decay_cal__run_0034,0.0,0.0,18.197605606154024,12.591513053799206,,0.0,0.0041470978239493,0.0161682474469976,0.0,15.340950879804758,0.0,
scenario_12_death_decay_cal__run_0034,1.2121212121212122,0.0,17.19977674160695,12.643123602475816,0.0,0.0,0.0252736310277253,0.0485779695647913,0.0,15.177832174936649,0.0,0.0058690777144823
scenario_12_death_decay_cal__run_0034,2.4242424242424243,0.0224007225262767,17.003996921125108,12.318129832957815,0.0,0.0241085707135264,0.0,0.0275277412963402,0.0078876452403682,15.438585764205492,0.0,0.0
scenario_12_death_decay_cal__run_0034,3.6363636363636367,0.0,16.53442154595246,13.12077863968739,0.0,0.0,0.0049347182646022,0.0084969042252154,0.0054631906795639,15.080936058556055,0.0180264992246808,0.0
scenario_12_death_decay_cal__run_0034,4.848484848484849,0.0,17.12689585912067,12.651120291655513,0.0,0.030030636256837,0.0,0.0391843827253592,0.0,14.720029690050987,0.028007928955377,0.0138776072371483
scenario_12_death_decay_cal__run_0034,6.0606060606060606,0.0180967838190609,16.332909081822937,12.775512077255076,0.0105962475361024,0.0045283972337521,0.0,0.035926185691008,0.0008470624365908,15.029547933611166,0.0415167409499342,0.0
scenario_12_death_decay_cal__run_0034,7.272727272727273,0.0108956549375942,17.367751588984397,12.619352548633206,0.0,,0.0060959148934917,0.0,0.0230176742598357,15.072158504646168,0.0094262022854864,0.0
scenario_12_death_decay_cal__run_0034,8.484848484848484,0.0585139546379326,16.89532074729518,12.97071189836764,0.0542358179000745,0.0099965180952592,0.0343166271133778,0.0294130148036477,0.0,15.07826980356415,0.036469041900687,0.0196005365293643
scenario_12_death_decay_cal__run_0034,9.696969696969695,0.0132036509785995,17.625447091315948,,0.0,0.0,0.0,,0.0033048680143666,14.79504913261514,0.0204962031098534,0.0107067637263488
scenario_12_death_decay_cal__run_0034,10.90909090909091,0.0846900923330281,16.356360270683698,12.768162511193989,0.0028289438614641,0.0,0.0,0.0262230588678461,0.0,15.10201512918044,0.0357737644377705,0.0505487445590992
scenario_12_death_decay_cal__run_0034,12.12121212121212,0.0675671256500329,16.721717041300746,12.511017914576447,0.0227610138233219,0.0344080458705682,0.0,0.0,0.001235650617393,13.596271567123177,0.045820583940702,0.0
scenario_12_death_decay_cal__run_0034,13.333333333333334,0.1001278344685146,16.71921304814527,12.695142713548025,0.0,0.0293486185309788,0.0,0.0,0.0011478936907772,15.629508829268955,0.0490815074678497,0.0
scenario_12_death_decay_cal__run_0034,14.545454545454549,0.1098011231537527,17.146691878551117,12.979632592960384,0.0113381056446485,0.0,0.0211161329844798,0.0050338009560348,0.0115851071752499,15.298942450425912,0.0399424791462016,0.0080708331805936
scenario_12_death_decay_cal__run_0034,15.757575757575758,0.140634980062015,17.329250895773743,13.460822735628035,0.013529077051145,0.0,0.0045951883155009,0.0,0.0236462296827512,14.658488751337998,0.021436692884357,0.0
scenario_12_death_decay_cal__run_0034,16.96969696969697,0.1528829427229085,18.03202412881415,12.704460020469623,0.036437443082101,0.0,0.0,0.0,0.0,15.118691931903124,0.1057556888189429,0.0057206089250539
scenario_12_death_decay_cal__run_0034,18.181818181818183,0.1472157731085172,17.858870165696683,12.704544522853258,0.0,0.0202695561624211,0.0,0.0211990264202322,0.0609328030113543,15.133339654280768,0.0388048090433126,0.0122010430650501
scenario_12_death_decay_cal__run_0034,19.393939393939394,0.1826469003559514,16.84989760706299,13.105576076181755,0.0178039513963654,0.0375762568521645,0.0102894587378683,0.0400078741773035,0.0095627839299041,15.188143169555934,0.0806748442121952,0.0
scenario_12_death_decay_cal__run_0034,20.60606060606061,0.2125688239488131,17.105375943523352,11.29765683175118,0.017597942308871,0.0,0.0372245565292734,0.0,0.0240730174898162,14.29596219016734,0.1032182960627834,0.0
scenario_12_death_decay_cal__run_0034,21.81818181818182,0.2387160234771918,17.357170642263096,11.92246846481962,0.0,0.0,0.0297852362187014,0.0210983878338383,0.0,15.018281065549608,0.1378424721116398,0.0079466629956519
scenario_12_death_decay_cal__run_0034,23.03030303030303,0.2763926078579162,17.767614909638816,12.627202956374246,0.0111288181671875,0.0161758668875611,0.0035961999044812,0.0291716195875591,0.0321600621079388,14.457900846193938,0.1638698975255825,0.0280520973781628
scenario_12_death_decay_cal__run_0034,24.24242424242424,0.2765029114262987,16.451615157978267,12.142520685844048,0.0172376109127573,0.0208450518101002,0.0222959509114965,0.0195704243613789,0.0,15.53691950299408,0.1609954168877193,0.0110509816211218
scenario_12_death_decay_cal__run_0034,25.454545454545457,0.3157609694029724,17.404558796738797,12.68124392305261,0.0181913391783799,0.0397394475128273,0.0224236472064028,0.0,0.0295203677829709,15.137790386790376,0.1846539882808248,0.0
scenario_12_death_decay_cal__run_0034,26.666666666666668,0.3451359927584529,17.66705314797744,12.356659086122669,0.0272746837530522,0.0,0.0076462259202878,0.0362635460782482,0.0114495339746553,15.06037201844496,0.2500712575940984,0.0
scenario_12_death_decay_cal__run_0034,27.87878787878788,0.4086437958184873,16.416523100752006,12.729185479405947,0.0,0.0102963862648143,0.0252943347456107,0.0223658746193693,0.015409943794176,14.953972107014648,0.272907118098403,0.0212103237500122
scenario_12_death_decay_cal__run_0034,29.090909090909093,0.3753054864176259,16.455294504689103,12.28996353776683,0.0315393202840616,,0.0337761352704087,0.0,0.0334875780922364,14.75276987071962,0.270427561101454,0.0
scenario_12_death_decay_cal__run_0034,30.303030303030305,0.5058725313006045,16.822113064209248,12.008994770333072,0.0106986424700588,0.0434731335229894,0.0135552605748689,0.0,0.066894066416084,14.983677971579084,0.3245647982903123,0.0136653720733844
scenario_12_death_decay_cal__run_0034,31.51515151515152,0.5182572855826865,17.26240830340818,12.029563179919382,0.0241667961145483,0.0308845477920621,0.0143892400884019,0.0365983623174732,0.0545732506606442,,0.3796142502023508,0.0
scenario_12_death_decay_cal__run_0034,32.72727272727273,0.5786623650068209,17.353953615848848,11.829195318498236,0.0293084806371003,0.0,0.0080498171222743,,0.050240219042573,14.808921317462987,0.3922262631762454,0.0
scenario_12_death_decay_cal__run_0034,33.93939393939394,0.6702289797258577,16.087393552475262,12.015112016451187,0.0334042663827109,0.0165850846794406,0.0326656256209944,0.0138499582714377,0.0758310054819801,15.352111841129808,0.5626226144528343,0.0
scenario_12_death_decay_cal__run_0034,35.15151515151516,0.7335964124064007,17.136970655396624,12.049686482753982,0.065872937130602,0.0247523232682085,0.0,0.0,0.1118785235304849,13.678555677160292,0.5828078862442643,0.0318643546498525
scenario_12_death_decay_cal__run_0034,36.36363636363637,0.8805208214547805,16.70327698417918,11.505844954336654,0.0732220950016443,0.0462144365892709,0.0362636433049416,0.0046026586934524,0.0481967967151789,14.599243551372217,0.5879700214603583,0.0052131734202924
scenario_12_death_decay_cal__run_0034,37.57575757575758,0.9004625116086598,16.990473758943264,12.22124133153432,0.0541096096802888,0.029204475162949,0.0288183722462474,0.0063164206536277,0.0772188115394673,14.795094223911937,0.6271451779602386,0.0022175071296087
scenario_12_death_decay_cal__run_0034,38.78787878787879,1.075830038516008,17.19112408501491,11.259615184699156,0.026806516706968,0.019941979448397,0.0,0.0181285536362052,0.0979196263097489,14.714684058869238,0.7765021394049427,0.021663093480338
scenario_12_death_decay_cal__run_0034,40.0,1.1373242575410951,16.831160847073978,11.207284606671598,0.0950458571387226,0.0223789273532926,0.0,0.035329218715767,0.1474947208267908,15.043655953104498,0.8633994136213091,0.0123343797479289
scenario_12_death_decay_cal__run_0034,41.21212121212121,1.3413874906051455,15.781529380532954,10.980256096635133,0.1009259686086086,0.0187858387726083,0.0,0.0197589199121276,0.1696817893286066,14.19484578123719,1.0557411678957378,0.0346045401770888
scenario_12_death_decay_cal__run_0034,42.42424242424242,1.4454896155061971,14.97119350344932,10.838317343209132,0.0949203934268543,0.025701215148811,0.0351660557203204,0.0336918487390619,0.1473153512333516,13.304651889397396,1.1028166159980364,0.0162137512675974
scenario_12_death_decay_cal__run_0034,43.63636363636364,1.5628370708769108,16.18928523810743,11.094585822540258,,0.0502738186537613,0.0207980276605984,0.0114542323073424,0.1623778491790004,14.04030299321592,1.2975952896238594,0.0228472082212287
scenario_12_death_decay_cal__run_0034,44.84848484848485,1.776875913309076,15.97809082621583,10.284405444422282,0.1481007942462181,0.0726744900026625,0.0094397103314081,0.034108310925882,0.2158161127164468,13.330969998805738,1.4706956591905185,0.0133431776212418
scenario_12_death_decay_cal__run_0034,46.06060606060606,1.9689619223594528,15.668847385375573,10.359756602014912,0.1741518647516957,0.0583567220609156,0.0,0.011142426541978,0.2057818796598958,14.45647245966693,1.6250006480556023,0.0359554389399983
scenario_12_death_decay_cal__run_0034,47.27272727272727,2.2249624196019027,14.571709576897035,9.817690717466634,0.182085844648221,0.0536627532039749,0.0073948698030662,0.0166668777717306,0.2880367077153432,13.195249281408596,1.711348040910939,0.0316982381235216
scenario_12_death_decay_cal__run_0034,48.48484848484848,2.5734532486405874,14.708615770193076,9.417061254140217,0.1907275697023562,0.0644330985516334,0.0235557774872113,0.0230391093554023,0.2700025326257874,13.655263566595004,2.157177189940944,0.058436402961149
scenario_12_death_decay_cal__run_0034,49.696969696969695,2.7976233686066045,14.85845076000028,8.591934787499458,0.2062255994581528,0.0854513090534236,0.0485392179114749,0.0384041042386072,0.3459484269080085,13.540382647123488,2.4415796577919653,0.0578893473823631
scenario_12_death_decay_cal__run_0034,50.909090909090914,3.10164080108704,14.223795151235068,7.924431438824918,0.2378888301786036,0.1154352556601875,0.0150894024134791,0.0627119004372327,0.3712127879920819,13.031842476949889,2.599339540476222,0.1000141625275132
scenario_12_death_decay_cal__run_0034,52.121212121212125,3.593692670180885,13.69917724783185,7.613789036358553,,0.0750240793280879,0.0395236555016523,0.0816356299022375,0.4486682733762539,12.98180542711844,2.8433738948246567,0.0860312546082534
scenario_12_death_decay_cal__run_0034,53.333333333333336,3.896901936804696,14.363211720435151,6.920671869077177,0.3064445477642631,0.1864018093678018,0.033369793758416,,0.4194354789112753,12.92056356542758,3.192929515246107,0.1036516666752611
scenario_12_death_decay_cal__run_0034,54.54545454545455,4.238937888566343,13.482011971063235,6.2063786608229785,0.3146174343402043,0.1276463816906745,0.012983789605481,0.0687676889583491,0.5416757036822146,12.226585858549178,3.525088590536221,0.103115304790909
scenario_12_death_decay_cal__run_0034,55.75757575757576,4.628748239628264,13.259466038562726,6.040953273094603,0.3159926489367641,0.1363555026669198,0.0718874991649955,0.0767883809371606,0.4321154978917879,12.339735311695518,3.966811339850407,0.1239234551564603
scenario_12_death_decay_cal__run_0034,56.96969696969697,5.553414238432936,12.266711168333709,5.131490270518714,0.401109885941794,0.1581643501345911,0.050692394868171,0.0460770511179053,0.6287006852977924,11.870103403926263,4.440234677445312,0.1263043319323744
scenario_12_death_decay_cal__run_0034,58.18181818181819,5.778274767483133,11.743447777718668,4.268123784399573,0.3290182674482272,0.196058195680416,0.0250771776664674,0.0526927274492845,0.6644387323445459,11.392518024083117,4.6092073652932655,0.1534387068768116
scenario_12_death_decay_cal__run_0034,59.3939393939394,6.448551189618344,11.278771299190296,3.505838647634304,0.4365478983705635,0.2916609572966109,0.0943094899870461,0.0727566866877509,0.8115304198601585,11.222671810250224,5.086544306628243,0.1536928372402375
scenario_12_death_decay_cal__run_0034,60.60606060606061,6.897379577327111,11.094016108436747,2.6584790915321377,0.4958031398179354,0.2730750318249745,0.1194251511995044,0.0927472151058256,,11.45289712663836,5.780941980193725,0.191373066882548
scenario_12_death_decay_cal__run_0034,61.81818181818182,7.258065852695696,10.152123437101752,2.0366173449531084,0.5397653183930242,0.2775163496756871,0.1075310679772837,0.1005250853545938,0.8405976420709667,11.123027253213186,6.469091222626401,0.2177801184002426
scenario_12_death_decay_cal__run_0034,63.03030303030303,7.70533920694663,9.207276470462814,1.3930193919880411,0.5674423742253073,0.3553806389622898,0.0503442838492361,0.094570361286395,0.956130944945272,9.431319922046953,7.162557339062976,0.3097382865165712
scenario_12_death_decay_cal__run_0034,64.24242424242425,8.642568172039372,8.983394290923213,0.9543662200885346,0.6709957709224105,0.4246571440017851,0.0673078485808559,0.1001781312274965,0.9637382455522958,,6.922613403360957,0.2729354108604769
scenario_12_death_decay_cal__run_0034,65.45454545454545,8.614906228455629,7.925559847749289,0.5645778387466025,0.6634953802279608,0.3821150601242438,0.0925324967965281,0.1231986257750786,0.8541187959064682,9.688468943163524,7.83993813435987,0.3307265351286986
scenario_12_death_decay_cal__run_0034,66.66666666666667,9.096199239169495,7.3041541877848895,0.4169725449737395,0.6986517871043683,0.4370016357243228,0.0570642530357185,0.1470736481878641,0.9825587421414322,8.856851102872684,8.224126636770512,0.2885477745209393
scenario_12_death_decay_cal__run_0034,67.87878787878788,9.10948019797621,6.453208187480908,0.2795235045985924,0.722740257305665,0.4457378699670924,0.1131350676406338,0.1503982481900845,0.9851451337444864,9.71087437218066,8.219303438870785,0.3567814286823765
scenario_12_death_decay_cal__run_0034,69.0909090909091,9.096443978762776,5.629481134540519,0.2066495909057846,0.754169386068459,0.4824669939291994,0.1215801093688285,0.1361087137886504,0.9811492098003356,8.867167755188778,8.32850519464308,0.364201374280007
scenario_12_death_decay_cal__run_0034,70.30303030303031,9.750106616571005,4.909866059270501,0.1731435359738133,0.7843473966472148,0.5390237596962222,0.1286388461093977,0.171369651380302,0.9583330263799408,9.027618655861932,9.089966570678206,0.3443704166658449
scenario_12_death_decay_cal__run_0034,71.51515151515152,9.305271326172152,4.062689631196774,0.1606467574036767,0.8649868757588467,0.4579164409974574,0.1122670164458657,0.1496359712107395,0.974930190844285,8.785712773147917,9.072542312529666,0.3587261544311195
scenario_12_death_decay_cal__run_0034,72.72727272727273,,3.5912140944256765,0.1623680716271199,0.8366458909063451,0.5697514349086058,0.0736349212327554,0.1915462393329841,0.9416659046212672,8.546931603073451,9.141537549230229,0.3827828653592782
scenario_12_death_decay_cal__run_0034,73.93939393939394,9.76931364802266,3.0148448164921704,0.183170691807294,0.7559066922551906,0.5820658630195722,0.1082992125690325,0.1769882414259236,0.9986270847219024,8.042695290839069,9.51667958301885,0.4825573134506322
scenario_12_death_decay_cal__run_0034,75.15151515151516,9.411439431396635,2.4637533048805995,0.1888991678779266,0.945706548085265,0.5696144206005632,0.1073980978140811,0.2016443164893079,0.9899900805365338,7.730956406541296,9.679444568552997,0.4218105054778889
scenario_12_death_decay_cal__run_0034,76.36363636363636,10.08967183457294,1.891670885055536,0.1624845455887353,0.826112568468582,0.6328914335803785,0.0921666731847508,0.1950170658550809,1.0335669267329763,8.147326294335503,10.079238142143549,
scenario_12_death_decay_cal__run_0034,77.57575757575758,9.263805779182526,1.5842927695313798,0.1409227365505303,0.8033814485786464,0.6612287099595914,0.1616181213799867,0.1962464574858307,0.8504901559935092,7.642610375017031,10.07529690962136,
scenario_12_death_decay_cal__run_0034,78.7878787878788,9.510840976295992,1.0563858728957447,0.2201418599693219,0.8639632757183967,0.602025779085691,0.1126326764433899,0.1732164579199631,1.045219912131189,7.404432575951326,9.708298260603009,0.367977615163151
scenario_12_death_decay_cal__run_0034,80.0,9.464519876856544,0.7797860820526452,0.1763177015080924,0.7782575895834603,0.6551935965524605,0.1292361550606365,0.1911413489449287,1.1468510284542237,8.125076579812257,10.0781298946823,0.4324225089475061
scenario_12_death_decay_cal__run_0034,81.21212121212122,8.862039420055682,0.4845585544971358,0.1595409674825992,0.9498946323920776,0.7201398896968719,0.1643113691892337,0.166120254353786,0.9688372401276756,7.553486896970141,10.623939188944853,0.4647367526571027
scenario_12_death_decay_cal__run_0034,82.42424242424242,8.61562208243032,0.3654597727996497,0.1829450533270142,0.9720849078603346,0.6163751147819968,0.1005239825954413,0.185953462076288,1.026366972441224,7.417953778122816,10.59999149491197,0.416060726125239
scenario_12_death_decay_cal__run_0034,83.63636363636364,8.884482011630956,0.1620755461596793,0.2079439403060689,0.9339364199086176,0.6616206955739463,0.1360247410802121,0.1913568301278896,0.9273623739829182,7.805188950334329,10.493934300850276,0.5282606450303368
scenario_12_death_decay_cal__run_0034,84.84848484848484,8.373625370065259,0.1331720629764178,0.2338006798575952,0.9204579826700996,0.6295762018417137,0.1141530184627972,0.1620080872861002,0.9969715252494766,7.389068591265197,9.76813986612894,0.478490194586309
scenario_12_death_decay_cal__run_0034,86.06060606060606,8.25498634141374,0.1432731023542769,0.2279858199910666,0.8991024464262112,0.5863761051469549,0.1097552806505508,0.2007307202588747,1.0495465561738646,6.953706080481783,10.796272727594705,0.4306307618588586
scenario_12_death_decay_cal__run_0034,87.27272727272728,8.282453177992608,0.1395097267694837,0.2735901737385681,0.8356737017616938,0.6219810236004496,0.1121970767342144,0.2024000726570194,1.102035360288553,7.764370242967005,10.403901443673131,0.3895255359525286
scenario_12_death_decay_cal__run_0034,88.48484848484848,8.088281118337662,0.1415205909566194,0.2238370088458915,0.7994799372656898,0.5898185994002734,0.1163319426345098,0.1928813684271355,1.001551796246687,7.270450461587821,10.752101314775038,
scenario_12_death_decay_cal__run_0034,89.6969696969697,7.951577925411289,0.1339933335090548,0.2614939354278628,0.8209968234304504,0.6352349529722885,0.1186002079648222,0.1971943695281078,,7.501627936865562,10.535298964686554,0.484176596368337
scenario_12_death_decay_cal__run_0034,90.9090909090909,7.669787594653313,0.1395389940943255,0.2158054190039092,0.8554597448587641,0.6628058695859776,0.1279751089280624,0.1821099366615121,1.0585209264408009,7.706744977025134,10.48079461015363,0.5082380882369102
scenario_12_death_decay_cal__run_0034,92.12121212121212,7.339939516107851,0.1271999353704879,0.2468341609328553,0.9081320514373517,0.6933165028544283,0.1369381720287451,0.1989139714532517,0.9933572376554144,7.620185733216737,10.614959479379902,0.4273747002659584
scenario_12_death_decay_cal__run_0034,93.33333333333334,7.598052798428196,0.1588218802568121,0.2149963920361517,0.9097158155787262,0.5871996197590441,0.1432971019367624,0.1855316876650481,1.039202055858652,7.829155840312727,10.162689110212598,0.4521485992554295
scenario_12_death_decay_cal__run_0034,94.54545454545456,6.867027854175901,0.1419606094089154,0.2261963983659963,0.9430466866429168,0.6600793646905906,0.1611901707598979,0.2034797128386504,0.9610773682175262,7.196358083142103,9.988849627294416,0.5026901411372752
scenario_12_death_decay_cal__run_0034,95.75757575757576,6.940775415580929,0.1215175569894295,0.2248038895297141,0.871800196147439,0.6351442162318771,0.1114351439626169,0.2165919811573743,0.9370038826569564,7.777184819977297,10.538557629312088,0.4384252698630857
scenario_12_death_decay_cal__run_0034,96.96969696969695,6.713045190179389,0.16645091799185,0.2264659519194467,0.8856604928357459,0.6268218314429989,0.1279351922388563,0.1931861030633101,1.0347035963028806,7.233245603514819,10.551040244157235,0.4824152454177771
scenario_12_death_decay_cal__run_0034,98.1818181818182,6.807422631857616,0.1525948066148699,0.2092793534781512,0.9449321698184128,0.7549370787820486,0.1205400536062312,0.2094445132994423,1.0270205328621285,7.179177975307558,10.260447188885529,0.4905823352468024
scenario_12_death_decay_cal__run_0034,99.3939393939394,6.285242423621493,0.1792383219307469,0.2100816266612599,0.9089804391011505,0.6155928197558589,0.1064145452522215,0.1835125147649752,1.0244636934331022,7.6332641390330735,10.372170532397362,0.396986352060773
scenario_12_death_decay_cal__run_0034,100.6060606060606,6.257819734988187,0.1900973373591131,0.2506284455737543,0.8900398677174761,0.6497670017628886,0.0970100749789725,0.1585939013061678,0.9785893128398534,7.699999010548288,10.645357476648751,0.4863714558666427
scenario_12_death_decay_cal__run_0034,101.81818181818184,5.994359419450155,0.2072255158211768,0.2376168903040429,0.96421832032747,0.5890818121449384,0.1208446740751682,0.1970466800110065,1.041598863587357,7.705774674217108,10.62595636265633,0.432761006546445
scenario_12_death_decay_cal__run_0034,103.03030303030305,6.211977374086324,0.1832912915245809,0.228041080296734,0.91167471863405,0.5734289511817529,0.141698746641823,0.153342145270111,1.1404437844574566,7.29745983172994,10.768717875461386,0.4233454732330846
scenario_12_death_decay_cal__run_0034,104.24242424242424,5.579784324516877,,0.2584050867013483,1.075501168781185,0.5831928200530541,0.1269327634930252,0.164210430966725,0.9731125308907974,7.162519382196998,10.28252513004119,0.4674268426437256
scenario_12_death_decay_cal__run_0034,105.45454545454544,5.603556308779027,0.187645651566514,0.2170861298742708,0.962626385538767,0.677473937845019,0.0883594929892892,0.1854520616897472,1.0245886883323885,7.148377149094258,10.38619472102742,0.4314944591139891
scenario_12_death_decay_cal__run_0034,106.66666666666669,5.585062965598921,0.1406972173992315,0.2510425199236373,0.973740072799102,0.7134519776279508,0.1391218754647478,0.200612517521936,1.0615482959113929,7.267533917893423,10.430908508140194,0.4705502618001175
scenario_12_death_decay_cal__run_0034,107.87878787878788,5.478820650605347,0.174941493396598,0.2945932881624341,0.9426731542939296,0.600254482691598,0.1126524626008404,0.1792048718690038,1.045558676550536,7.259978491469338,10.268339650655232,0.4504000193431621
scenario_12_death_decay_cal__run_0034,109.0909090909091,5.43087017538644,0.1967267304313031,0.2723844602198436,0.8871327536365752,0.6436002461739306,0.122295863889626,0.1381558330532102,0.9741954487959752,7.427548587840988,10.773964240710614,0.4343911860025506
scenario_12_death_decay_cal__run_0034,110.30303030303033,5.120502281562199,0.1741944375239321,0.2418577760485482,0.9477422439048732,0.619846439282032,0.1624686295013948,0.1987389102861675,1.07171564327292,7.474381328255818,10.71619813948752,0.4829849472520511
scenario_12_death_decay_cal__run_0034,111.51515151515152,5.146076048346963,0.1745396947603459,0.2392122602223125,0.9653387803477737,0.6269283137359166,0.1051391358493897,0.1543416638458114,1.039286512105318,7.561135191482337,10.055477835225291,0.4110470929069784
scenario_12_death_decay_cal__run_0034,112.72727272727272,,0.2100876041615766,0.2591256946285229,0.8760151874642529,0.6255468880993341,0.0719767925159368,0.1576762342596616,1.02955325661646,6.970065042866981,9.956400741508338,0.4587684056033616
scenario_12_death_decay_cal__run_0034,113.93939393939394,4.609085626379993,0.1964092285385471,0.2792411773561624,0.9744139937401216,0.5477400326574657,0.1631779905646838,0.2144396239877784,1.0948016488802423,7.554293738062367,10.704057560245063,0.5202011173033881
scenario_12_death_decay_cal__run_0034,115.15151515151516,4.803600653084066,0.1937077758132634,0.2442632608151504,0.9900723383501044,0.6399721135427693,0.1031132587958339,0.1646455228137957,0.955861574988746,7.254750173261364,10.382642389223363,0.4767690917271681
scenario_12_death_decay_cal__run_0034,116.36363636363636,4.558922863078268,0.1978646454024019,0.2483086075801665,0.8523396246720375,0.6896624065322653,0.1812636420572604,,1.09348023299023,7.835144468435905,10.247520200194757,0.4326718244602671
scenario_12_death_decay_cal__run_0034,117.57575757575758,4.721322734672071,0.1625967051555901,0.2846310489124785,0.8147973808543604,0.6863144525579011,0.1246585773531494,0.1809239772957616,1.1081217236474994,,9.89267536686209,0.471159973567061
scenario_12_death_decay_cal__run_0034,118.7878787878788,4.390829097298421,0.1939237304040834,0.2441465952973141,0.9239740887716772,0.6238174974075185,0.1110207306142615,,1.112630297314228,8.033522291494226,11.188017041652794,0.4149194033141712
scenario_12_death_decay_cal__run_0034,120.0,4.197987847878769,0.1903614295967257,,0.9498848386046088,0.6437971468068773,0.128559258615923,0.2335317181788829,1.0042063205141372,7.587091016099416,9.813883098845409,0.4197115247422743
scenario_1_maintenance_cal__run_0001,0.0,0.0,17.31613895178715,15.937662052702652,0.0211088266656072,0.0103335194268894,0.004474453546226,0.0044175828648323,0.0438154267464022,,0.0158766642655211,0.0
scenario_1_maintenance_cal__run_0001,1.2121212121212122,0.0,16.861707121648227,14.786332297394772,0.0269874957798772,0.0108953727322134,0.0526517191083949,0.0058450793907393,0.0,15.24126377249851,0.0012412052201099,0.0074077874711416
scenario_1_maintenance_cal__run_0001,2.4242424242424243,0.0,17.17094701342317,15.037078979485855,0.0193183680738497,0.0089980529956754,0.0,0.0,0.0306694355458111,15.266930681804608,0.0,0.0
scenario_1_maintenance_cal__run_0001,3.6363636363636367,0.0112237110466273,17.28535960969629,15.27182759753271,0.0317393948106865,0.0,0.0195702963892565,0.0242841056362547,0.0267190620870637,14.201751006764647,0.0062710613241839,0.0
scenario_1_maintenance_cal__run_0001,4.848484848484849,0.0009103405060732,18.15880170422617,15.35827696120072,0.0002967754896331,0.0,0.0290467292873782,0.0255918988316949,0.0,15.364549061903528,0.0358330924896426,0.0059623866013479
scenario_1_maintenance_cal__run_0001,6.0606060606060606,0.0,17.867679055525873,14.996102782458294,0.0011705204274815,0.0345369668498622,0.0,0.0083179139039315,0.0,14.982882704636989,0.0,0.0368450565754035
scenario_1_maintenance_cal__run_0001,7.272727272727273,0.0,18.572733173694644,15.340282161525767,0.0,0.0177292292167971,0.0260398938920076,5.5343023711085086e-05,0.0,15.579751903263872,0.0194806982146484,0.0062112136005721
scenario_1_maintenance_cal__run_0001,8.484848484848484,0.0398913057168262,17.54050482463769,14.563158830092336,0.0,0.0237985956982735,0.0204626373255572,,0.0086010183608872,15.5712116678601,0.0077396271777448,0.0028470434395354
scenario_1_maintenance_cal__run_0001,9.696969696969695,0.0518404898966934,17.032032827714705,15.190312025419814,0.0310792217213483,0.0201211565101253,0.0041402595419215,0.0,0.0191549540028105,15.039954462174268,0.0548625491439402,0.0014614569544545
scenario_1_maintenance_cal__run_0001,10.90909090909091,0.0386687613667932,17.088097044071944,15.314015581167874,0.0,0.0,0.0192982054232214,0.0,0.0,15.18476301035646,0.0792081877937342,0.022593563185209
scenario_1_maintenance_cal__run_0001,12.12121212121212,0.0617137098330733,17.204511042483777,15.193323410468862,0.0284873996014005,0.0155356482809485,0.0,0.0,0.0122158449861171,15.523142981329766,0.0812405172892705,0.0
scenario_1_maintenance_cal__run_0001,13.333333333333334,0.1100925248605088,17.027177477616483,15.27699196587563,0.0272729363969715,0.049999720293123,0.0,0.0184217775704447,0.0120229784130608,15.656544558683516,0.1111594928002267,0.0
scenario_1_maintenance_cal__run_0001,14.545454545454549,0.1209059707860837,17.657050321407212,15.59163263549032,0.0045695077200966,0.0021843913867905,0.0061946842960626,0.0058890391447075,0.0524221221996271,15.160340086662652,0.0977884137387354,0.037795927933855
scenario_1_maintenance_cal__run_0001,15.757575757575758,0.1294073748571662,17.243906373741662,15.332406882061097,0.0012070526894928,0.0244776492950358,0.0,0.0017287414165901,0.0,15.563836863284829,0.1081082959071319,0.0078073866482853
scenario_1_maintenance_cal__run_0001,16.96969696969697,0.1623756833818276,18.35406097601258,15.368915766843331,0.0,0.0150870449456476,0.0,0.0,0.0,14.442625282502414,0.1455584493675372,0.0
scenario_1_maintenance_cal__run_0001,18.181818181818183,0.2065892403955673,17.623080443782207,14.856732248525288,0.030815626999667,0.0093072968080962,0.0071411034763495,0.0075064708924647,0.0,14.862519193516892,0.2036486615343254,0.0
scenario_1_maintenance_cal__run_0001,19.393939393939394,0.198044820275724,17.0117445103608,15.401275038876822,0.0064588651304258,0.0016673427261181,0.0,0.0133544383238432,0.0275564238400063,13.832955773131523,0.1403645870522217,0.0151044914297554
scenario_1_maintenance_cal__run_0001,20.60606060606061,0.2802035870023293,17.925652405618088,15.08169811018466,0.0347445259397129,0.032498595291984,0.0,0.0,0.0371966661657359,14.90589374625274,0.2305690115034483,0.0
scenario_1_maintenance_cal__run_0001,21.81818181818182,0.2737228753867509,17.33338077294204,14.86673425937238,0.0,0.0491330361532422,0.0,0.0,0.0356585312996943,14.59536847381515,0.3023760620301899,0.0202590754573377
scenario_1_maintenance_cal__run_0001,23.03030303030303,0.3345181573059037,16.656080159705333,14.497139167206102,0.0430666453546333,0.0062892115631458,0.0080989360706212,0.0,0.0459398061756972,14.817732031810383,0.3224955945121782,0.01687811714226
scenario_1_maintenance_cal__run_0001,24.24242424242424,0.3809210486043644,17.339261805938023,14.224990513629152,0.0426261957457189,0.0024855594551981,0.0143837176951728,0.0,0.0053117053220086,14.035535146496017,0.4078336781511676,0.0
scenario_1_maintenance_cal__run_0001,25.454545454545457,0.4707446130016687,16.71810332081178,15.235592492193671,0.0734409800726924,0.0446165042369081,0.0188239320548629,0.0028894812856509,0.0126854875713203,14.702132078053772,0.4822243737071826,0.0
scenario_1_maintenance_cal__run_0001,26.666666666666668,0.5512674828040521,17.644174046359506,15.241288005009546,0.0,0.0086573670649124,0.0,0.0176064209160499,0.037491480928192,15.258183909263671,0.5334753752234058,0.0262481253143871
scenario_1_maintenance_cal__run_0001,27.87878787878788,0.5992424176967084,,14.687361407341074,0.0695284217645006,0.0337498650776986,0.0331189205333426,0.0095568078716771,0.0524421465310102,15.465295302386068,0.6695662560957824,0.0
scenario_1_maintenance_cal__run_0001,29.090909090909093,0.7222076234552458,16.462769400246156,14.570840676661104,0.0992611173718038,0.0386465383023165,0.0232334761634614,0.0017136282082274,0.0722777935443971,,0.742837300755962,0.0
scenario_1_maintenance_cal__run_0001,30.303030303030305,0.84126705336068,15.589195942983237,15.17165803500659,0.037998680579328,0.0,0.0014001883338878,0.0424836192564534,0.0758456335690116,13.75031078954525,0.8075322594226471,0.0
scenario_1_maintenance_cal__run_0001,31.51515151515152,0.916312962405172,16.413504765215535,14.7499994228537,0.0536836769117659,0.0327002209923518,0.0056492933605169,0.0291667088621833,0.0700501190614789,13.843267998237591,0.943055777614423,0.0
scenario_1_maintenance_cal__run_0001,32.72727272727273,1.1126721749937876,16.052675560629407,14.833535704308844,0.0912590204660636,0.0509226984623225,0.0101574624334392,0.0331705024373537,0.0702474584580852,14.484851363388252,1.1945873172050183,0.0647433497170025
scenario_1_maintenance_cal__run_0001,33.93939393939394,1.1485248219736657,15.593919802131984,13.418592569411176,0.1229470673131259,0.034664850712759,0.0,0.0676916372138745,0.0261263360513251,14.198362466431613,1.177847312075296,0.0
scenario_1_maintenance_cal__run_0001,35.15151515151516,1.497947839450668,16.427412583977546,13.789088407069691,0.1463362284458742,0.0841009508809055,0.0121942873527486,0.0121947985325219,0.0972975361559299,14.292838668421163,1.5439978301436563,0.0389103084369053
scenario_1_maintenance_cal__run_0001,36.36363636363637,1.7496562774243714,15.377359617275788,13.881201577753297,0.1288171015498441,0.0436314878083305,0.007339411329102,0.0525074668797717,0.0615583935314055,13.552180439608575,1.7659987908452124,0.0408347897164792
scenario_1_maintenance_cal__run_0001,37.57575757575758,1.806437738100083,14.389123019272136,13.7927318556012,0.1669176129914836,0.0848061455871467,0.0120470482687235,0.0273471818848708,0.1343390328212398,13.042018687201145,1.944163935504212,0.0
scenario_1_maintenance_cal__run_0001,38.78787878787879,2.146037912574181,15.440587982171465,13.95004086376954,0.2350499298874563,0.0941759067268661,0.0286546037634039,,0.2019037300583234,13.6113546461292,2.370802062271298,0.0
scenario_1_maintenance_cal__run_0001,40.0,2.5509817022600645,14.74353383445574,13.223392641604883,0.2389202285123841,0.1107643285679726,0.0466184389524839,0.0568115678199718,0.1589704661957093,12.49709085907237,2.696222878917091,0.0198912621286395
scenario_1_maintenance_cal__run_0001,41.21212121212121,3.050592266199257,14.19683580872236,13.208134348456795,0.2519032362683222,0.126133862281217,0.0594419831568985,0.0950467241074694,0.154609349442231,13.083032015788124,3.1061794073659392,0.0399343017323673
scenario_1_maintenance_cal__run_0001,42.42424242424242,3.4292178352066807,13.221010845400222,12.159689630150089,0.3186388353764374,0.1368053187131907,0.0103781035184138,0.0561370186782534,0.211381539721096,12.365041460432876,3.3899468434841644,0.0422301265892838
scenario_1_maintenance_cal__run_0001,43.63636363636364,3.716384612162742,12.023734535132675,12.521789967588196,0.4109978153885788,0.1844281837012307,0.0266740159227563,0.150136462062084,0.2551588940406744,12.259181345312204,4.163845163900305,0.0079082593191336
scenario_1_maintenance_cal__run_0001,44.84848484848485,4.400169944226828,10.89027480562538,11.930654002715467,0.4037880872600383,0.1765184026364264,0.0637890105390564,0.1051456963246548,0.2517126529594382,11.432188766589224,4.876680029366572,0.0460449380738812
scenario_1_maintenance_cal__run_0001,46.06060606060606,4.922713850639058,10.024403620231416,11.150295695547262,0.455942381621499,0.2363481514983771,0.0556288866079269,0.1415227774415403,0.3132109065568336,11.235509042048898,5.457907869645898,0.0004526904560935
scenario_1_maintenance_cal__run_0001,47.27272727272727,5.617605144414915,9.349353245086215,10.306188898289207,0.4825242575706243,0.2494904013101116,0.0596355538431164,0.1833723879604208,0.3992559723575076,10.090066155145118,6.258825862041229,0.0679369138746719
scenario_1_maintenance_cal__run_0001,48.48484848484848,6.565873150182102,7.43184896060607,9.699787210126514,0.5868038395563627,0.2786009461716748,0.1021496794865095,0.1895737125642577,0.4961264690090836,9.451959851958184,6.894499061081679,0.0618186139696575
scenario_1_maintenance_cal__run_0001,49.696969696969695,7.405035475766938,6.427609417460377,8.888117577347126,0.6763598757759846,,0.0951613237704559,0.2123499718647028,0.5052617744613029,9.162195810532484,7.987763916190577,0.0525476881019257
scenario_1_maintenance_cal__run_0001,50.909090909090914,8.212114106349068,4.895672245729112,8.87397868396643,0.8126387779389906,0.3682300069287468,0.0760731722674299,0.2664899697765532,0.5704762873479329,8.399186146596781,8.54049856138822,0.060968803975353
scenario_1_maintenance_cal__run_0001,52.121212121212125,9.336691459124806,3.7674700052051056,7.35072484603308,0.8603176274548318,0.4009148579281189,0.1016707791580275,0.3239837636651385,0.7115919871603726,7.821992552824878,9.908063680415404,0.0730185772913773
scenario_1_maintenance_cal__run_0001,53.333333333333336,10.086570854266624,2.013236101894752,6.450162443840292,0.9737008015555868,0.4941889055801882,0.1190651119741286,0.2693839455152983,0.7303324783497653,6.628091068594887,10.826768820302975,0.0694580468303343
scenario_1_maintenance_cal__run_0001,54.54545454545455,10.475428884404034,0.9377282766663454,5.371611212446828,1.0883505753490927,0.4608083807623646,0.1016230708451546,0.3626910046461222,0.8359217885178861,5.787282065297423,12.16702259271768,0.0808587088700479
scenario_1_maintenance_cal__run_0001,55.75757575757576,11.054222848137035,0.2002070671693954,0.2032994718705838,1.3081905130120668,0.5380759926986266,0.1518545905836592,0.4190537433071113,1.176258960996617,4.231645537284947,13.577624876798351,0.0759518250651322
scenario_1_maintenance_cal__run_0001,56.96969696969697,10.21051853570468,0.2424897398409284,0.2021238623838231,1.4462506161813593,0.6433576555623696,0.1035423698798167,0.2777513051519072,1.283306405272019,3.7727770849202966,14.997749429276752,0.0891119039127091
scenario_1_maintenance_cal__run_0001,58.18181818181819,10.691278844356091,0.2388806677605439,0.1951910297262971,1.33764867778256,0.5887460788234049,0.1604312648313189,0.43232925207975,1.1852565694679866,3.938578733505053,14.31406888275837,0.0930763597177991
scenario_1_maintenance_cal__run_0001,59.3939393939394,11.130489133490128,0.2964481354987586,0.2285430191844236,1.3090466312034612,0.6453066895242084,0.124606219259502,0.4030934387631236,1.2312822170402862,3.820060234843525,14.449231257891334,0.0846476060568778
scenario_1_maintenance_cal__run_0001,60.60606060606061,,0.2597835772764933,0.2484332772008616,1.281448065352784,0.6075089912559616,0.1817261898368357,0.3738659746611128,1.1836920360961554,3.6653488996587416,15.23485918991504,0.0893950549724703
scenario_1_maintenance_cal__run_0001,61.81818181818182,11.292136471100138,0.2440364165104694,0.2175576406858845,1.2831300117996411,0.5961966795076143,0.1301943649512532,0.4066131041737828,1.0423381793726274,3.876003866545157,14.739595074450918,0.081665976351161
scenario_1_maintenance_cal__run_0001,63.03030303030303,11.166725865869733,0.2771946746425179,0.2448192520187175,1.3440900990736475,0.569216605992311,0.1041562257618221,0.3791035211265327,1.2487248609151536,3.791649136713236,14.273498785853002,0.0859271675212535
scenario_1_maintenance_cal__run_0001,64.24242424242425,10.6598207299527,0.2352830793466131,0.2172835979601059,1.3018843255469252,0.5296935437497859,0.1397696630582995,0.4224241217082831,1.2933868225145788,3.703697241959293,14.813845033500815,0.1051886509871481
scenario_1_maintenance_cal__run_0001,65.45454545454545,10.679125151372,0.2369604624189095,0.192449127161025,1.2532858880914464,0.6084943565158807,0.1385174579635733,0.3761330933250899,1.3016214425127508,3.8795996618135766,14.9996451658524,0.0798923812411605
scenario_1_maintenance_cal__run_0001,66.66666666666667,10.376877082779965,0.2616664780460572,0.2363846396384607,1.3673814094728112,0.5591199913078202,0.1256781018005013,0.4029074308284273,,3.906669620693212,14.850613462507434,0.0906142410146597
scenario_1_maintenance_cal__run_0001,67.87878787878788,10.941801074847715,0.2405669634546701,0.189902311980886,1.362212837950124,0.6283298938121518,0.1289951504186583,0.348217688638556,1.13413752172163,3.8759877766598505,14.33126350468289,0.1049372416888706
scenario_1_maintenance_cal__run_0001,69.0909090909091,10.870299460417566,0.2733790318699717,0.2532537531224422,1.3584561088313942,0.6308062098859959,0.1346328807651112,0.3876073273417923,1.2694734493867004,3.9571555172061736,13.804302191266713,0.1420052576428195
scenario_1_maintenance_cal__run_0001,70.30303030303031,10.619321134426627,0.2462663591490286,0.2220499487580579,1.302166141994389,0.617078780168912,0.14081198795282,0.3233746095176658,1.1631256136754806,3.919563038136,,0.1063339538171354
scenario_1_maintenance_cal__run_0001,71.51515151515152,11.112707533203835,0.2639119122455351,0.2134534622384399,1.3762690174078418,0.5739566341791478,0.1560003741132627,0.3957517426120241,1.19217007193428,4.021510589303232,14.19499024674466,0.0911910406410568
scenario_1_maintenance_cal__run_0001,72.72727272727273,10.928385204643114,0.2694776137531597,0.2513888821198948,1.3262670567553834,0.517555413544857,0.117140842397439,0.3958377596336324,1.19134675791211,3.78462841425638,14.2151679239689,0.0534291435545272
scenario_1_maintenance_cal__run_0001,73.93939393939394,11.505047532238107,0.3087073181623606,0.2296958539852148,1.2737561143293796,0.5986816028212674,0.1440638736756535,0.4405263568574695,1.2286009252628467,3.626566047942492,15.22387888529574,0.0958007616869273
scenario_1_maintenance_cal__run_0001,75.15151515151516,10.270114353042636,0.2525814788132601,0.2226720548330816,1.4262791750379893,0.6513646188494602,0.1183673585911405,0.4043468089304375,1.222385984414551,4.189585315107717,14.431135574767026,0.0989214604735887
scenario_1_maintenance_cal__run_0001,76.36363636363636,11.059635143989023,0.2650757219566853,0.2460369966378141,1.3074516285574138,0.5784304495078583,0.1296269992689818,0.4229787192162315,1.1708324430390518,3.681910789862562,14.540047416282665,0.0952139398604417
scenario_1_maintenance_cal__run_0001,77.57575757575758,11.655972502633915,0.2626869949791356,0.2553982108645389,1.2604270731915657,0.6088112317564526,0.1708766509517251,0.3527281933381945,1.3043782749587016,3.969007639218437,14.319970587767717,0.106392972002391
scenario_1_maintenance_cal__run_0001,78.7878787878788,11.13720478615507,0.2464575341194406,0.2172593729519406,1.3497113495941118,0.6631105055554469,0.1099222219388064,0.3717225056359788,1.3100171901502564,4.153899450873611,14.5009838360319,0.0895914861524771
scenario_1_maintenance_cal__run_0001,80.0,11.507532770610654,0.32346490174571,0.2472625605084699,1.3306821166618237,0.5091026768324947,0.1264075660783955,0.4047206001141828,1.2737733892941667,3.824106667056417,14.51520367158122,0.1271762644063841
scenario_1_maintenance_cal__run_0001,81.21212121212122,10.810824358385691,0.2804656307894796,0.2645409433503707,1.2752126422794683,0.6010447487229245,0.1142337227218626,0.4166536217074309,1.192057582930591,3.621818522504473,14.265337160287912,0.0984879504567306
scenario_1_maintenance_cal__run_0001,82.42424242424242,11.08901170632617,0.2803464896393214,0.2404739582925105,1.3534134795389043,0.5190815990287005,0.0936979022290372,0.3777100541114359,1.281566104617623,3.7930291080827248,14.913939414658644,0.1068595876256221
scenario_1_maintenance_cal__run_0001,83.63636363636364,11.3047760444898,0.2862072306036822,0.2786120726989768,1.4056679830949514,0.5555714852787408,0.0965324731826435,0.4099722527029263,1.1200096794969978,3.6665807256626106,14.75000836254071,0.0907653910892117
scenario_1_maintenance_cal__run_0001,84.84848484848484,11.604803085547356,0.2594297206802401,0.2849769071987765,1.452321952144629,0.6350692349327034,0.1333841602341589,0.3012049641792749,1.2203576723800325,4.070912867545786,14.382812777055832,0.0873239072172345
scenario_1_maintenance_cal__run_0001,86.06060606060606,11.842381422494311,,0.2647171977579026,1.2778318443102272,0.6101593253677836,0.1413213003726691,0.3688068752317083,1.2502503025870857,3.7983465781896735,13.526263262898098,0.1179462761930959
scenario_1_maintenance_cal__run_0001,87.27272727272728,10.923021716859134,0.2930773686878063,0.260111664189904,1.3090575296463811,0.5306772644911584,0.0926767282241074,0.3201542631691617,1.3367740335183451,3.818721149214906,15.016471510475752,0.0773983581901307
scenario_1_maintenance_cal__run_0001,88.48484848484848,10.717681769018656,,0.216042973180021,1.3419836765825115,0.5708073841698905,0.1080097879437619,0.3891435782487009,1.162785796184318,4.034545573894202,14.141763527782306,0.0622371646573498
scenario_1_maintenance_cal__run_0001,89.6969696969697,11.057366735320786,0.3150833870061964,0.2543549908453832,1.2384821601549842,0.5687373947450557,0.1162834696024214,0.3505816177219412,1.2475867678024508,3.922647037456725,15.11469345424587,0.1409063027600683
scenario_1_maintenance_cal__run_0001,90.9090909090909,11.18646370538727,0.2961858240099789,0.2756830932896897,1.390883847410627,0.5578250462581501,0.1637473105668495,,1.3050179280431888,3.8337181277921992,14.92517791727273,0.1092177173112185
scenario_1_maintenance_cal__run_0001,92.12121212121212,11.258563787494827,0.3029165539410797,0.277939041217188,1.2793637336306578,0.5606101637110152,0.1347008097927283,0.3453700827117039,1.2571053193988888,3.959183026297452,13.999770344997266,0.0732043100244374
scenario_1_maintenance_cal__run_0001,93.33333333333334,11.092858696987706,0.2787085133288846,0.2443547338793408,1.2776696440849995,0.5855429697961784,0.0910327382542731,0.4080990285261299,1.280857874802766,3.5029348041833925,15.189484275726397,0.1127640080479208
scenario_1_maintenance_cal__run_0001,94.54545454545456,10.453239448075513,0.3289119216327579,0.234947033743354,1.2233955769469036,0.567408888617029,0.1217148291190288,0.4271751532847365,1.1929294635441143,3.985417750062223,15.613613578062616,0.1115214132625727
scenario_1_maintenance_cal__run_0001,95.75757575757576,11.49496717122216,0.2745360352501594,0.293028395962526,1.2341545760283226,0.6313467303713814,0.1365180308991035,0.3892724105238836,1.2370176313962382,4.142496812512591,14.8438684568432,0.1040044700580825
scenario_1_maintenance_cal__run_0001,96.96969696969695,10.952949038917591,0.2976469953239342,0.2857443635190427,1.2637549227705842,0.554655673176384,0.1124014646898179,0.4289298170246892,1.1816739478585638,4.001476300200826,13.739116245292117,0.0662379922797753
scenario_1_maintenance_cal__run_0001,98.1818181818182,10.966761708663306,0.3433558716359765,0.2815711714384291,1.3697611803003549,0.5233664492155455,0.1066928610204905,0.4334822568073389,1.1403975333977343,3.8596327937853343,15.331518052790774,0.1042448687052756
scenario_1_maintenance_cal__run_0001,99.3939393939394,11.347827185877271,0.3275233230849558,0.2875059134994808,1.3679358651061315,0.5767963919369915,0.1438623045601159,0.3939129022112286,1.2174825344878937,3.794582611212758,15.237983169289253,0.0813208214825472
scenario_1_maintenance_cal__run_0001,100.6060606060606,10.605669895760531,0.3242784694173061,0.2518378058348909,,0.5505398755552815,0.1176302727891963,0.3724852007835336,1.332721471698479,4.010904851865286,14.217322554653302,0.1112027272552483
scenario_1_maintenance_cal__run_0001,101.81818181818184,11.558798522324372,0.3109237417719296,0.2825392596574134,,0.5573182536927808,0.0993821441407326,0.3906717718567061,1.2391462087283505,3.7868994101899154,15.15496727919999,0.1064921878797766
scenario_1_maintenance_cal__run_0001,103.03030303030305,11.2386162677978,0.3354734512922817,0.3072045011749143,1.26148624059349,0.5627047299639645,0.1382373689063546,0.4112390572091532,1.223209398713231,3.912227808284566,14.502886342320098,0.1343808011035864
scenario_1_maintenance_cal__run_0001,104.24242424242424,11.130373532811603,0.3293724830461764,0.3160993577037088,1.235525480676669,0.5439091102916672,0.119687710260365,0.4494144507205272,1.1738890596727136,3.805184841227655,14.830453815501295,0.0384180317181461
scenario_1_maintenance_cal__run_0001,105.45454545454544,10.614625436746014,0.3482445734238067,0.2816907300084958,1.3763728401851218,0.6055397657168338,0.1119918112161049,0.3828848219082455,1.2160811219960914,3.953406307881119,14.17155967662796,0.0726571993275193
scenario_1_maintenance_cal__run_0001,106.66666666666669,11.581865567776752,0.3877919123895138,0.2878196344300706,1.3613194828277502,0.6086276337966415,0.1218532525668209,0.3373240151314451,1.1958464561600253,3.734244582349005,15.110014925033711,0.087277655879009
scenario_1_maintenance_cal__run_0001,107.87878787878788,10.786262357770084,0.3404522337688062,0.287310220160767,1.2158291448997969,0.5507990948442383,0.1527744316555156,0.4518956038257701,1.3554504454361656,3.6380152004315662,15.25831754058988,0.1236222847028239
scenario_1_maintenance_cal__run_0001,109.0909090909091,10.995575493972456,0.3557815193856771,0.2905963885641005,1.262906535141223,0.6304492376619039,0.1288586003364468,0.3992766887381882,1.2781892451685863,3.992632060810801,14.894435250513402,0.0800238566367873
scenario_1_maintenance_cal__run_0001,110.30303030303033,10.8944398437312,0.3876778387989977,0.2986091907456166,1.38522390513929,0.5428726356119145,0.1538410723361896,0.4391963567754054,1.2162678368725632,3.7874559154705016,15.168878050408413,
scenario_1_maintenance_cal__run_0001,111.51515151515152,11.108635500996709,0.3372287231504194,0.3280638596058855,1.2952558217977337,0.546457605333084,0.1738352664783584,0.419842071251401,1.204600705441487,3.781010791617936,14.245380630927407,0.0902958246914994
scenario_1_maintenance_cal__run_0001,112.72727272727272,11.242047817329274,0.3335562634647994,0.3255270672127141,1.3236031077397132,0.6399499921710373,0.1144089019491781,0.3682990621304341,1.20044103490774,3.882396506170828,13.90337515851024,0.0433625593896194
scenario_1_maintenance_cal__run_0001,113.93939393939394,10.62500627185606,0.3482093542673117,0.2787551913627237,1.296251150735482,0.5411485014097291,0.119528128508702,0.4147184103946419,1.158250314033565,3.998480911416341,14.666988122254356,0.1416967148085202
scenario_1_maintenance_cal__run_0001,115.15151515151516,11.255495550681564,0.3364181911804895,0.2910408820826473,1.3297781891057756,0.612506969823083,0.1329830361696939,0.3664711379258319,1.183226164875219,3.9890951740862537,14.480469817378028,0.0917053593031112
scenario_1_maintenance_cal__run_0001,116.36363636363636,11.045635340098928,0.3343831948082655,0.3214906720724851,1.4064559111033652,0.6470567853326912,0.1620099490491208,0.4078853768411279,1.1265351850756014,3.783748056266046,15.365933578428344,0.1251761241360751
scenario_1_maintenance_cal__run_0001,117.57575757575758,11.079301189284664,0.3570628127664984,0.3897191288097113,1.399118124206712,0.5357096609147728,0.1634556531149523,0.436588763378906,1.1594355220610024,3.925099020195741,15.0158866617992,0.0552295944986904
scenario_1_maintenance_cal__run_0001,118.7878787878788,11.02034033368079,0.334805335793844,0.3173369268568933,1.2630611500269695,0.4796659410664741,0.1074757902513151,0.4038779640095253,1.1793608987719737,3.60837713525487,14.739114212193584,0.1155077041728849
scenario_1_maintenance_cal__run_0001,120.0,10.80336368373955,0.3544039885296927,0.3127838744845491,1.3483347708829772,0.6123076916020005,,0.3963301893830445,1.1913356753621158,3.889090316631164,15.280464227497845,0.094523740469771
scenario_1_maintenance_cal__run_0013,0.0,0.0,13.946586241619718,18.06153538452126,0.0,0.0311741242986773,0.0,0.0,0.0163012869462429,15.116735533725867,0.0,0.0
scenario_1_maintenance_cal__run_0013,1.2121212121212122,0.0296718890819433,14.564351626988977,18.18061071701941,0.0079055391894866,0.019219361927551,0.0,0.0,0.0,14.955355947182786,0.0030854555977294,0.0
scenario_1_maintenance_cal__run_0013,2.4242424242424243,0.0,15.057355738553712,18.71281072057653,0.0,0.0,0.0,0.0,0.0,15.086744351977549,0.0,0.0151626048201231
scenario_1_maintenance_cal__run_0013,3.6363636363636367,0.0,14.0059481521293,19.91921733711348,0.0,0.0060357038678241,0.0,0.0,0.010747485620131,14.71414893487042,0.014333382840844,0.0
scenario_1_maintenance_cal__run_0013,4.848484848484849,0.0,14.732841399013417,18.73465585827923,0.0,0.0,0.0,0.0,0.0279305706616694,15.465778276365056,0.0289218082733285,0.0095773300468918
scenario_1_maintenance_cal__run_0013,6.0606060606060606,0.0,14.67224167149418,19.330246489045297,0.008957686642596,0.0,0.0,0.0,0.0,14.317692107296986,0.0034129045584776,0.0231970520112927
scenario_1_maintenance_cal__run_0013,7.272727272727273,0.0008897033583942,14.566924847493562,18.701005207450773,0.0,0.0,0.0,0.0104077948166609,0.0011946876304415,14.642134332373884,0.0176746807869484,0.0
scenario_1_maintenance_cal__run_0013,8.484848484848484,0.0706209848571076,14.227895387223066,19.79875788285644,0.0268071838867271,0.0229199505346005,0.0225495646765935,0.0,0.0,15.278471522443814,0.0433834995606376,0.0
scenario_1_maintenance_cal__run_0013,9.696969696969695,0.0553864700821823,14.734139166118672,18.88674094209461,0.0360848899978126,0.0006812128994691,0.0,0.0,0.015936459554498,15.852549856758982,0.0465150958007287,0.0
scenario_1_maintenance_cal__run_0013,10.90909090909091,0.0831638390817741,14.483634931381737,18.21287626314384,0.0248541304201382,0.0,0.0,0.0,0.0,14.792940285132152,0.0117357721299521,0.0
scenario_1_maintenance_cal__run_0013,12.12121212121212,0.0164082920173221,15.960833090757838,18.858255306759894,0.0079599755660437,0.0,0.0464185999256705,0.0111195664294698,0.0394963821380781,15.401330798254405,0.0876273630810633,0.0131297226017749
scenario_1_maintenance_cal__run_0013,13.333333333333334,0.0580500561363251,,18.43269342203693,0.0081637368206836,0.0131161026513772,0.0032546886365078,0.0077108432231232,0.00688374562474,15.003231632042375,0.0894572854804972,0.0190249101118582
scenario_1_maintenance_cal__run_0013,14.545454545454549,0.0499229121423815,14.86982986985292,18.75947444073805,0.0068387432200688,0.0,0.0134728044702408,0.0020778665230657,0.0108718617401641,14.898463694873954,0.0579563016813194,0.0298230482244891
scenario_1_maintenance_cal__run_0013,15.757575757575758,0.0707186792422135,14.892628112701583,18.524181392925307,0.0,0.0,0.0,0.0166003758596091,0.0,15.122993153785428,0.0759494936445979,0.0187339721687975
scenario_1_maintenance_cal__run_0013,16.96969696969697,,13.829327305400838,18.94088345814293,0.0172637297648414,0.0,0.0037543829938221,0.0,0.0210185592726296,14.651525648112694,0.078542124397976,0.0120416585082451
scenario_1_maintenance_cal__run_0013,18.181818181818183,0.1387854067573781,15.147976505436922,20.26537111102353,0.006438918687956,0.0,,0.0159042422669351,0.0,14.760909645466134,0.1132253378037097,0.0468812083503688
scenario_1_maintenance_cal__run_0013,19.393939393939394,0.1571384659025761,14.346015680839985,17.705149829147143,0.0,0.0124407961025473,0.0,0.0,0.0184281809583339,15.67982563930069,0.1219154004454603,0.0
scenario_1_maintenance_cal__run_0013,20.60606060606061,0.1525642164020592,15.01051733170932,18.488874533701164,0.0,0.0235406323694457,0.0,0.0148481921191326,0.0466279286893791,14.965060172148036,0.147039882447703,0.0199938008341405
scenario_1_maintenance_cal__run_0013,21.81818181818182,0.1412456565282354,14.50162106151602,17.846952686813104,0.0044990762957832,0.0,0.0,0.0,0.0,14.30961705889632,0.201299400075389,0.0108707877230736
scenario_1_maintenance_cal__run_0013,23.03030303030303,0.2098395766755745,14.483092394109317,18.87326327422307,0.0407196843669239,0.0,0.0,0.0055451342219234,0.0,14.55631973924574,0.2099425825592107,0.0407186654611614
scenario_1_maintenance_cal__run_0013,24.24242424242424,0.2710054457054497,14.634717029176535,18.21355467560288,0.0229373647289667,0.0,0.0063303578743852,0.0,0.0417970810275372,14.904305736097308,0.220532243384817,0.0139848068761034
scenario_1_maintenance_cal__run_0013,25.454545454545457,0.2803002456936069,14.730072631147204,18.34558034901593,0.019426757129645,0.0,0.0109524672431626,0.0,0.0281060619918938,14.378456266241978,0.305754650042394,0.0107703568620691
scenario_1_maintenance_cal__run_0013,26.666666666666668,0.3391852449227883,14.326867176960558,19.01264377228541,0.0592398038348266,0.0124823318009988,0.0184780617771442,0.0263215987908896,0.0279133048464229,14.448830012644024,0.2433309955707897,0.0
scenario_1_maintenance_cal__run_0013,27.87878787878788,0.3223023622275062,13.570160715701254,18.736081880825505,0.0365337754336138,0.0,0.0185409391231185,0.0056583791657076,0.0125692616140352,14.83685308658316,0.3442228988989619,0.0035079660884791
scenario_1_maintenance_cal__run_0013,29.090909090909093,0.4314544161190041,14.483390006590971,18.6309245390668,0.0,0.0250396876717759,0.0450046897831225,0.0544229610599271,0.0651960943197614,13.865390171014104,0.3993286818645155,0.0240151395964579
scenario_1_maintenance_cal__run_0013,30.303030303030305,0.4708804799649698,14.37859570620322,18.44951833805826,0.031706874937233,0.0332761612374613,0.0358557472608368,0.0223833113155063,0.0509526178517155,14.845508225751413,0.4532096835315247,0.0309785016125824
scenario_1_maintenance_cal__run_0013,31.51515151515152,0.507363259380883,,17.75518551824958,0.0742498989717355,0.0384152491686472,0.01554897589186,0.0106863228324882,0.0403286483433249,14.35712569054121,0.5542481829921198,0.0023527047562836
scenario_1_maintenance_cal__run_0013,32.72727272727273,0.5956677355782191,13.989731519243056,17.908882204531764,0.0570110855980519,0.0063586691985825,0.0220871636964128,0.0368243201380939,0.0453560849107433,13.948569533349763,0.6051282348907564,0.0
scenario_1_maintenance_cal__run_0013,33.93939393939394,0.6628903528929361,14.236395753623569,18.28354822231661,0.0784022888823176,0.0066140612155598,0.0307389725500159,0.0425284007032824,0.0413308687808792,14.417888890942594,0.6296437080554407,0.0469441209495055
scenario_1_maintenance_cal__run_0013,35.15151515151516,0.7559139539741808,13.75270703550587,18.237093595166943,0.0586072982813712,0.0372144825992778,0.0,0.0203877280699526,0.053424910054894,14.421561316781183,0.7400374429919019,0.0
scenario_1_maintenance_cal__run_0013,36.36363636363637,0.8836123871900677,14.247816181762284,18.460043498215573,0.0918575439321629,0.0361297453199231,0.0435672416299894,0.0,0.0534011675143085,14.956600221941102,0.8122759069893536,0.0143498229099331
scenario_1_maintenance_cal__run_0013,37.57575757575758,0.960382906751402,12.891663843778012,18.289292549209435,0.1234877053120217,0.0646333200975155,0.0,0.0177079248524224,0.0778661450710031,14.559486651998204,0.8647700084077353,0.019225714814975
scenario_1_maintenance_cal__run_0013,38.78787878787879,1.1004612324219785,13.47485433818552,18.37135033327172,0.0695890168153171,0.0550606846053313,0.0085155198878726,0.0162214987903542,0.0481579484789028,14.165566190087803,1.085272151996064,0.0
scenario_1_maintenance_cal__run_0013,40.0,1.1725353731472563,12.961962221430047,18.51720991743841,0.0904258113522005,0.0418030881356519,0.0039269418580421,0.0425390801241109,0.0911131171659262,14.128845238167926,1.1569277383544194,0.0
scenario_1_maintenance_cal__run_0013,41.21212121212121,1.333101032641598,12.88477971045635,18.15460437602468,0.1239325949288813,0.0285149881988216,0.0094490297527105,0.0744070641163532,0.0979408427052454,14.773422643660233,1.5090800806637543,0.0119091886479953
scenario_1_maintenance_cal__run_0013,42.42424242424242,1.392127868126388,12.862743909580072,18.023955420831,0.1865647313598015,0.098956662185137,0.0,0.0554575692105791,0.1411633387406062,13.361372613539857,1.5174500760253775,0.028959024145954
scenario_1_maintenance_cal__run_0013,43.63636363636364,1.7934391170202817,11.59443438765633,17.33924515393178,0.1553695344000995,0.0481477053922668,0.0688713958898613,0.0280716013713955,0.1463109780775358,13.961866440272749,1.8086022750222464,0.0163807704662754
scenario_1_maintenance_cal__run_0013,44.84848484848485,2.0174650504313045,12.396512633984896,17.07148270042087,0.1377737895060216,0.0672808866023074,0.0231872640559844,0.0453661011872563,0.1556938728724116,14.48594571567674,2.1358396080189768,0.0328745717073734
scenario_1_maintenance_cal__run_0013,46.06060606060606,2.258478220704804,10.802044698892251,17.036298487554625,0.1902552367648169,0.0992241469078782,0.0260925077639314,0.0750425263985509,0.2124352968271456,13.576328148853566,2.349899494563059,0.0162124455263231
scenario_1_maintenance_cal__run_0013,47.27272727272727,2.388480562971168,11.226990000073728,16.202267346834127,0.2073589718683518,0.1224814405936856,0.0192981718124804,0.0440476672505746,0.2024518930630159,13.110744584968046,2.707515393165265,0.0185747120893903
scenario_1_maintenance_cal__run_0013,48.48484848484848,2.6387005805228867,10.81820740493504,16.92869706806825,0.2393082298294265,0.1133284601710127,0.0412869858321831,0.0797471973563988,0.198945974231082,12.993824131333009,2.923837774684648,0.0004183137112375
scenario_1_maintenance_cal__run_0013,49.696969696969695,3.067312642420772,9.96273561208598,16.458550706613522,0.2961172228229921,0.1044780528466308,0.0,0.1058286963902968,0.2405866467249529,12.200928404752569,3.329238716842631,0.0377107770340837
scenario_1_maintenance_cal__run_0013,50.909090909090914,3.380688320351239,10.04592425493458,15.367964399985796,0.3338044902062945,0.131346971679009,0.0620849997765437,0.1052731815466072,,12.339583081177366,3.74801545504094,0.0381771218262438
scenario_1_maintenance_cal__run_0013,52.121212121212125,4.127188552774746,9.442113101504122,15.664807220372712,0.3572853876508879,0.1402817541751333,0.063427732351486,0.1057683066117884,0.2828409410433178,11.567095190312193,4.138540452079581,0.0259152296571921
scenario_1_maintenance_cal__run_0013,53.333333333333336,4.645099773519017,8.711735483297984,,0.4666687864222584,,0.0246268462200417,0.149223464185062,0.3431206070013337,11.426040218651366,4.664366239363897,0.0572484410152073
scenario_1_maintenance_cal__run_0013,54.54545454545455,5.19341744506731,8.112434367897068,14.789367669621022,0.5179069141869229,0.1901306742767334,0.041136696536907,0.1353283482783221,0.3711749404525584,11.003089218464488,5.212078660432647,0.0452336821606029
scenario_1_maintenance_cal__run_0013,55.75757575757576,5.438430374582241,7.06500459701862,13.763208665755482,0.5105316781928895,0.2040892848003831,0.0530006955777641,0.196247628788087,0.4337377392834792,10.74699172933924,5.826948875756597,0.0
scenario_1_maintenance_cal__run_0013,56.96969696969697,6.356448064236074,5.997695742610523,13.279485933603306,0.5411678942531783,0.2347335336573254,,0.1706210411744075,0.491484872804443,10.239696049075643,6.7868665117748455,0.0276614593340009
scenario_1_maintenance_cal__run_0013,58.18181818181819,7.114310462412279,4.928119300410308,12.006777936337391,0.6620327839470957,0.3120268289467658,0.058956942951516,,0.5334315588230327,9.705462572379345,7.455994847508264,0.0607231746950778
scenario_1_maintenance_cal__run_0013,59.3939393939394,7.656626381616262,3.870366499276801,12.550560770117606,0.8344457902005176,0.3753782796714331,0.0436815946786909,0.2191376063558177,0.5561215145531331,8.733677821346122,7.747108216787336,0.0652529493168999
scenario_1_maintenance_cal__run_0013,60.60606060606061,7.985743012195544,2.8605176323077006,10.685039895417658,0.8471260124127111,0.3553696170456662,0.0577085161079676,0.2385360031438787,0.708804200110119,7.861357289350508,8.929817456392977,0.0649597581278693
scenario_1_maintenance_cal__run_0013,61.81818181818182,8.668469265658587,1.712507961390483,,0.8120412459404345,0.3977367491948137,0.0583913162129278,0.2597046661304319,0.6612326773010466,7.872889901759489,9.783619947577794,0.0534870871168585
scenario_1_maintenance_cal__run_0013,63.03030303030303,,0.5054580529881534,8.742871868535714,1.0923101656876153,0.5056422440188666,0.1059622479827456,0.3094825043638002,0.9249289875179144,6.047192852605932,11.995604984109786,0.0780792512310316
scenario_1_maintenance_cal__run_0013,64.24242424242425,9.959626051337684,0.1581786224292014,0.1344268363644511,1.2199901263799386,0.6192080903730015,0.119369040500473,0.3530591181216254,1.275538940280257,4.410455631792514,14.097303114765984,0.096374090942519
scenario_1_maintenance_cal__run_0013,65.45454545454545,9.650365435759165,0.1274991732430401,0.1702232105973352,1.321690377806578,0.5577933008808366,,0.3810154820872645,1.5055266237962268,3.616819123554023,15.43821125261104,0.102919975571499
scenario_1_maintenance_cal__run_0013,66.66666666666667,10.11885178235371,0.1203995958948853,0.1900090391438317,1.3109050772134585,0.5959476542480965,0.0839064268078094,0.4030882769431386,1.4953123830824548,3.245472262900197,15.95556822519146,0.1303104429623823
scenario_1_maintenance_cal__run_0013,67.87878787878788,9.51636462707004,0.1489445225197075,0.1823548320188164,1.3360907756089662,0.6524877778478505,0.1622938561628421,0.4246665573933417,1.583962466301382,3.4908654327786226,15.658082839421962,0.0965972387652208
scenario_1_maintenance_cal__run_0013,69.0909090909091,9.568912530378554,0.1649498961316111,0.1914381234308895,1.3572886113768243,0.6690806894282335,0.1441133460584101,0.3953430724060111,1.4041852664281302,3.5335175960229086,14.97175668013403,0.0664478963808707
scenario_1_maintenance_cal__run_0013,70.30303030303031,9.236906785122324,0.1501976325460553,0.1875109355449332,1.300940247613732,0.6649996592177965,0.1174948320281771,0.4201516576643704,1.4748703506690288,3.602789048768562,15.503128441943788,
scenario_1_maintenance_cal__run_0013,71.51515151515152,10.49500148620395,0.162106904364873,0.2060518082168801,1.4170562118926768,0.5654518084347455,0.125772219228371,0.4603655428432109,1.518144772007516,3.644282095658285,15.660385106662511,0.1198164460505592
scenario_1_maintenance_cal__run_0013,72.72727272727273,9.671642751994693,0.1345805625703063,0.2084678379159617,1.2365346783007798,0.6049389024776908,0.1016850372748051,0.4309214440025725,1.4994981151266928,3.5073688089131507,15.293593982774038,0.0637679363120806
scenario_1_maintenance_cal__run_0013,73.93939393939394,10.033220521106209,0.1493654855004882,0.2107578220745553,1.30031545680757,0.6194161911921658,0.1445394548914989,0.3832352731647335,1.5240807448194182,3.3846606485023343,14.752259314369915,0.0687844701043702
scenario_1_maintenance_cal__run_0013,75.15151515151516,9.895735472748283,0.1434308386526098,0.1747233722562962,1.3753772944931917,0.6499846856978824,0.1512757896286293,0.4151584007170895,1.463004993213701,3.3733673024133384,15.907783124229342,0.1284482289619195
scenario_1_maintenance_cal__run_0013,76.36363636363636,9.964013363132125,0.1753620250339669,0.1895897912098558,1.3452800294945255,0.6369594803474962,0.124406127235759,0.3859497365352318,1.4894290961639285,3.43713033424828,14.984104057108675,0.0694139735781257
scenario_1_maintenance_cal__run_0013,77.57575757575758,9.677870560270296,0.1622406594240234,0.1758029584819143,1.3754583014329096,0.6062575973335486,0.1297968823692721,0.4182806505716127,1.5426895950528994,3.566439608205896,14.941126829986397,0.0834284541971795
scenario_1_maintenance_cal__run_0013,78.7878787878788,10.225046177244945,0.1655393590795275,0.220810892110613,1.4277321505728888,0.491574459919146,0.150647696207968,0.4178074997687963,1.5739034517374813,3.414863922037084,14.98430996718096,0.1113255903087452
scenario_1_maintenance_cal__run_0013,80.0,10.3372679422328,0.1560839534136034,0.1984078928735514,1.2589452955697955,0.6290869337198077,0.174259458033438,0.4114302693082301,1.5466828683184335,3.7983141259933912,15.138605964536143,0.0981717108229361
scenario_1_maintenance_cal__run_0013,81.21212121212122,9.956249490029682,0.1642752254777422,0.172043898608384,1.3140522037625268,0.5994173439485015,0.1653601200173265,0.4029621192630138,1.5080959757446526,3.30541854582984,13.959206188891338,0.0951623227718844
scenario_1_maintenance_cal__run_0013,82.42424242424242,10.274226692820426,0.1211840627294694,0.1749249812978548,1.3966650017567053,0.5581905478437332,0.1291524435069506,0.4135569763796976,1.4400425959792993,3.759405536484441,15.99519088186957,0.1157272577209964
scenario_1_maintenance_cal__run_0013,83.63636363636364,10.336626407255425,0.1702699840859574,0.2192924618101519,1.337385064358802,0.5154373470281105,0.1427446044792802,0.4188612719067789,1.526043390486997,3.54212398788616,14.329617601214078,0.1005233817464618
scenario_1_maintenance_cal__run_0013,84.84848484848484,9.204123042757756,0.1944894163541465,0.2213867893565289,1.3133512503881666,0.6387026414707575,0.0982419752739588,0.3676540675230679,1.624367299778295,3.5681286135691708,15.072250561145868,0.1225526285660866
scenario_1_maintenance_cal__run_0013,86.06060606060606,9.711660071139878,0.200501472196531,,1.3400673379524874,0.5715973464494456,0.1341324142729956,0.3962684808383059,1.478268150295141,3.4446090373339504,16.029212099533115,0.0962460197995642
scenario_1_maintenance_cal__run_0013,87.27272727272728,10.58955092584032,0.1922278304110143,0.2191210469534198,1.2789386014695718,0.6387358726072978,0.1340510180743172,0.4627022462518169,1.5155664905445363,3.588281249885243,15.341780020444626,0.1064094334431653
scenario_1_maintenance_cal__run_0013,88.48484848484848,9.763161836805258,0.1788828893358917,0.2052606070461524,1.3468337650276152,0.5957788742675711,0.1643624900859002,0.3986635861341185,1.5828571002936975,3.62375594710697,15.263270416629034,0.0631646373677946
scenario_1_maintenance_cal__run_0013,89.6969696969697,9.641765274715706,0.2093651572325282,0.2552609244720358,1.4024051526571149,0.6118067482651581,0.1005036987394188,0.3967532829911816,1.4635359268721957,3.636374161020896,15.030055604794969,0.1167607866713275
scenario_1_maintenance_cal__run_0013,90.9090909090909,9.156581185602397,0.1814099878736446,,1.2579536790026613,0.6511323235767522,0.1502900259402904,0.4183005514342555,1.5430642999177215,3.441794826413598,15.6006261824277,0.1107653963138552
scenario_1_maintenance_cal__run_0013,92.12121212121212,9.779262902742472,0.1785722951036913,0.2284733551592651,1.3580501134069516,0.6360530093665354,0.1462431723588654,0.434708692276248,1.4815616840500374,3.6652574128981503,,0.0986580670233661
scenario_1_maintenance_cal__run_0013,93.33333333333334,10.321583668903743,0.1967800076664773,,1.282557413208996,0.5549216540685524,0.1214735635310521,0.4593787194538966,1.5906168580699154,3.424571487037501,16.338900617316618,0.0612145711295766
scenario_1_maintenance_cal__run_0013,94.54545454545456,9.978363645315175,0.2178065403328056,0.2351694753392934,1.3920279620086986,0.6124320673579225,0.1308375799362652,0.4550967203092648,,3.370155359464591,15.184362179778002,0.1121904478842995
scenario_1_maintenance_cal__run_0013,95.75757575757576,9.879002868334124,0.218316647274194,0.2318296335098212,1.3552590633963737,0.6317146950636392,0.1247619037814448,0.407011740380831,1.4536849442038775,,14.688819211562985,0.1520223800526711
scenario_1_maintenance_cal__run_0013,96.96969696969695,9.766748303283553,0.1909024336441445,0.2667081784100086,1.3133771332003914,0.6131693380473517,0.0919637379090061,0.4035120047569592,1.401491805754417,3.610102824393154,15.503980110824823,0.1007210870150192
scenario_1_maintenance_cal__run_0013,98.1818181818182,10.513873516222374,0.2159763901797911,0.2278256386160002,1.3019023575531794,0.6580058473783786,0.1299373926968514,0.4543946757041551,1.563123677881208,3.685856203979226,14.702345494914969,0.1477181329634658
scenario_1_maintenance_cal__run_0013,99.3939393939394,10.151408107814998,0.2191222074920897,0.2355584649411132,1.426605266987727,0.6053321911847911,0.1484825163425326,0.3994046009643069,1.548934188887104,3.4016868035347168,15.194752708172608,0.0666878118592006
scenario_1_maintenance_cal__run_0013,100.6060606060606,9.578768603790904,0.2031849617091783,0.2633187733957932,1.365184128011375,0.5893930169801158,0.1187237771999222,0.4445282478891128,1.5402285944634309,3.4597987513197563,15.579341692042208,
scenario_1_maintenance_cal__run_0013,101.81818181818184,9.983947053914926,0.221990446232969,0.282834503892986,1.3688481414550624,0.661824956795739,,0.4209536928601511,1.6188633845183042,3.567174184960608,15.152616944946365,
scenario_1_maintenance_cal__run_0013,103.03030303030305,9.899101061303115,0.2081245618801728,0.2617231495596298,1.4425142591156146,0.6791009876629119,0.109862826711423,0.3930332235850202,1.5173256474774153,3.836524288661873,15.551020770906836,0.0673030585142562
scenario_1_maintenance_cal__run_0013,104.24242424242424,9.757168789390812,0.2577290452328386,0.2422113420454239,1.3314098459784125,0.648839110837671,0.1629023535554849,0.3829164020697378,1.4335426434244676,3.3385542772435626,15.180654689328524,0.1271642175959292
scenario_1_maintenance_cal__run_0013,105.45454545454544,9.947672989832563,0.2032958238142907,0.2615680355031581,1.2070028688276944,0.6445766427095877,0.1546415433669076,0.4461594324047254,1.4713798196431096,3.502428849791522,14.098516018775037,0.1069902702289625
scenario_1_maintenance_cal__run_0013,106.66666666666669,9.904338019711142,0.2298216498555402,0.2398340140206769,1.4574493639581962,0.6231775544034398,0.0946949674590842,0.3984374029367173,1.6903708619151172,3.526570611395569,15.221142282148266,0.0649208436749405
scenario_1_maintenance_cal__run_0013,107.87878787878788,9.6952456884958,0.2120463303959061,0.2188675975827458,1.368277827752457,0.6036853411219512,0.1307022835443514,0.3609115503753977,1.5524329636575394,,15.388648695388197,0.0884628393021079
scenario_1_maintenance_cal__run_0013,109.0909090909091,9.517122835410834,0.201449009801698,0.2792392071018307,1.3092226849993005,0.5568899721277208,0.1750401484362464,0.3627512973760167,1.566365573278972,3.344930378418387,15.546557843808522,0.1234242518797042
scenario_1_maintenance_cal__run_0013,110.30303030303033,9.837135832211189,0.2063648137392568,0.2819761592617622,1.2361868625858308,0.5650173490434289,0.1457721757035444,0.4142465838098043,1.5147827201508606,3.401391102935952,15.444370230267223,0.1094411149977608
scenario_1_maintenance_cal__run_0013,111.51515151515152,9.510258018208216,0.2345520988408407,0.2266817467623806,1.4268970721578635,0.6042579411140978,0.1618773911147898,0.4155280965062624,1.55452788337445,3.6199407377451136,15.463120813984917,0.1314395063250381
scenario_1_maintenance_cal__run_0013,112.72727272727272,10.17530689373027,0.2304404411869044,0.2383732241188629,1.311779397300255,0.6175735635623723,0.1455834888463138,0.3968467144683344,1.409049775230418,3.328800513074293,14.90591705246741,0.1144512143965992
scenario_1_maintenance_cal__run_0013,113.93939393939394,9.91951168383216,0.2149001208284537,0.2526946205563706,1.366653501841023,0.5814383401818064,0.1759396189090145,0.3789411307071386,1.6161290366486474,3.66207363472468,,0.1291818514768331
scenario_1_maintenance_cal__run_0013,115.15151515151516,10.023666208527946,0.2470875593161299,0.2602448945958489,1.2657943682080683,0.5843732414434384,0.162030739804565,0.3678282935482329,1.4960135789356497,3.641206693627291,14.446924509827026,0.0909921542860397
scenario_1_maintenance_cal__run_0013,116.36363636363636,9.9275614826842,0.2563191432600843,0.2627112268442774,1.4386676210889533,0.6543425529085657,0.1391353320159997,0.4457131840810039,1.542215535008031,3.437426393788046,15.60369449342816,0.072727323754354
scenario_1_maintenance_cal__run_0013,117.57575757575758,,0.2532181800336459,0.283310815442209,1.1913822964255556,0.6301651084972153,0.1721694881522922,0.4661381911311046,1.5582600158721656,3.5652093686345663,15.454301212388794,0.1108192552800459
scenario_1_maintenance_cal__run_0013,118.7878787878788,9.98750995300982,0.2911869712160332,0.2622669196093113,1.2823254880524382,0.5909589139752969,0.1254224810130515,0.4235092041798916,1.4161003208189835,3.700261473224389,14.966973880674988,0.1107640737871109
scenario_1_maintenance_cal__run_0013,120.0,9.725048347214766,0.229369809071084,0.2535574335502541,1.417525025324026,0.624666533230301,0.1650867993773078,0.3803585070246391,,3.569799948410774,15.337237083101444,0.0950413636914235
scenario_2_inhibition_cal__run_0017,0.0,0.0913536336330817,22.20354516085792,9.899114226992005,0.0169188936468865,0.0139051492346698,0.0,0.0302401936321264,0.003280113258353,14.794108286625148,0.0058554721358726,0.0
scenario_2_inhibition_cal__run_0017,1.2121212121212122,0.1425251897789564,20.85561671173944,10.03555448964509,0.0343442353579367,0.0131512095520928,0.0,0.0355783095603472,0.0117620993370212,14.580599448388826,0.0,0.0
scenario_2_inhibition_cal__run_0017,2.4242424242424243,0.1534703557140537,21.162468335898804,9.574660597675102,0.000993699339121,0.008733135151755,0.0102956907538495,0.0119255577296156,0.0,14.878975264323913,0.0141162859988877,0.0
scenario_2_inhibition_cal__run_0017,3.6363636363636367,0.1181479547695554,22.31317997944572,9.81029219909184,0.0137315944507157,0.0,0.0,0.0,0.0,15.520445927058478,0.006935256147542,0.0152943145782553
scenario_2_inhibition_cal__run_0017,4.848484848484849,0.1379379296190356,22.715214308299053,9.376951413623225,0.0,0.0305527436296636,0.0230336359304855,0.0101203709499751,0.0541798218128277,15.246146455096726,0.0298654436388429,0.0
scenario_2_inhibition_cal__run_0017,6.0606060606060606,0.1190188718046818,21.966731794625648,9.535234749309687,0.0276346686920816,0.0,0.0,0.0,0.0101132626147665,15.004809534164446,0.0132410365861051,0.0
scenario_2_inhibition_cal__run_0017,7.272727272727273,0.1392222670312882,22.32459215735134,9.922612715161314,0.0,,1.0023886809975668e-05,0.0112059813992039,0.0140084611471656,15.086492001094284,,0.0
scenario_2_inhibition_cal__run_0017,8.484848484848484,0.1801563156900536,21.11344690928064,10.26521172900824,0.0,0.0,0.0,0.0,0.006130448234916,15.100180253144693,0.0228798235740512,0.0039177740959262
scenario_2_inhibition_cal__run_0017,9.696969696969695,0.1487923446419558,22.111804875432803,9.646944681117184,0.0,0.0,0.0,0.0,0.0,15.68889846165607,0.0113027716232169,0.0
scenario_2_inhibition_cal__run_0017,10.90909090909091,0.168958892414073,,9.552573122283322,0.0,0.0,0.0260604396613761,0.0,0.0,14.784323396922291,0.0304463700354501,0.0
scenario_2_inhibition_cal__run_0017,12.12121212121212,0.1568012445624673,20.873536979805625,9.621481720074678,0.0080502654019353,0.0,0.0039541519216898,0.0,0.0231799913870024,14.696774364275502,,0.0165172515748555
scenario_2_inhibition_cal__run_0017,13.333333333333334,0.1682415515135885,22.40858847263462,,0.0163025117693235,0.0261959500831243,0.0183884219509684,0.0,0.0168822176757859,15.520390654694069,0.0121269366127895,0.0080171013025399
scenario_2_inhibition_cal__run_0017,14.545454545454549,0.153498023148786,21.963282739964125,9.85410328050431,0.0,0.0133962237300837,0.0208113168953446,0.0055991585776921,0.01736710035909,15.68627110419523,0.0,0.0
scenario_2_inhibition_cal__run_0017,15.757575757575758,0.1834486382714082,21.23542349659992,9.732383440908349,0.0,0.0006116690549838,0.0153101509264657,0.0243803647690927,0.0353397490504319,15.246565809788828,0.0215250384291246,0.0345149944441649
scenario_2_inhibition_cal__run_0017,16.96969696969697,0.1860799520932243,22.31482545915136,9.789965513053188,0.0,0.0024502567223404,0.0072267182662154,0.0180203815910746,0.0043480880489427,14.948998742488042,0.0640004127212062,0.002624686573654
scenario_2_inhibition_cal__run_0017,18.181818181818183,0.1792385089739568,21.16691219502906,9.659986436477851,0.0,0.0292046992871993,0.0092144295961463,0.0,0.0255224454687572,14.930528137092368,0.0294300766538865,0.031256415712893
scenario_2_inhibition_cal__run_0017,19.393939393939394,0.2285448418206768,22.28404109611929,9.881725796942243,0.0,0.0,0.0,0.002913931744595,0.0,14.395794208676527,0.0469541548979998,0.0
scenario_2_inhibition_cal__run_0017,20.60606060606061,0.1877993186089108,22.385955605181632,9.626512150559334,0.0,0.0,0.046219234564968,0.0,0.0,15.196120211686996,0.0522596182473495,0.0
scenario_2_inhibition_cal__run_0017,21.81818181818182,0.2176495308987877,23.011139566270632,10.069836098125965,0.0,0.0112644972622007,0.0,0.0031461593865519,0.0394200030481665,14.503818767568202,0.015715353960385,0.0
scenario_2_inhibition_cal__run_0017,23.03030303030303,0.2218596410771184,21.987758296199463,9.8117412601727,0.0,0.0,0.0148725816587256,0.0,0.0067583327042158,15.750930848364003,0.0611306456404515,0.0089806280970999
scenario_2_inhibition_cal__run_0017,24.24242424242424,0.2338802157807757,21.81609997044411,9.728598750233788,0.0297509939657254,0.0,0.0,0.0093733552294342,0.0,15.032019161424886,0.079332860839735,0.0
scenario_2_inhibition_cal__run_0017,25.454545454545457,0.2294172829333844,22.305430014101763,10.101217063773245,0.0383807855820015,0.0,0.0,0.0,0.0286203927082302,14.9941646877821,0.085888051125437,0.0217793899132419
scenario_2_inhibition_cal__run_0017,26.666666666666668,0.2682966501819898,21.73371979191705,9.760701442781851,0.0,0.0458334855830406,0.0,0.0,0.0152550706454789,14.994979895648417,0.0481976224348964,
scenario_2_inhibition_cal__run_0017,27.87878787878788,0.2834120975644624,22.16860368214039,,0.0273370977173197,0.0,0.0112558285226345,0.0,0.0367649666131423,13.598747370165311,0.0652477059874505,0.0052347243557074
scenario_2_inhibition_cal__run_0017,29.090909090909093,0.255872878112508,22.348016688596022,10.065502346195409,0.020914197221351,0.0209713296206463,0.0279717805590037,0.0156050266818799,0.0094632818687517,15.015635194636998,0.064517436223182,0.0
scenario_2_inhibition_cal__run_0017,30.303030303030305,0.248864873604861,21.43859796217348,9.858263956024448,0.0,0.0,0.0073133429274559,0.0024765823579383,0.0232067125032877,15.9060618865056,0.1336889233594539,0.0
scenario_2_inhibition_cal__run_0017,31.51515151515152,0.3223572048095359,22.157801852708083,9.379525581448611,0.0254891491765866,0.0,0.0126757132550715,0.0249009046956341,0.0077509744111566,14.33759673906736,0.0692677018792902,0.0
scenario_2_inhibition_cal__run_0017,32.72727272727273,0.324018642511814,22.51883095060749,9.57931374516912,0.0,0.0070183687132979,0.0056212261107441,0.00614474385722,0.0046735776042854,15.30420020756342,0.0841457391596127,0.028097996764361
scenario_2_inhibition_cal__run_0017,33.93939393939394,,22.515818089455667,9.788915490289972,0.0327845271723679,0.0,0.0026256736045829,0.0,0.0094337584608324,15.24363932751723,0.1082640934862558,0.0059656033417361
scenario_2_inhibition_cal__run_0017,35.15151515151516,0.3589541417312676,22.036082275828484,9.967331443538663,0.0273359093889964,0.0093587205249912,0.0,0.0,0.0122106743460794,,0.1216085461619883,0.0
scenario_2_inhibition_cal__run_0017,36.36363636363637,0.3323456995707184,22.41735799468542,9.455277376619977,0.0094858413573905,0.0117948332084676,0.023865726745192,0.0,0.0125999352555087,14.969120059134562,0.1716488230422948,0.0449320399817375
scenario_2_inhibition_cal__run_0017,37.57575757575758,0.3672654103739523,23.02278929891812,9.830836206304385,,0.0106171504946172,0.0027503576613659,0.00076550196028,0.0,15.084281308772814,0.113413080006784,0.0057707520436088
scenario_2_inhibition_cal__run_0017,38.78787878787879,0.4144619112710323,22.569016990590573,9.311255044253327,0.0160497601800342,0.0,0.0,0.007234344174071,0.0,15.765081046621004,0.18414951984963,0.0
scenario_2_inhibition_cal__run_0017,40.0,0.4647856735630843,21.82005390233727,9.3476351046615,0.0105675332592145,0.033874248688925,0.0,0.0,0.010944896977018,14.14203357805386,0.1808703747734432,0.0
scenario_2_inhibition_cal__run_0017,41.21212121212121,0.452243614097445,22.504718741451462,9.122095895177914,0.0,0.0,0.0024795540451962,0.0216845004657024,0.0,14.963911697536954,0.1694519120756805,0.0
scenario_2_inhibition_cal__run_0017,42.42424242424242,0.509451559482143,20.427147013286604,10.036595140648211,0.0,0.0,0.0546013260824633,0.003362126095758,0.0,15.166402211721,0.1882097096392261,0.0
scenario_2_inhibition_cal__run_0017,43.63636363636364,0.4741477966659307,20.5984437735715,9.23547900388872,0.0374281828298202,0.0,0.0,0.0,0.0,15.481525330044306,0.2057833254675363,0.0
scenario_2_inhibition_cal__run_0017,44.84848484848485,0.5474311199016898,20.53114906653328,9.935026570466029,0.0,0.0,0.0,0.0,0.0,15.070665288599471,0.276703830517941,0.0228480140301545
scenario_2_inhibition_cal__run_0017,46.06060606060606,0.592924071544551,21.604815291548668,9.61259862629505,0.0263604423547974,0.0066460549811361,0.0130215850449305,0.0,0.0,14.734888190971102,0.3000546550591759,0.0184037465152714
scenario_2_inhibition_cal__run_0017,47.27272727272727,0.5414300475780807,21.219180630183896,9.668180230544795,0.0141960636137728,0.0099650366234723,0.0,0.0358706522531223,0.0,15.189302519620869,0.314361814391675,0.0
scenario_2_inhibition_cal__run_0017,48.48484848484848,0.5668454266479785,21.07388178736708,9.588054748717168,0.001705794793748,0.0,0.0,0.0,0.0132400993151431,14.249563404360613,,0.0
scenario_2_inhibition_cal__run_0017,49.696969696969695,0.7107553373833698,21.51929441233377,10.10069300151195,0.0524568184331762,0.0481175812199251,0.0342114629833655,0.0,0.0022464148246706,15.686766358006077,,0.0
scenario_2_inhibition_cal__run_0017,50.909090909090914,0.7100552918304915,19.938810771242423,9.463328077090145,0.0,0.0,0.0222200765731913,0.0118819874223142,0.0352369967790074,14.46635321876468,0.3592604615471207,0.0
scenario_2_inhibition_cal__run_0017,52.121212121212125,0.706334518916615,20.87648520475626,9.806273644194675,,0.0030835405440665,0.0,0.0,0.0,15.589592161439786,0.4231179635236387,0.0294352759585677
scenario_2_inhibition_cal__run_0017,53.333333333333336,0.771204681368401,20.696742499718805,9.38280370577598,0.0495388445369875,0.0,0.010558016184459,0.0244470656408678,0.0,13.866012131224585,0.3822172370391656,0.0299383829318779
scenario_2_inhibition_cal__run_0017,54.54545454545455,0.8362201760648986,20.604174311458976,9.661440498424453,0.0845192199681914,0.0030338211217676,0.0311609950953016,0.0,0.021924575538566,14.337406738690971,0.4626135075686799,0.0
scenario_2_inhibition_cal__run_0017,55.75757575757576,0.8651691500929389,21.122254319667224,10.232209971928446,0.0406173266808798,0.0043855697413419,0.0039669448426238,0.0,0.0111144820888366,14.622885261746834,0.4784822331408377,0.0328414319058338
scenario_2_inhibition_cal__run_0017,56.96969696969697,0.8590216939454767,20.77086682405957,9.32467047689344,0.0218190592259277,0.0,0.0232600428631811,0.0,0.0,14.697863707108873,0.5624990608332604,0.0204347399180559
scenario_2_inhibition_cal__run_0017,58.18181818181819,0.973460239615906,20.120314245102733,9.353973559160682,0.0561333068841318,0.0,0.0,0.0,0.0,13.990850393676398,0.574672885374501,0.0356362480805828
scenario_2_inhibition_cal__run_0017,59.3939393939394,1.055754562048654,21.524621408603217,9.34938232804397,0.0083803528800215,0.0100869715273549,0.0276818436884507,0.0,0.0,14.428492969145449,0.5503083950654931,0.0159296937611821
scenario_2_inhibition_cal__run_0017,60.60606060606061,1.0792716143479626,20.329803606563683,9.010114437416608,0.0642247314894875,0.0288408866875126,0.0086872187121994,0.0406376736783161,0.0,14.019937984692287,0.6963815196213974,0.0
scenario_2_inhibition_cal__run_0017,61.81818181818182,1.2504118955876409,20.8087742130652,9.626432279729729,0.0600185253467169,0.0394863077947584,0.0024985876949116,0.0,0.0,14.532335051182065,0.7153846894841347,0.0
scenario_2_inhibition_cal__run_0017,63.03030303030303,1.2227349466669928,20.71489133203056,9.56108756488708,0.0841440745485174,0.0068231472370374,0.0052441014462096,0.0,0.0220516262503215,14.238477487485511,0.7633771916908452,0.0
scenario_2_inhibition_cal__run_0017,64.24242424242425,1.357615097452792,20.05685451100645,9.480790518075615,0.0590895826401642,0.0,0.0086895907241036,0.0453681445128203,0.0,13.83860261279287,0.8225738379218632,0.0
scenario_2_inhibition_cal__run_0017,65.45454545454545,1.3311878102113444,20.8655129005054,9.437495218226468,0.051399282495656,0.0390022711759269,0.0330314993012402,0.0499709543479482,0.0493719990100063,14.133968553611105,0.9030727123358324,0.023532789518592
scenario_2_inhibition_cal__run_0017,66.66666666666667,1.426754007804156,19.57747432571943,9.617014144935176,0.1165708812618696,0.0078584710062376,0.0,0.0088591572209613,0.0252520466983613,14.615247887542976,0.8868805726674551,0.0
scenario_2_inhibition_cal__run_0017,67.87878787878788,1.6477256495146722,19.639274220566566,9.13900745628699,0.0885367306141777,0.062440673554425,0.0,0.0081335053051128,0.0120815393398712,14.60638686273468,0.9884020623325472,0.007956967203405
scenario_2_inhibition_cal__run_0017,69.0909090909091,1.7514441292568108,18.243766344013547,8.915069916663143,0.1133563369349173,0.0360841582457521,0.0218741690293311,0.0494254910403802,0.0850020988748531,14.379216931404528,1.1451945595691513,0.0
scenario_2_inhibition_cal__run_0017,70.30303030303031,1.8651767840473752,18.620103397803256,9.242392675034267,0.1479601001771014,0.0573816829194675,0.0444928282970401,0.025250598167515,0.0495007939340997,13.835615572813897,1.2168934465264665,0.0515632236472581
scenario_2_inhibition_cal__run_0017,71.51515151515152,1.9850885940302407,19.2773532664656,9.903677240625894,0.1117566910706516,0.0649528892641478,0.0073060145695829,0.0246347573556259,0.0273918602769102,13.953981145983327,1.3686307917414782,0.0530788558592472
scenario_2_inhibition_cal__run_0017,72.72727272727273,2.0677704027643937,18.525123042548465,9.460917892616663,0.1031698970191587,0.0014423626413624,0.0119860763516417,0.0355388104984269,0.0261938510277592,13.95463131465888,1.4961265580319618,0.0159952829381268
scenario_2_inhibition_cal__run_0017,73.93939393939394,2.3257592362973663,17.576446184229752,9.161723132856546,0.1155496246111714,0.0295668157771874,0.0203384987104863,0.0325654479270373,0.0499885239299585,13.308699562080925,1.5354525612293153,0.0
scenario_2_inhibition_cal__run_0017,75.15151515151516,2.424446455254632,17.710858571813223,9.416529518902436,0.155754187583103,0.0483640070770343,0.0494675987359197,0.0,0.0757365257799509,13.937122077708947,1.657584305567292,0.0145237161649884
scenario_2_inhibition_cal__run_0017,76.36363636363636,2.7044889911909182,18.918060040903164,8.978913989998592,0.1542659886617965,0.0225887715162416,0.0192438175756401,0.050539197395977,0.0478203622735817,14.056121595033424,1.8469501683865848,0.0161485179415874
scenario_2_inhibition_cal__run_0017,77.57575757575758,2.8625053406171266,17.25726307637391,8.894793289863532,0.2011045902664328,0.0606155487585652,0.0249813841920047,0.0116197414959693,0.0343563571843056,14.2226850650063,1.835853193509803,0.0007404486546021
scenario_2_inhibition_cal__run_0017,78.7878787878788,2.8784581536142104,17.25512209754936,9.065622780138746,0.2014808497937496,0.1010349675117161,0.0264627659077017,0.0522167139340507,0.0251295375971991,13.13110368858862,2.1006166796453454,0.0086064367992983
scenario_2_inhibition_cal__run_0017,80.0,3.170002796636186,17.50778531855961,9.0398398016654,0.1704573778790745,0.1083011401985626,0.0247041095665244,0.0010785669563104,0.058393192647343,12.586960851271352,2.2616524801110978,0.0266623902673431
scenario_2_inhibition_cal__run_0017,81.21212121212122,3.472054944659566,16.37436999008545,8.536179582290783,0.2156635311520006,0.0637985057305833,0.0221865694678946,0.0267313727297454,0.0829118577752592,13.273364682276656,2.6547940010151647,0.0140088286130374
scenario_2_inhibition_cal__run_0017,82.42424242424242,,15.565804853736736,8.594204138442533,0.2089865414556355,0.0846064574625406,0.0268801042276491,0.059912651230305,0.0675562145097853,12.18034322050077,2.523636147849232,0.0292707526341221
scenario_2_inhibition_cal__run_0017,83.63636363636364,3.6262339852528287,15.576467844645151,8.670714038325777,0.2482473388378227,0.1207187502052602,,0.0341469204175568,0.1072454579273114,13.009281227688549,2.784841368057973,0.041197261461333
scenario_2_inhibition_cal__run_0017,84.84848484848484,4.300459093123408,15.210321466211836,8.901772563545123,0.2318074688671251,0.084519352539877,0.0451267517292714,0.0375691258856519,0.0863181069315975,12.392430565649493,3.1156566129008363,0.0107882099924064
scenario_2_inhibition_cal__run_0017,86.06060606060606,4.430023160452904,14.869799815304663,8.1592862822046,0.3406499902069193,0.0795079708535142,0.0689975455643823,0.0813497456276953,0.1332797799160542,12.128980874957524,3.469045311513177,0.0
scenario_2_inhibition_cal__run_0017,87.27272727272728,4.901561166143099,14.452693170963103,7.940180507222434,0.2853240111264953,0.0759941423533131,0.0487057066046715,0.0671029037986227,0.1411580266553225,12.532548501194755,,0.0308709052348532
scenario_2_inhibition_cal__run_0017,88.48484848484848,5.415120066277978,11.99682323330766,8.277199020114821,0.3112670199864861,0.1184844757404603,0.0,0.0820634388321852,0.170973379725341,12.876144524876526,3.864915572821648,
scenario_2_inhibition_cal__run_0017,89.6969696969697,5.826951280477282,12.902572972113695,7.4985868145882355,0.4039004204891588,,0.0592906154264965,0.0348314511339379,0.1440329886777115,,4.224672948193515,0.0288513009090974
scenario_2_inhibition_cal__run_0017,90.9090909090909,6.175737287531024,10.75295329899356,,0.422526146768679,0.1285562381213231,0.0398247178536037,0.086124742418763,0.1830704181884566,11.640250703900376,4.707876409405691,0.0344993654002017
scenario_2_inhibition_cal__run_0017,92.12121212121212,6.68665997496085,10.039712769202913,7.277332885598237,0.409234039237957,0.16358631432497,0.0494271404422113,0.0598149591252543,0.2514423211716797,11.177758371060817,5.077951446571883,0.0514550071523492
scenario_2_inhibition_cal__run_0017,93.33333333333334,7.120001593019047,9.567916031125918,6.652832029091721,0.4779977936947684,0.1134165068663618,0.0745980824577133,0.1259993172106598,0.2405437141975406,11.232800512607028,5.421590037408314,0.0
scenario_2_inhibition_cal__run_0017,94.54545454545456,8.262914240822145,9.0856789098897,6.386616237925592,0.5340587864568237,0.1882023850492155,0.1203171144785707,0.1091360479619012,0.285020526449399,10.374273372281406,6.070413116996928,0.0308423950000201
scenario_2_inhibition_cal__run_0017,95.75757575757576,8.924539544944242,7.692211823926721,5.562200700498128,0.5660339766398162,0.2217951293409778,0.0275431239605689,0.1333137466010821,0.3161992133138335,10.46085649173264,6.6407194876161215,0.0525949465294978
scenario_2_inhibition_cal__run_0017,96.96969696969695,8.967426540965644,6.756478482181689,5.186789152801658,0.613329495314307,0.1988127848990719,0.0816851750695015,0.0853290170097661,0.3963017547551982,9.632771851464492,6.941116402461651,0.0422395124888127
scenario_2_inhibition_cal__run_0017,98.1818181818182,9.879780412470309,5.788829729528853,4.330089525107735,0.7050269515284708,0.2296571168611616,0.136048666514403,0.110475471966312,0.4322821742091968,9.603801658997517,8.1283668831378,0.0255168639184609
scenario_2_inhibition_cal__run_0017,99.3939393939394,10.981550314231017,4.179011584905038,3.659749731316584,0.7851141712461236,0.2717796283095025,0.1134451608407666,0.1637901132627147,0.4967762271409719,8.705872995261874,8.862773853955815,0.084404117100468
scenario_2_inhibition_cal__run_0017,100.6060606060606,12.511147702544546,3.0236991622930027,2.534443021333133,0.8653467395106249,0.2221550353218147,0.1129377753778634,0.1492878989221535,0.5870601230405413,8.044540530766374,9.960058259504867,0.0619058549365117
scenario_2_inhibition_cal__run_0017,101.81818181818184,13.237710843025036,1.6289847429405866,1.6167242787856366,0.9702414142932742,0.2610134377129341,0.1233144754320741,0.1625341974227127,0.6192764083979415,7.654164365294566,9.626051310513288,0.0825337642763258
scenario_2_inhibition_cal__run_0017,103.03030303030305,13.569192468441996,0.794511764968448,0.9250771434986852,0.9095525800952388,0.2961165007498605,0.134867373088824,0.2024031405212147,0.6924923091231832,7.12986404738601,10.01197859288644,0.0650957886388023
scenario_2_inhibition_cal__run_0017,104.24242424242424,12.920746516590768,0.2839907858134758,0.2629159578303164,0.8766368598669415,0.2581586010455531,0.1427531072615985,0.2162500401400457,0.8128957906695241,6.966638573687434,11.398457974403392,0.07183266019943
scenario_2_inhibition_cal__run_0017,105.45454545454544,13.516373587155917,0.319939573037674,0.2308081518094521,0.860751940285603,0.3249132346859613,0.1222852430613182,0.1475037451683955,0.7837261107303085,7.521927616454232,11.3388322013081,0.1323471543741974
scenario_2_inhibition_cal__run_0017,106.66666666666669,14.0399071240802,0.2832271083930541,0.2806231376106896,0.9191119430140228,0.316627048421171,0.1243933575128615,0.1890294306134363,0.7158679915264013,7.034949842574074,10.78457993960536,0.1094975098179348
scenario_2_inhibition_cal__run_0017,107.87878787878788,13.228543514620268,0.3377903032779373,0.2286046665025633,1.014913074668298,0.2663940456603261,0.1326690203607439,0.1865559894590387,0.7607786936085108,7.022373352625686,10.693007942213727,0.1222347612974739
scenario_2_inhibition_cal__run_0017,109.0909090909091,13.957854286542483,0.2632584688505509,0.2513904961169961,1.0475839502350417,0.3264513992905669,0.1092873181786271,0.1990528144721567,0.7869202014986316,6.751955270311885,10.634262139666324,0.098409923333923
scenario_2_inhibition_cal__run_0017,110.30303030303033,13.983650499924089,0.3154163059201522,0.2496869745239865,1.0077062437790203,0.3095195478085618,0.1326230251232228,0.2421215402295686,0.7239962274837135,7.331598654621674,10.98762518326217,0.1156079180556202
scenario_2_inhibition_cal__run_0017,111.51515151515152,13.195252331577803,0.3017593511778178,0.2767821574242496,0.8914571443008624,0.3002635733601487,0.0830941388662017,0.1772938050110804,0.7543061402026704,7.12987929362611,11.421110125210465,0.0410456383980194
scenario_2_inhibition_cal__run_0017,112.72727272727272,13.634764340138933,0.3205853947958296,0.2591179012163043,0.8972320500148864,,0.125931758225607,0.2051368143922091,0.7208071120980929,7.172656813578934,10.92508986727957,0.0717094052127765
scenario_2_inhibition_cal__run_0017,113.93939393939394,13.389298172361704,0.2668277443199537,0.2578623123240371,0.9484800945323836,0.3455028856840726,0.0831792837785503,0.185597289813244,0.7729508255663434,7.168760002367967,11.39961485604967,0.0895751559588411
scenario_2_inhibition_cal__run_0017,115.15151515151516,14.315871755661616,0.2970521037091183,0.2785064201663189,0.9678338245637176,0.3151138083447656,0.1658570981310559,0.154634363259684,0.7979323638855516,7.251332166892062,10.405722948655448,0.085625801009223
scenario_2_inhibition_cal__run_0017,116.36363636363636,13.660809079195008,0.346295511279232,0.2609656264462859,1.002626933974484,,0.1011939489673342,0.1674331573493387,0.7232036122104225,6.507101430087712,10.475910278678452,0.0977064699475186
scenario_2_inhibition_cal__run_0017,117.57575757575758,13.813706320500192,0.3062877742943117,0.276627707139226,0.9289883876746384,0.3071146947543506,0.0981731703751847,0.1963560894069811,0.6909648340855455,6.793646306000938,11.34718343547347,0.079588815878994
scenario_2_inhibition_cal__run_0017,118.7878787878788,14.592485574034594,0.3290292036916134,0.2833845434167966,0.9364442264218434,0.3418185890628089,0.067216540836245,0.1572270687637689,0.738534960143493,6.538770431987966,11.02006101235753,0.0990238454907748
scenario_2_inhibition_cal__run_0017,120.0,13.235699737755512,0.3436692545751979,0.2794394169820879,0.9229815080202204,0.3459885223150326,0.1104052357079109,0.211607804886834,0.747251419589558,7.190204128952782,11.89884105599661,0.0996593941587571
scenario_4_switching_cal__run_0013,0.0,0.0,9.004959083694292,14.25771230672472,0.034838463745373,0.0,0.0,0.0106315384683129,0.0,14.124796930508747,0.0,0.0217616698879452
scenario_4_switching_cal__run_0013,1.2121212121212122,0.0,9.001422176604084,14.106453094347923,0.0,,0.0050216331845108,0.0317931637850519,0.0,14.622439627055662,,0.0154159966969742
scenario_4_switching_cal__run_0013,2.4242424242424243,0.0009673343132728,9.284787942804572,14.09357433527082,0.0,0.0087258125133891,0.0376745966251611,0.0,0.0,15.432782693937012,0.0150441085925296,0.0
scenario_4_switching_cal__run_0013,3.6363636363636367,0.0622946335883222,9.294560336697227,14.326486701100425,0.0,0.0,0.0,0.0,0.0,15.393135402384791,0.0076692734829696,0.0014365553177406
scenario_4_switching_cal__run_0013,4.848484848484849,0.0102831118556522,9.360587037118584,14.971060060761328,0.006806107990236,0.0,0.0222372988996532,0.0112946456526762,0.0194299136871183,16.184089206844646,0.0118845511636407,0.0068916544449827
scenario_4_switching_cal__run_0013,6.0606060606060606,0.0229627260881294,8.93127418390195,13.34642590636568,0.0,0.0,0.0242587507891093,0.0,,14.654904318096085,0.0,0.0
scenario_4_switching_cal__run_0013,7.272727272727273,0.0231134338880031,9.307831545243625,14.119136470142612,0.0,0.0129534816726007,0.0,0.0102286949593171,0.0,15.61839718179318,0.0,0.0078282452982279
scenario_4_switching_cal__run_0013,8.484848484848484,0.0552402435427014,9.228368275572086,13.679187071445378,0.0,0.0,0.0,0.0164150534739606,0.0030312168441218,14.731707388219236,0.0156335008851912,0.0114302747844557
scenario_4_switching_cal__run_0013,9.696969696969695,0.0289915472176724,8.863845387837527,13.688071039875942,0.0448413803492383,0.0,0.0078928459945881,0.0,0.016356523093187,14.99346772179138,0.0188020102100904,0.0007404324908809
scenario_4_switching_cal__run_0013,10.90909090909091,0.0491969069079507,8.839380719811187,14.63185157881416,0.0,0.0,0.0245852259609817,0.0,0.0087050496925592,15.47590981262121,0.0035068066678296,0.0
scenario_4_switching_cal__run_0013,12.12121212121212,0.0875372434527363,9.166554398848058,14.27358378856787,0.0291726089434831,0.0,0.0,0.0,0.0154134652327352,14.938415971830382,0.0356329478947611,0.0181062278596909
scenario_4_switching_cal__run_0013,13.333333333333334,0.10914737482399,8.789284643247171,15.065406431276918,0.0,0.0122736410170227,0.0,0.0146802240167304,0.0026639088675467,14.907304788335267,0.0309306459889777,0.0208402886527864
scenario_4_switching_cal__run_0013,14.545454545454549,0.1036617222470253,8.899771274447126,14.445249961220474,0.0,0.0087752189732985,0.0,0.0,0.0,15.482844821978428,0.0275381177973907,0.0250281574735449
scenario_4_switching_cal__run_0013,15.757575757575758,0.0799650104913285,9.482952856758294,13.472125790294658,0.0,0.0092417521444101,0.0073585373135056,0.0,0.0,14.228527077516606,0.0441435779531293,0.0
scenario_4_switching_cal__run_0013,16.96969696969697,0.09915338293517,9.271948049545662,13.657271386741415,0.0356220142457646,0.0177797377526872,0.0,0.0,0.0007584734614099,15.673465714171195,0.0081186821540282,0.0071747663238118
scenario_4_switching_cal__run_0013,18.181818181818183,0.0953261734560693,9.058022137227672,14.294669859171764,0.014138504918723,0.0189664368599621,0.0,0.0054098013846631,0.0,14.340776724323078,0.0329480607814908,0.0
scenario_4_switching_cal__run_0013,19.393939393939394,0.0914583689223605,9.032039279381792,14.022951616975956,0.0204686777865321,0.008676386100121,0.0087471606107476,0.0280858442334546,0.0014337762115158,14.352917025789152,0.0704813615155488,0.0170238884724115
scenario_4_switching_cal__run_0013,20.60606060606061,0.089963424663375,8.827927641130078,14.25654778022034,0.0,0.0313879645876787,0.0396083791184711,0.0035460996961752,0.0095779258071502,,0.0121155280638278,0.0
scenario_4_switching_cal__run_0013,21.81818181818182,0.1413107695357097,8.618759828822437,13.831345286717468,0.0031709039835816,0.0131318405494203,0.0,0.0116076959057927,0.0072682504585513,15.23425474895285,0.0283897749377709,0.0035548107529468
scenario_4_switching_cal__run_0013,23.03030303030303,0.1624887803005367,8.776877465629656,14.153810583749737,0.0406175054023424,0.0602210343730588,0.0,0.0,0.0,14.849601031823992,0.048261649463009,0.0077070909286197
scenario_4_switching_cal__run_0013,24.24242424242424,0.1586744274609161,9.199877144499697,13.659081949897066,0.0121450120816056,0.0087687359778115,,0.0240839629050426,,14.865800190233417,0.0399702374319232,0.0176078787558105
scenario_4_switching_cal__run_0013,25.454545454545457,0.1789415884001286,8.949928842122869,14.575203746175482,0.0545740869163,0.022649909580267,0.0186933686381413,0.0,0.0169033132133674,15.42866605851102,0.0590011308359226,0.0239963282346249
scenario_4_switching_cal__run_0013,26.666666666666668,0.1847697803351526,9.09034809065747,,0.0388197465024922,0.0040883119036634,0.0100130906605808,0.0,0.0344787839213606,14.817983869185856,0.0898762846677452,0.0065002143133417
scenario_4_switching_cal__run_0013,27.87878787878788,0.1864937462862708,9.17942038861334,14.04056023162402,0.0096263256768804,0.0,0.0051146774072517,0.0120582944607994,0.0,15.503184987708746,0.0997346067679784,0.0151832427738912
scenario_4_switching_cal__run_0013,29.090909090909093,0.2181044296258553,8.947718502878914,14.054658161009831,0.0148681275648908,0.0,0.0,0.0099068550656045,0.0,15.01870229044179,0.1041334399545162,0.029514643230782
scenario_4_switching_cal__run_0013,30.303030303030305,0.2137967577266326,9.410904988034387,14.449720110528665,0.0118700072951613,0.0,0.0072249768825023,0.0,0.0071377757807057,15.321214699349223,0.1213417379164214,0.0242171887193288
scenario_4_switching_cal__run_0013,31.51515151515152,0.287390829860695,9.26121490972725,14.987370608006028,0.0174616142943783,0.0202002223250817,0.0519227424889401,0.0035630828482056,0.0,14.486133703490609,0.0828797521351669,0.0013802894897109
scenario_4_switching_cal__run_0013,32.72727272727273,0.2474694384902532,8.63871005441847,14.288792432687696,0.0846389119028213,0.0237211047557281,0.0,0.0,0.0,14.97896118539362,0.1620051167055552,0.0032989640725136
scenario_4_switching_cal__run_0013,33.93939393939394,,8.78760002955712,14.14229400021624,0.0228265091240571,0.0,,0.0,0.0069764888836468,14.452844551931324,0.1372760449516806,0.0085612597925688
scenario_4_switching_cal__run_0013,35.15151515151516,0.3351154123259812,9.63399743598845,14.800737810580436,0.0419336956130704,0.0,0.0149814042543221,0.0029440099706946,0.0161755953168337,15.018880480357794,0.1774995418688737,0.0
scenario_4_switching_cal__run_0013,36.36363636363637,0.2875422598974519,9.093934601174675,14.59747010410836,0.0614198044969865,0.0230431270036766,0.0059440785416882,0.0,0.0083444387598356,15.072839940937309,0.161581593068462,0.0006688657726975
scenario_4_switching_cal__run_0013,37.57575757575758,0.4099921258904695,8.897597622423746,14.801567586082312,0.0672739434716763,0.0260951016948146,0.0,0.0293329154848852,0.0,14.591614663455026,0.1875337661550002,0.0097426946786797
scenario_4_switching_cal__run_0013,38.78787878787879,0.3922371641032396,8.416408597273197,13.633095489654112,0.0622767272878395,0.0100170073281882,0.0,0.0,0.0,14.955517440569116,0.2459876214376171,0.0035614208293349
scenario_4_switching_cal__run_0013,40.0,0.4318683593235756,8.094778861563912,14.516461637221225,0.0832140665736437,0.0142567442617344,0.0328427979820482,0.0,0.0,14.762225618263386,0.2832017469357394,0.0
scenario_4_switching_cal__run_0013,41.21212121212121,0.4426927834070895,8.784750404890339,13.67780057581956,0.1503962850457107,0.029033013226369,0.0115982384658031,0.0,0.0076714024652186,14.933418057940887,0.2721625242056981,0.0303321740481844
scenario_4_switching_cal__run_0013,42.42424242424242,0.4697137763698566,8.604573818170556,14.13261442611926,0.0961343637621106,0.0,0.0,0.0174352744309132,0.0007845463058794,15.3390218961804,0.2123018860826349,0.0
scenario_4_switching_cal__run_0013,43.63636363636364,0.5276935911222328,8.664550982761561,14.748869805328267,,0.0179399728845661,0.0,0.0345315231605267,0.002859020984027,14.829401148107822,0.2527418077378248,0.0157733838220891
scenario_4_switching_cal__run_0013,44.84848484848485,0.5133596352568717,8.265743287880463,14.529194514704493,0.1556561583490019,0.0326263146325656,,0.0135469665213279,0.0,14.460482813099024,0.3312349157952579,0.0347284332903324
scenario_4_switching_cal__run_0013,46.06060606060606,0.5808479115742003,8.194077379611763,14.371914309945186,0.1676917880820249,0.0149285548927941,0.0071684010775678,0.005729445106158,0.0177697150840625,14.585254212898016,0.3198829712588086,0.0
scenario_4_switching_cal__run_0013,47.27272727272727,0.6771227514858715,8.34114030150986,14.84772260992384,0.1736518846461644,0.0020172665330193,0.0,0.0084616906398315,0.0,14.821221581942057,0.3819812912258346,0.0
scenario_4_switching_cal__run_0013,48.48484848484848,0.7102630686936238,8.316402974555452,13.251675920571454,0.1536133537443553,,0.0,0.0,0.0306848636999312,13.672674310950972,0.4478342610026916,0.0235290282216188
scenario_4_switching_cal__run_0013,49.696969696969695,0.7544345849871106,7.400497304781111,14.886397917996522,0.1974072867686883,0.0158265225220049,0.0213991675842174,0.0033869158711106,0.0,14.461863949443984,0.4440787083414028,0.045826127846962
scenario_4_switching_cal__run_0013,50.909090909090914,0.8031221411122972,8.581380616138441,14.040154063715748,0.2102895089961738,0.0457780953531896,0.0001241010128029,0.0,0.0,14.725493954992418,0.5560601979109361,0.0
scenario_4_switching_cal__run_0013,52.121212121212125,0.8522807053236239,7.663879184017088,13.822479696028052,0.2271771464508479,0.0305940781459129,0.0004018889624482,0.0,0.0,14.76717549451348,0.5294216927700883,0.0
scenario_4_switching_cal__run_0013,53.333333333333336,0.989638055772012,7.769161928149091,14.092704212039958,0.1696831681828854,0.0581911132828654,0.0,0.0312648322310701,0.0331678377222185,14.684488349077812,0.6137978476534186,0.024976635072695
scenario_4_switching_cal__run_0013,54.54545454545455,1.0358263904170022,7.298170984012825,14.770948562540983,0.2566745320968179,0.0052525491436659,0.012730903151672,0.0203831463976946,0.0075755995935962,14.290670239219024,0.6282846785015913,0.0
scenario_4_switching_cal__run_0013,55.75757575757576,1.0796922095926504,7.034134679545845,14.373046961667562,0.3302849600108696,0.0139267825068268,0.0,0.0,0.0543965053119861,14.829418683738211,0.7315767939255633,0.0357761049122043
scenario_4_switching_cal__run_0013,56.96969696969697,1.2439647345471996,6.941570636677255,14.043884324152824,0.3190774712697496,0.0167548727426315,0.0443553860284695,0.0243514761399948,0.0,14.780464872483574,0.7451323713146453,0.0
scenario_4_switching_cal__run_0013,58.18181818181819,,7.012899475533999,13.91340123524296,0.3198816588645713,0.0,0.004544085950419,0.022614970328139,0.0,14.813263633742814,0.8455260989982608,0.0411399116626611
scenario_4_switching_cal__run_0013,59.3939393939394,1.3757343382398917,6.823795230026281,14.140697058577404,0.3371071970298976,0.0215924439895512,0.0116772483198093,0.0344064052285704,0.0140663392425389,14.39237298475389,0.825584943361574,0.0120949112587354
scenario_4_switching_cal__run_0013,60.60606060606061,1.4537911104659362,6.448517432354013,14.072373689210314,0.3804919775719544,0.0092779856821268,0.0209184270614437,0.0232302234238322,0.0,14.052347277485053,1.0243742210090654,0.0
scenario_4_switching_cal__run_0013,61.81818181818182,1.4477105526759202,6.307285099338694,13.602369705337788,0.3913717907715666,0.0,0.0,0.0157521598339099,0.0027046932027703,13.95369906446998,1.0384291045406298,0.0069585465335847
scenario_4_switching_cal__run_0013,63.03030303030303,1.6820864877207546,6.160338408480291,14.001988328484796,0.387676630994489,0.0445271724292353,0.031078080022669,0.0215419266860654,0.0052916911470473,14.208203128240136,1.2103335397040795,0.0189234929856239
scenario_4_switching_cal__run_0013,64.24242424242425,1.772977772095836,5.69861824750813,14.0088874651291,0.450710061499387,0.050524856712053,0.0,0.0,0.0150718588201186,12.543431218352536,1.198208602493032,0.0491734293769949
scenario_4_switching_cal__run_0013,65.45454545454545,1.9710826506604568,5.153723829692609,13.917770720803189,0.4237648787063859,0.0538209260265006,0.0,0.0078643075441549,0.0033267435719855,13.651815291468544,1.409283568756326,0.0816756896325351
scenario_4_switching_cal__run_0013,66.66666666666667,2.1849157804171564,5.25871308547788,13.688588660145296,0.4968480014174268,0.0655074861812339,0.0258609811981347,0.0288908143428528,0.0262480841087548,14.127490846476997,1.4770817365418798,0.0627499690771313
scenario_4_switching_cal__run_0013,67.87878787878788,2.161963303172866,5.048157032356169,13.883089077060664,,0.0402332242356292,0.0,0.0042143179996658,0.0113190076850742,14.195499642145906,1.651593164874027,0.0786575061260695
scenario_4_switching_cal__run_0013,69.0909090909091,2.55214379540875,4.426081743914179,14.391753928870164,0.5273951300874669,0.0458814075127315,0.0,0.0186266253491252,0.0077790899261058,13.435403250793858,1.7995921587605097,0.0449114208950627
scenario_4_switching_cal__run_0013,70.30303030303031,2.61169253665687,3.997488921714497,14.42206955089598,0.5418034952420656,0.0055816373699115,0.0321480468432406,0.0745119357633232,0.0,13.646970972298227,1.854679776265024,0.0519990670155565
scenario_4_switching_cal__run_0013,71.51515151515152,2.712346482108069,3.786891064277708,14.414087148849582,0.5799519347151177,0.0705214809124378,0.0407338274096627,0.0648238629823993,0.0,12.735194474503135,2.141298722610697,0.0647766767068966
scenario_4_switching_cal__run_0013,72.72727272727273,3.2446343483023323,,14.289771084557222,0.6067506371820462,0.1083684305358307,0.0,0.0438866090872389,0.0104597580285073,13.59562511081388,2.054828033766149,0.006588829709269
scenario_4_switching_cal__run_0013,73.93939393939394,3.087122462190296,3.1755101968015067,13.687828771926904,0.5874139616137266,0.0495784096300743,0.0090722040106547,0.0343453268612316,0.0490832882377563,13.295737531813163,2.1346768019728746,0.0802319144722587
scenario_4_switching_cal__run_0013,75.15151515151516,3.461556456467976,2.749957653197697,13.51117722654122,0.7026217952550116,0.0424723217276281,0.0404668630898184,0.0542446476185329,0.0991953852503667,12.335673235395513,2.5857004004268336,0.082233940472449
scenario_4_switching_cal__run_0013,76.36363636363636,3.826976279100277,2.4453886667250497,12.95913918339221,,0.1111488271269647,0.0121655408089798,0.0147096343831983,0.1742272354346393,12.86225987646407,2.78863307084412,0.0851829176568363
scenario_4_switching_cal__run_0013,77.57575757575758,4.16825028146334,2.241759976282516,13.164756550704798,0.7173799053357425,0.0641649651382616,0.0667343754123102,0.053237340387033,0.2258733663824486,12.64021365456547,3.2342011671436635,0.0828750559565478
scenario_4_switching_cal__run_0013,78.7878787878788,4.727446003269626,1.8862108203668708,13.062135115047694,0.761665888601412,0.0911072535198464,0.0532776673246691,0.0470385899834073,0.2520370174779002,12.303388781581884,3.0069190039419125,0.1169450111543407
scenario_4_switching_cal__run_0013,80.0,5.265904514775676,1.5140982723797607,11.737732987371636,0.8529230819277415,0.0966420689634974,0.0168267754323749,0.0572031776913409,0.3793743541635649,12.83441032765592,3.689142281749824,0.1226419592111614
scenario_4_switching_cal__run_0013,81.21212121212122,5.45723568300529,1.429604514859177,10.501503329822782,0.8306436738333659,0.112652398623731,0.0554409689456444,0.0778064012680226,0.5464059098398076,12.034628161268264,3.9580721569499686,0.1460544410421898
scenario_4_switching_cal__run_0013,82.42424242424242,6.276519702106457,1.141591960421074,10.18602409407404,0.8304604215687373,0.1163223207873958,0.0605423110080178,0.0735062629150942,0.7723401018434033,12.126008615521789,4.330903486429302,0.1532160160400594
scenario_4_switching_cal__run_0013,83.63636363636364,6.507777248189851,,8.908793098308745,0.9970349917994012,0.1207291593120749,0.0963949017584674,0.0581175624862139,,11.440738934303042,4.872590112104255,0.2216190634014092
scenario_4_switching_cal__run_0013,84.84848484848484,7.444369841351972,0.6233994400002448,8.29786558381172,1.0825617489249737,0.1591504902860032,0.0627967243996145,0.0978930523164494,1.029500231786695,11.169973951057104,5.472420481618453,0.2244241017618514
scenario_4_switching_cal__run_0013,86.06060606060606,8.049738432644412,0.4380753033476227,6.558035325019178,1.2077246209458932,0.1512328496271586,0.0946001486472837,0.1073998059404032,1.3241411996788912,11.250046849709884,5.72714199827661,0.3142939198455536
scenario_4_switching_cal__run_0013,87.27272727272728,8.498631687095612,0.1855655924535752,5.136684314966917,1.233343969992532,0.2019032780480648,0.0556578754898541,0.1077207671135878,1.4982045614200876,10.691589653333246,6.69813793440137,0.320257043716977
scenario_4_switching_cal__run_0013,88.48484848484848,9.882260369733991,0.1399353981920727,3.729389700679945,1.2949485940811902,0.19492430362019,0.0948082241428868,0.1142986469452513,1.7642421644694664,10.235831103475876,6.641504048686133,0.3282307387133533
scenario_4_switching_cal__run_0013,89.6969696969697,9.991265365638895,0.1582542749910969,2.354007951535539,1.274770570432397,0.2169727804102866,0.0707865689160996,0.1516724014048479,1.947430841230012,9.465547484340432,7.465765003129082,0.3251144550299261
scenario_4_switching_cal__run_0013,90.9090909090909,10.555419023533794,0.1882780999399435,1.2507984692144372,1.3377033965009943,0.2465022413499185,0.0460423280008715,0.1418412407117743,2.098807766835729,,8.222445400076284,0.3088262150608098
scenario_4_switching_cal__run_0013,92.12121212121212,11.314168973015462,0.13319706792098,0.5180577065827224,1.416919416238074,0.1813593044830342,0.0682999543051396,0.1332725216888501,2.3325650155478934,9.344736450968403,8.091889564944223,0.4213767780989135
scenario_4_switching_cal__run_0013,93.33333333333334,10.538021230352502,0.1643649734096924,0.2157341111818427,1.3770383748390391,0.2479848038830411,0.1120706737257301,0.181068740595724,2.439157124560392,8.731333105550661,8.266646328957474,0.3647422869154463
scenario_4_switching_cal__run_0013,94.54545454545456,10.522750072698043,0.1736692786103215,0.1955423744860297,1.3691394023588888,0.2165411737706968,0.1414395761329413,0.1416676661781808,2.4987423011360783,8.724480197890205,7.834277646548193,0.3523920695151279
scenario_4_switching_cal__run_0013,95.75757575757576,10.570189834868364,0.1521049866092183,0.2269836349516173,1.3073721079129923,0.2409906742810394,0.1152143083582424,0.1349505172856528,2.560792658348267,8.900202802824085,8.164037295702622,0.356165566086737
scenario_4_switching_cal__run_0013,96.96969696969695,10.991326721150005,0.2139466110690079,0.2535642452104122,1.4193415395460212,0.2164335443243542,0.0820306556766365,0.1593577895741005,2.527414952367045,9.475494814782936,7.914631319117818,0.4108665660117762
scenario_4_switching_cal__run_0013,98.1818181818182,10.488257748127849,0.2002566587872645,0.2109747806371042,1.3785902082971837,0.2159116141226778,0.0547427717117469,0.1600680273398313,2.472434641926938,9.050645796622764,8.128837303909572,0.40667676196699
scenario_4_switching_cal__run_0013,99.3939393939394,10.489808308429726,0.1654398294947841,0.2135451003644786,1.359547058938189,0.1992305756669981,0.1346320576999404,0.1773287881106639,2.336864646938891,8.846468049972128,8.345678786647314,0.3614711186770908
scenario_4_switching_cal__run_0013,100.6060606060606,11.393204853647465,0.1901246629156406,0.2325313761830693,1.307650851832686,0.2365094748875567,0.0486536743752538,0.1495754333166214,2.453933578268225,9.106836225928635,7.880093039859986,0.3629964598642618
scenario_4_switching_cal__run_0013,101.81818181818184,11.190703899178809,0.170387391591633,0.2338731850474325,1.4773118583107103,0.2188140521301795,0.0816792907741879,0.1572171407096889,2.515780285733475,9.160212525160912,8.239448439392467,0.3588055204568369
scenario_4_switching_cal__run_0013,103.03030303030305,11.7290662792292,0.2057479989137202,0.2665909442672988,1.277169337463595,0.267390658476425,0.0876936424932969,0.1549868537674741,2.465538195819017,8.833705623537595,7.52299678232622,0.426878329505877
scenario_4_switching_cal__run_0013,104.24242424242424,10.929704097405992,0.2358777754456915,0.2378806731082826,1.3172959239938749,0.2130310296529672,0.1209396599488834,0.1100926403113737,2.240850631556905,,8.327129480364487,0.370212908018425
scenario_4_switching_cal__run_0013,105.45454545454544,10.998899674943315,0.1722661595059069,0.2510655477678115,1.495580757016752,0.2684170925129721,0.0778104159875682,0.1228024483459849,2.3679277729008428,9.257318518864947,8.240385972967097,0.2990585323198593
scenario_4_switching_cal__run_0013,106.66666666666669,11.793635631383156,0.1994147667049403,0.232901654826985,1.34727438041664,0.2012322711939611,0.099368130347737,0.1546852661312976,2.3505361019968727,8.954922238524935,8.038984126582182,0.3675692339866338
scenario_4_switching_cal__run_0013,107.87878787878788,10.73443484839684,0.1852510043991146,0.1893437679474104,1.396258456898782,0.2219512531930591,0.0892422898324016,0.1444870638862229,2.2926986537722422,8.689915234866737,8.042385656178642,
scenario_4_switching_cal__run_0013,109.0909090909091,10.959855998912008,0.1853265497701057,0.2561425382023464,1.3947107940196457,0.246720862282775,0.1052325748205905,0.1535024886355616,2.3538539688931706,9.250980578577911,8.568884381082466,0.3687408500269559
scenario_4_switching_cal__run_0013,110.30303030303033,10.07959793666696,0.1827213985062505,0.2624242005489399,1.3173319694652823,0.2324798277128067,0.084988231354308,0.1121120589276089,2.476236820508864,9.436341628505511,8.276332475939975,0.3567033137291963
scenario_4_switching_cal__run_0013,111.51515151515152,10.775001478472763,0.1745559275040965,0.2570846450566226,1.267196578052341,0.2609864137645163,0.058332202294761,0.1504103698083377,2.2286276259151188,8.50649673966246,7.919090468263354,0.3792484456529595
scenario_4_switching_cal__run_0013,112.72727272727272,10.680018085837444,0.1919140965964154,0.2528804243667132,1.4034602650452346,0.1998437834531745,0.0829268198078369,0.1376830597137745,2.663403598862404,9.221587275921133,8.713237548376442,0.2971996717731412
scenario_4_switching_cal__run_0013,113.93939393939394,11.521013257150235,0.2236653481505562,0.2444131863714607,1.2835605665499386,0.2491086923746648,0.0842647982968017,0.1414991812365988,2.3364065170289177,8.832888486766286,8.308625436820039,
scenario_4_switching_cal__run_0013,115.15151515151516,,0.2305827973379754,0.2603160561653826,1.3737405442251212,0.2384310245791164,0.0912122181292684,0.1731567927495139,2.302353448043549,9.280098686313735,8.113567228335762,0.289546364767017
scenario_4_switching_cal__run_0013,116.36363636363636,10.38360930555739,0.1885407650271879,0.2752720540569643,1.294618876273842,0.2368855067635841,0.1144488847559571,0.1241183232912531,2.526516211643647,9.34140589979832,8.302405314583241,0.398643962669629
scenario_4_switching_cal__run_0013,117.57575757575758,11.243603547184415,0.209958805975596,0.2638317567297983,1.33865223365151,0.2113033496540075,0.0871539589679269,0.1823344291264301,2.489157693292721,8.650641436155194,8.307950046340185,0.386500524156345
scenario_4_switching_cal__run_0013,118.7878787878788,10.499061336659253,0.1888256246271822,0.2575432093082849,1.258032267835747,0.1670780891544046,0.1088492059905458,0.1563418890594828,2.5327182664731724,9.109255472939983,7.9261775446527745,0.4278996302627724
scenario_4_switching_cal__run_0013,120.0,10.69117062269539,0.2163797938321265,0.2454445265650209,1.3604087876905484,0.264729121836733,0.1094181188356841,0.1221785809759815,2.599165257018349,9.026631276657522,8.341803599506266,0.3779030024511081
scenario_4_switching_val__run_0119,0.0,0.1604583453188186,10.175091127345288,13.661376777712409,0.0293014260560045,0.0207829284786065,0.0,0.0225720090420017,0.0,14.999238109394298,0.0,0.0
scenario_4_switching_val__run_0119,1.2121212121212122,0.154756930725316,10.034340968499114,13.768844239340025,0.0,0.0,0.0,0.0,0.0,15.706528917320547,0.0135359014652114,0.0
scenario_4_switching_val__run_0119,2.4242424242424243,0.1775362279542754,10.1831040788151,14.190801462432162,0.0,0.0,0.0058907556721037,0.013394873582109,0.0,14.41455076650178,0.0,0.0023944326653725
scenario_4_switching_val__run_0119,3.6363636363636367,,10.895925828401571,13.824937989503832,0.0036979860859271,0.0298564224440201,0.0,0.0273927631910762,0.0,15.593692642193044,0.0022276825510682,0.0
scenario_4_switching_val__run_0119,4.848484848484849,0.1965997859114864,10.512859300284385,14.69914838030664,0.0,0.0511020171869125,,0.0098586033739647,0.0177198821827956,14.187224083100348,0.0028098594069881,0.0295316865664159
scenario_4_switching_val__run_0119,6.0606060606060606,0.1857208756013836,10.105485798959757,13.85503135348413,0.0,0.0,0.0335222120806017,0.0198636905705662,0.0,15.360756902684152,0.0049432538069065,0.0268405807300357
scenario_4_switching_val__run_0119,7.272727272727273,0.1346476939000162,10.03410276357957,14.60005932169645,0.020109987709839,0.0319078908175005,0.0,,0.0,15.407057753097307,0.0060591984334428,0.0
scenario_4_switching_val__run_0119,8.484848484848484,0.1785393667410807,9.966877130301372,14.315367604983525,0.0139372191528181,,0.0,0.0,0.0010133320125905,15.470602497269407,0.0,0.0036671299290428
scenario_4_switching_val__run_0119,9.696969696969695,0.1683821286172327,9.905423177117305,15.039083077155729,0.0,0.0,0.0425430742519271,0.0006651080318335,0.0181185310407088,14.23994135025108,0.0053481429851197,0.0
scenario_4_switching_val__run_0119,10.90909090909091,0.1999934386917036,10.055972425304637,13.80193369590049,0.0014557170068224,0.0,0.0,0.0,0.0,14.417315829487992,0.0015227552304998,0.0
scenario_4_switching_val__run_0119,12.12121212121212,0.1705246106432801,10.219850298558772,14.08328418905712,0.0282587950610262,0.0023502672159081,0.0,0.0,0.0,14.697125096114233,0.0048658919326201,0.017405117591871
scenario_4_switching_val__run_0119,13.333333333333334,0.232805754421604,10.047067552175488,13.999936147402687,0.0087170289899499,0.0356774698715881,0.0,0.008968910634738,,13.927616551690033,0.0,0.0
scenario_4_switching_val__run_0119,14.545454545454549,0.2145180667661896,10.241615948723313,14.576542924114626,0.0317454371494283,0.0,0.0203575920034837,0.0170331196731179,0.0018020735324178,15.09086882220774,0.014102149581144,0.0
scenario_4_switching_val__run_0119,15.757575757575758,0.177726658167661,9.733159217845976,14.551735477933818,0.0220429191640637,0.004074774870782,0.0,0.0160303417927125,0.0032092368607884,15.137497591966662,0.0066416895893403,0.0
scenario_4_switching_val__run_0119,16.96969696969697,0.2190962903119104,10.315967910883597,13.872585045712144,0.0081962584275526,0.0201373061698145,0.0,0.0252446584688631,0.0,14.38253379376175,0.0,0.0
scenario_4_switching_val__run_0119,18.181818181818183,0.2276097529247022,10.021952384573556,14.780273373374698,0.0375121937791175,0.0128206879218176,0.0165948849590426,0.0484455058139556,0.0058759163521264,15.620818064935904,0.0091960912673263,0.0398220721569781
scenario_4_switching_val__run_0119,19.393939393939394,0.241967221476652,9.992151377313569,14.52188725877612,0.0036098569031513,0.0,0.0088031856453428,0.0,0.0,14.909121610027128,0.0203575883575937,0.0
scenario_4_switching_val__run_0119,20.60606060606061,,9.990375723537456,13.87304471655679,0.0209680750916534,0.0118961918376192,0.0,0.0,0.0164824087571555,15.088480806907372,0.0,0.0
scenario_4_switching_val__run_0119,21.81818181818182,0.2095310378138108,9.998508127132022,13.755614294476858,0.0134010143842611,0.0036225124378768,0.0,0.0,0.0122282817988474,15.085533282134117,0.0568551531895671,0.0143717852572514
scenario_4_switching_val__run_0119,23.03030303030303,0.2352775641095439,10.208771714271666,13.80327905622015,0.0379818584505359,0.01773707567846,0.0,0.0,0.0,15.436502649033851,0.0097649615735829,0.0094947423209273
scenario_4_switching_val__run_0119,24.24242424242424,0.2634664516212472,10.09752133406807,14.166162442836372,0.0004394773936392,0.0,0.0062145216248974,0.0,0.0,15.720972480066235,0.0072704992236737,
scenario_4_switching_val__run_0119,25.454545454545457,0.22077578241584,10.637914833066915,14.823190465892775,0.0,0.0017511105423981,0.0,0.0085532119545678,0.0269022856544732,14.633606580253254,0.0487746957274648,0.007952284156189
scenario_4_switching_val__run_0119,26.666666666666668,0.2420487077070633,10.503542476154347,13.896869945967904,0.0,0.0,0.0,0.0,0.0037832162021006,15.569558856934991,0.0306260574920493,0.0318677954627842
scenario_4_switching_val__run_0119,27.87878787878788,0.2229241663591389,10.016057853271814,14.367397317932822,0.0066832567449538,0.0077351942286036,0.0,0.0144485466572367,0.002774440195206,13.967572877466273,0.0,0.0
scenario_4_switching_val__run_0119,29.090909090909093,0.2516920244370078,9.53577394531634,14.326861581600363,0.0,0.0,0.0226545531487757,0.0046620314944116,0.0,14.817664820769863,0.0544694334854829,0.0
scenario_4_switching_val__run_0119,30.303030303030305,0.2719831610452851,10.257816590489355,14.162857334493568,0.0,0.0029339781387832,0.0138299449925053,0.0,0.0,14.8918714057145,0.0149125664890434,0.0169991182660503
scenario_4_switching_val__run_0119,31.51515151515152,0.2288523288057604,10.254955271135591,14.21315212469111,0.0,0.0,0.0,0.0043316453362593,0.0044961994807533,15.041431615361782,0.018098422654636,0.0062015786992461
scenario_4_switching_val__run_0119,32.72727272727273,,9.872791578158958,13.869457534709266,0.0,0.0473889196798691,0.0,0.0017784688831968,0.0,14.68156722403627,0.0459470974394945,0.0117497341569819
scenario_4_switching_val__run_0119,33.93939393939394,0.2566557479154954,11.068902293629304,13.97122073244703,0.0,0.0,0.0052874237784473,0.0,0.0,14.645719678097691,0.0,0.0
scenario_4_switching_val__run_0119,35.15151515151516,0.2606397376723126,10.22333100230414,13.65375082888305,0.0239717418090417,,0.0197733136228441,0.0,0.0,14.49564817098195,0.039482805371265,0.0066723106199053
scenario_4_switching_val__run_0119,36.36363636363637,0.3012122927552215,10.177585078233092,14.211880459761115,0.038026124539651,0.0,0.0014015023191542,0.009064768182256,0.0003729642168281,14.917880042007424,0.0324075368557173,0.0
scenario_4_switching_val__run_0119,37.57575757575758,0.2867120298187665,10.29355184943658,14.325593329212754,0.0,0.0,0.0059912359154856,0.0127087279981109,0.0056493926747738,15.014626343939913,0.006139925592237,0.0003553950698574
scenario_4_switching_val__run_0119,38.78787878787879,0.3184353829106254,10.035469928958715,15.318070992748437,0.0178901249203187,0.0228214229836908,0.0,0.0096311299311576,0.0,14.631404783578033,0.0679303744959609,0.0
scenario_4_switching_val__run_0119,40.0,0.2690294614892819,10.15922124392105,13.816066191465168,0.0075828198197208,0.0,0.0038008845903993,0.0,0.0130165979073332,14.478809124937529,0.0730012078426727,0.0
scenario_4_switching_val__run_0119,41.21212121212121,0.2941228190313882,9.750832529452891,14.833052180986808,0.0126334338468526,0.0135450672402442,0.0,0.0,0.0082407480058117,15.43162882337966,0.0677232024088981,0.0398122073218305
scenario_4_switching_val__run_0119,42.42424242424242,0.3314235548587705,10.08413114950192,14.076250530899935,0.029857674551659,0.0,0.0173216467868183,0.0,0.0063327918585897,14.651686584280652,0.0529230937702383,0.0
scenario_4_switching_val__run_0119,43.63636363636364,0.33225916306511,10.061815266822856,13.710317447382584,0.0300151842994558,0.0412831251247401,0.0,0.0094330258446132,0.0018640828725061,14.67841470915702,0.0390117374417236,0.0
scenario_4_switching_val__run_0119,44.84848484848485,0.3323768372318355,9.563033698876405,14.974825226585038,0.0075747530606275,0.0240443381625825,0.0,0.0167002049618942,0.0,16.10541521523968,0.0309919189705137,0.0087363933892442
scenario_4_switching_val__run_0119,46.06060606060606,0.3189514029287446,10.094103485703176,14.08832600615736,0.0156388102368289,0.0064860150444907,0.0,0.0162874463468222,0.0012599337376689,15.13553407787517,0.0324806898075697,0.0
scenario_4_switching_val__run_0119,47.27272727272727,0.3043766336485067,10.003604933735222,14.93061109118,0.0219837988808268,,0.0113332248871785,0.0,0.0005360768635657,14.47904829116764,0.0567371447355198,0.0039836750407881
scenario_4_switching_val__run_0119,48.48484848484848,0.337627803802794,10.545306909291416,13.804729159742008,0.0187217984623728,0.0,0.0,0.0,0.0,15.285816685735522,0.0368324558218018,0.0
scenario_4_switching_val__run_0119,49.696969696969695,0.3490680139831652,9.914996171836563,14.036598620883142,0.0179771248515968,0.0,0.0239343769862894,0.0,0.0,15.625997525408811,0.0551133968676789,2.833897366462542e-06
scenario_4_switching_val__run_0119,50.909090909090914,0.3849030150206938,10.464268768483,14.077465019473788,0.0375800369584136,0.0235707450245543,0.0107330623762348,0.0266860012342354,0.0,15.186983360665431,0.0641489691170632,0.0205994341501729
scenario_4_switching_val__run_0119,52.121212121212125,0.3521666898585663,9.50122444818189,14.359949474820985,0.0538871659403373,0.0242424984226099,0.0156147792194947,0.0371227049696265,0.0,14.586728686709437,0.0386556971413995,0.0
scenario_4_switching_val__run_0119,53.333333333333336,0.3613195957448817,10.436835982344151,14.440519399383176,0.0252439868585411,0.0297567341176861,0.0353608438214918,0.0,0.0023885443337703,15.08429794846964,0.0102338914728274,0.0056104604658091
scenario_4_switching_val__run_0119,54.54545454545455,0.3790727346139745,10.461433560343552,14.137893049483507,0.0453617426133908,0.0,0.0001301111460055,0.0,0.0,14.375481422237376,0.0451715533069633,0.0211502494059726
scenario_4_switching_val__run_0119,55.75757575757576,0.3884449197458008,9.738715404616812,13.625410617190092,0.0332784237387639,0.0,0.0,0.0,0.0,14.582570434410444,0.044745225780093,0.0
scenario_4_switching_val__run_0119,56.96969696969697,0.3781968066554339,10.485352561860088,13.931971057151667,0.0194009838833517,0.0,0.0,0.0,0.0,14.9329735037228,0.0694585410499377,0.0110446596917164
scenario_4_switching_val__run_0119,58.18181818181819,0.3766856787969034,10.00143612405705,14.337047045541317,0.0162176466165397,0.0114956426162793,0.0145391998386758,0.0069206396351476,0.021452237349227,15.139588602921304,0.043194349354182,0.0
scenario_4_switching_val__run_0119,59.3939393939394,0.3527040480258226,9.561991538537193,13.946539752637076,0.0612672999984724,0.0012794211765789,0.0035965313789017,0.0055903865312139,0.0167145826168274,15.226748501324264,0.0697304205372101,0.0
scenario_4_switching_val__run_0119,60.60606060606061,0.416124667370558,9.807608853117037,13.602160856868082,0.0303697494797418,0.0233768579834067,0.0,0.0,0.0,14.706919132393931,0.1148143907908346,0.0078006349723717
scenario_4_switching_val__run_0119,61.81818181818182,0.3782697131975123,10.395017533105754,14.684054556862618,0.0546324610124607,0.0194540149545275,0.0144952490922641,0.0,0.0005928034719809,15.454192721181911,0.1268430872077616,0.0
scenario_4_switching_val__run_0119,63.03030303030303,0.4235712038035498,9.974301562991393,14.272574438624243,0.0095920132972186,0.0278073281901584,0.0194070512793809,0.004461401732676,0.0,14.642679880721513,0.1220131372666618,0.011834397149773
scenario_4_switching_val__run_0119,64.24242424242425,0.4353612376385641,10.172531344823003,13.95301744895974,0.0035888683737389,0.0,0.0,0.0104801497282222,0.0,15.770407804258625,0.0978709883424491,0.0
scenario_4_switching_val__run_0119,65.45454545454545,0.4472554480483512,9.561034081931806,14.392939592336033,0.0356091237598413,0.0,0.0173240056972791,0.0,0.0342408604052164,15.381025475307478,0.1303019006675626,0.0148972522423532
scenario_4_switching_val__run_0119,66.66666666666667,0.4802607971279078,10.11783418615938,13.825635060135165,0.0217785239554369,0.0,0.0,0.0250646236141927,0.0165853087264324,,0.095290299187476,0.0165703027807465
scenario_4_switching_val__run_0119,67.87878787878788,0.456912622376329,10.313963918434007,14.40391940039592,0.0267108554905187,0.0215954442704402,0.0,0.0093830642441681,0.0015189444526258,15.093452602653809,0.1113606938398169,0.0303562512937311
scenario_4_switching_val__run_0119,69.0909090909091,0.4316747266278469,9.650544448967516,14.305404998452852,0.026214499180341,0.0,0.0,0.0,0.0132071961760045,15.346042842284096,0.129840398792128,0.0177089940966469
scenario_4_switching_val__run_0119,70.30303030303031,0.490510463882447,9.445254548151649,14.337331741211536,,0.0,0.0125729976255703,0.0,0.0284896100122858,14.390436503872747,0.1403446767388866,0.0233618729521099
scenario_4_switching_val__run_0119,71.51515151515152,0.5499279377819447,9.85327203515288,14.985731011966536,0.0487140641879462,0.0109061855566021,0.0049249536194733,0.0136890811858429,0.0333516240363342,15.52402096596513,0.1190872817944564,0.0024381109733877
scenario_4_switching_val__run_0119,72.72727272727273,0.5200677035967068,9.643196757368354,14.507945494069656,0.0592149525882775,0.0004937499137799,0.0063580771052439,0.0,0.002807809647666,15.172100531272177,0.1475903410658112,0.0023684056070646
scenario_4_switching_val__run_0119,73.93939393939394,0.5631517928603111,10.018981055594876,13.928385539564502,0.0481944591853782,0.0026290730365646,0.0,,0.0083748500947951,14.777173270630364,0.1583084146701352,0.0
scenario_4_switching_val__run_0119,75.15151515151516,0.4546286856236708,10.0444060822824,13.963403524523764,0.0559939147807029,0.0112018351500003,0.0,0.0461882300240628,0.0,15.103877809188146,,0.0402369348376775
scenario_4_switching_val__run_0119,76.36363636363636,0.4724312173622523,9.22014322705838,14.171471620756767,0.0725020629594084,0.0,0.0223510013526316,0.0231583887466747,0.0190329827575241,14.982131634250274,0.1675693138933223,0.000691000008932
scenario_4_switching_val__run_0119,77.57575757575758,0.5196525767790198,9.728535930535584,13.783283141423212,0.0420366285050659,0.0,0.0,0.0079745041129056,0.0,14.046077588392494,0.1375548007343373,0.0052978998573574
scenario_4_switching_val__run_0119,78.7878787878788,0.5247570624808086,9.627473338719447,14.48741257625156,0.0417359887919209,0.0394730975529725,0.0,0.0,0.0,14.20927219687536,0.1584255755998097,0.0
scenario_4_switching_val__run_0119,80.0,0.5707631039587705,9.400796406011102,14.817837152654992,,0.012555419465194,0.0,,0.0,15.013086178222888,0.2028953264895901,0.0
scenario_4_switching_val__run_0119,81.21212121212122,0.5604972642546545,9.728750012016128,14.491004991888603,0.0674347099987685,0.0054778125667608,0.0,0.0,0.0054677861624914,14.72997945510862,,0.0183777642246313
scenario_4_switching_val__run_0119,82.42424242424242,0.6106415231543928,9.283847880321447,14.228505862453504,0.0604469371411769,,0.0088645441329232,0.0,0.0,14.150464683960504,0.1503090382548247,0.0
scenario_4_switching_val__run_0119,83.63636363636364,0.6300438557053685,9.573004684454084,14.098320118040014,0.0242046380822459,0.012131057532283,0.0,0.0691266003865494,0.0,15.38834508746416,0.2022358698456819,0.0
scenario_4_switching_val__run_0119,84.84848484848484,0.5947380249316895,9.947399222364131,13.8378091048872,0.0323417112031747,0.0033757169837467,0.0,0.0,0.013953847765041,14.6914622082163,0.1613365862238663,0.0091279972814144
scenario_4_switching_val__run_0119,86.06060606060606,0.6653256835683529,10.054530289794934,15.491266633308507,0.0072205510609364,0.0053117352463935,0.0,0.0049896876439801,0.0148265694834763,15.000608831453295,0.2333939368740835,0.0055455940445544
scenario_4_switching_val__run_0119,87.27272727272728,0.6738234449723344,9.848849439619888,13.936295007559346,0.0596604648953676,0.0207239326749066,0.0355295484149997,0.0244759886984384,0.0,14.826574276713568,0.2615624128322374,0.0315548729880556
scenario_4_switching_val__run_0119,88.48484848484848,0.6622021783268212,9.850968633288332,14.1276932514715,0.0514301511108776,0.0194959141140345,0.0166128784678042,0.0363138889474669,0.0025204752789653,14.913307941153542,0.2031939695173206,0.0188081826043838
scenario_4_switching_val__run_0119,89.6969696969697,0.721957544842214,9.28687038210791,14.346447736592596,0.0901635056277724,0.0,0.0,0.0,0.0,14.537742129106803,0.2705331494310087,0.0
scenario_4_switching_val__run_0119,90.9090909090909,0.7205533312075602,9.253395570185532,14.891291091941556,0.0595367885893982,0.0,0.0,0.0193779532053554,0.0234111310411681,14.996289313474314,0.2979457180689129,0.0223459776663117
scenario_4_switching_val__run_0119,92.12121212121212,0.7064611865598539,9.212560482262637,14.62058604119128,0.0958097661273182,0.0247850252808442,0.0080990102696298,0.0162103637356006,0.0,14.506567188485398,0.2738683878240453,0.0011672830335144
scenario_4_switching_val__run_0119,93.33333333333334,0.7062910974597114,9.708968017503736,13.63431481311329,0.0743962390999421,0.0124810305172362,0.0,0.0,0.0119636877763131,14.94077229741918,0.2749650849191052,0.0192549125626437
scenario_4_switching_val__run_0119,94.54545454545456,0.7537577535867005,9.226846350735308,14.599680997010598,0.0546455797448444,0.0,0.0068043417230196,0.0,0.0139103947399051,14.37837975038032,0.2391169982437027,0.0259332236674742
scenario_4_switching_val__run_0119,95.75757575757576,0.7684983603594234,8.86582263737222,14.6884028209968,0.0660131807617277,0.0051522576701408,0.0643078179189894,0.007260068631849,0.0,14.75013995349673,0.3462115482448791,0.0
scenario_4_switching_val__run_0119,96.96969696969695,0.7905104531278577,9.23133092836188,14.331888507706262,0.1033527611704065,0.0423628974689834,0.0,0.0114734287968685,0.0055676973181701,14.07854745025496,0.2796548472647599,0.0134287045223356
scenario_4_switching_val__run_0119,98.1818181818182,0.8864707978150816,9.547555336108768,13.644591505240053,0.0664337728952643,0.0,0.0,0.0179024479676049,0.0080213808069338,15.354893745263418,0.3870868635089442,0.0227792259600115
scenario_4_switching_val__run_0119,99.3939393939394,0.852017054538311,9.319992971244588,13.819096060397744,0.0366989830610906,0.0247555361182192,0.0,0.0102210688893334,0.0170529705365404,14.250095137417446,0.4129578144021872,0.0077395410307992
scenario_4_switching_val__run_0119,100.6060606060606,0.8583033256557109,9.166730273513062,13.7127652282416,0.0637805449759656,0.018547239429306,0.0,0.0,0.0,14.479767508137227,0.345429021455969,0.0
scenario_4_switching_val__run_0119,101.81818181818184,,9.30884479952536,14.095896570839608,0.0911693783754804,0.0043579118287563,0.02154772926647,0.0076523919369273,0.0,14.176122012351245,0.3221525387774543,0.0
scenario_4_switching_val__run_0119,103.03030303030305,0.8906964698357693,9.35489975548313,14.151033691823418,,0.0284473984719732,0.0237367903162741,0.0357719507466109,0.0,14.84384892780192,0.3700192091351133,0.024140611584436
scenario_4_switching_val__run_0119,104.24242424242424,0.9054899719656584,9.2435936860552,14.804473695872348,0.0819482203999616,0.0211857778424992,0.0341027981887996,0.0195095198947634,0.0086168955170477,15.102453253359156,0.3644727503421547,0.0170101730826952
scenario_4_switching_val__run_0119,105.45454545454544,0.9919704465441792,9.044399858591849,14.412119296430214,0.0860814070700528,0.005235116239049,0.03162277414574,0.0038096518323565,0.0019400055819188,14.513743076560138,0.4477728636648689,0.003992757274204
scenario_4_switching_val__run_0119,106.66666666666669,0.961452175003022,9.408362652300166,14.213225284731957,0.0750543579210771,0.0111918180947511,0.0163544241286474,0.0062827340318995,0.0431473471802193,13.743682349414346,0.3953438877431027,0.0130362357172649
scenario_4_switching_val__run_0119,107.87878787878788,1.0131442826524883,9.19350424167339,14.30613114076015,0.144625618355953,,0.0316935162970601,0.0,0.0130874175482781,14.516762957717017,0.4134906161588976,0.0107130565500933
scenario_4_switching_val__run_0119,109.0909090909091,0.9648511590075988,8.642888872600306,14.02886900047634,0.0811668664894667,0.02354658841121,0.0021525081474184,0.0163492045861617,0.041968349446954,14.48076658688132,0.4563105287003164,0.0151449382765032
scenario_4_switching_val__run_0119,110.30303030303033,1.021849892925457,9.335979368212032,13.820000068354684,0.1044143772561015,0.0466255151244065,0.0,0.0,0.0134845993910042,,0.4597672547290188,0.0294730603892807
scenario_4_switching_val__run_0119,111.51515151515152,1.0998080201588205,8.921231320258414,14.440421648129435,0.1159072550044736,0.0283567210418544,0.0,0.0,0.0,14.75895655976232,,0.025413782004216
scenario_4_switching_val__run_0119,112.72727272727272,1.0966105902777608,8.379678113242171,13.674821691090774,0.0879692686163745,0.0286778177616832,0.0,0.031492056537451,,14.509798933587955,0.5068989326359985,0.0182668576201197
scenario_4_switching_val__run_0119,113.93939393939394,1.1911769353368786,8.316093687475853,14.326438556947693,0.0811828583106289,0.0,0.0006902827890874,0.0,0.0,14.69362179114512,0.5899614951101321,0.0423740020307482
scenario_4_switching_val__run_0119,115.15151515151516,1.1944053430897783,8.364951118781823,13.871903082259228,0.1097744725588584,0.0145628853300599,0.0050523114934172,0.0286645102241689,0.0054978755139864,14.620416319517464,0.6038137019245651,0.010231159900629
scenario_4_switching_val__run_0119,116.36363636363636,1.166224874734179,8.218835320868333,13.950761663300495,0.1145034720232738,0.0092049106727794,0.0331011391523635,0.0132628482257363,0.020731384768025,13.428911797201232,0.6491577725888297,0.0361727552048713
scenario_4_switching_val__run_0119,117.57575757575758,1.250074722470413,8.935754725814956,13.319834282385576,0.0991890485275651,0.0,0.0183580519714037,0.028189292519959,0.0,14.736081692273231,0.5332478338449778,0.0257703676085311
scenario_4_switching_val__run_0119,118.7878787878788,1.3064855264107404,8.305963591487941,15.016624146381428,0.1237157009576233,0.0167848016054267,0.0238488545340095,0.0163208977697407,0.0041045077960978,14.05427348539214,0.6627525646037268,0.0212121218242666
scenario_4_switching_val__run_0119,120.0,1.335785223339709,8.474961111823259,14.23394511540458,0.0828436018520541,0.0127430188371442,0.0215278395321547,0.0186524071369,0.001557789674651,14.320029407535916,0.7484468955856558,0.0641953303668949
scenario_5_time_gated_cal__run_0001,0.0,0.0135585567382643,10.98000912551074,16.360224458002563,0.0,0.0465187139871574,0.0,0.045495658038547,0.0,15.300735312956592,0.0,0.0
scenario_5_time_gated_cal__run_0001,1.2121212121212122,0.0,11.47195292969117,17.32641653945263,0.0002047713046621,0.0246305454276645,0.0150937154232934,0.0,0.0367401164455334,14.516284555015394,0.0,0.0099635866425104
scenario_5_time_gated_cal__run_0001,2.4242424242424243,0.0,11.463599871321204,16.36526414637651,0.0157121186353526,0.0171477710462961,0.0054408502411137,0.0,0.0,14.567189806907924,1.0688770661598356e-05,0.0091141413812107
scenario_5_time_gated_cal__run_0001,3.6363636363636367,0.0,10.99793999728055,16.102910710482785,0.0013676269297785,0.0,0.0002953693640326,0.0,0.0372799378858951,14.98427895868156,0.0,0.0183066865829534
scenario_5_time_gated_cal__run_0001,4.848484848484849,0.024693605896058,11.572162106299931,17.193492977521085,0.0116817470056906,0.0,0.0,0.0223769363708388,0.0024658599361476,14.272912883115358,0.0174984677704343,0.0
scenario_5_time_gated_cal__run_0001,6.0606060606060606,0.0280780974728325,,15.533348214211635,0.0,0.0,0.0,0.0010434531646615,0.0,13.349789505826054,0.010822086725283,0.003363573415233
scenario_5_time_gated_cal__run_0001,7.272727272727273,0.0,11.061088202738237,16.177373470069995,0.009190597317066,0.0,0.0022644099352896,0.0,0.0,14.465329867799106,0.0,0.0336551615037418
scenario_5_time_gated_cal__run_0001,8.484848484848484,0.0,11.712470140641088,15.780202908519003,0.0202724188894768,0.0,0.0301137639044924,0.0089436069150587,0.0201087881555669,15.40741282251165,0.0179797232188132,0.0
scenario_5_time_gated_cal__run_0001,9.696969696969695,0.0233083228381687,11.76336811283034,15.798217093441057,0.0252627803044716,0.0149406828770995,0.0,0.0,0.0049085012803691,15.444909716127658,0.0271514257894094,0.0
scenario_5_time_gated_cal__run_0001,10.90909090909091,0.0,11.24691676216913,16.43609460480208,0.0088796931871604,0.0,0.0,0.0,0.0064768341014853,14.40662653696138,0.0084563643098757,0.0
scenario_5_time_gated_cal__run_0001,12.12121212121212,0.0596420492508957,11.29476371148392,16.30977703151143,7.275969540456936e-05,0.0,,0.0012306609205338,0.0050045309551295,14.975529034672542,0.0,0.0046728963736027
scenario_5_time_gated_cal__run_0001,13.333333333333334,0.0061539117148429,11.86031739643576,15.671687082856431,0.0095108508210109,0.0190187666229299,0.0,0.0001188165653902,0.0,15.134790191984075,0.0295573612245635,0.0054178913757854
scenario_5_time_gated_cal__run_0001,14.545454545454549,0.0020398950497797,11.180531385213865,16.188349396224318,0.0,0.0,0.0,0.0,0.0,15.542512596048535,0.0188463548372566,0.0
scenario_5_time_gated_cal__run_0001,15.757575757575758,0.0280686850435939,11.188681323113158,16.367616089310474,0.0,0.0103014606527551,0.0,0.0142975983821824,0.0,15.116727741137634,0.0172715488186907,0.0077216265642496
scenario_5_time_gated_cal__run_0001,16.96969696969697,0.1007484701435154,11.930727058528053,16.54177440849039,0.0150013681202916,0.0178138044028859,0.0347041015271544,0.0,0.0074801120931929,15.308197101464158,0.0114772539928839,0.0122241973424528
scenario_5_time_gated_cal__run_0001,18.181818181818183,0.029437284835825,12.079345849965929,16.1562840470219,0.0034185635490423,0.0433497371021052,0.0009058561190265,0.0,0.0,14.69516109650699,0.0308120852995911,0.0
scenario_5_time_gated_cal__run_0001,19.393939393939394,0.0459845347777194,11.034534749753464,16.2771897420492,0.0,0.0,0.0227678752524505,0.0175920024877697,0.047433602146182,15.287789743616012,,0.0325762966949718
scenario_5_time_gated_cal__run_0001,20.60606060606061,0.043958745350407,10.62320542088515,15.691587568916956,0.0,0.0,0.0,0.013265061633105,0.0,14.55988148010302,0.0544911712934539,0.0
scenario_5_time_gated_cal__run_0001,21.81818181818182,0.0700795049119762,11.581836943998065,16.929594889567415,0.0152761507674273,0.0142770932854421,0.0,0.0,0.0168537830790461,15.560143166294989,0.0037524773802167,0.004289183165417
scenario_5_time_gated_cal__run_0001,23.03030303030303,0.0625291958026982,11.335783402852536,15.719860661799974,0.0280437383183244,0.0172677134613404,0.0203309430345309,0.0056982652965376,0.0316512576844208,14.293205598568564,0.0169084187803828,0.0130021735886486
scenario_5_time_gated_cal__run_0001,24.24242424242424,0.0291119391039828,10.890456465762512,16.04551364736615,0.0,0.0,0.0,0.0377341404736439,0.0148311144399747,14.676608055778471,0.0,0.0
scenario_5_time_gated_cal__run_0001,25.454545454545457,0.0146134608931202,11.341713420165032,17.0881011940284,0.0090717687257874,0.0,0.0044647259280946,0.0199064073921438,0.0,15.394890281753224,0.0101119635214303,0.0487176488095834
scenario_5_time_gated_cal__run_0001,26.666666666666668,0.0531063981173759,10.894072841557463,16.52927521873474,0.0195890984876083,0.0,0.0005843991172618,0.0,0.0027399501286997,15.73217539076126,0.0314970205050107,0.0
scenario_5_time_gated_cal__run_0001,27.87878787878788,,11.454400637758011,15.906064528718646,0.0,0.0055867077883089,0.0,0.0469339721814817,,14.548797775757496,0.0135467452191027,0.0490364867978041
scenario_5_time_gated_cal__run_0001,29.090909090909093,0.0608936813583112,11.35191029760064,16.68803793751227,0.0056289121628946,0.0044210242986152,0.0019794812465125,,0.003805254897834,14.796697648299515,0.0091373643020141,0.0077108168304698
scenario_5_time_gated_cal__run_0001,30.303030303030305,0.0866233533216451,11.585858561195453,15.187391500047118,0.0,0.0,0.0070813598403473,0.0270437042084575,0.0064439686933836,14.318771153104846,0.0078836141139139,0.0140179593995552
scenario_5_time_gated_cal__run_0001,31.51515151515152,0.1339937357697136,11.874960262924134,16.33308139041349,0.0,0.0,0.0224397557540349,0.0017829736779285,0.0,15.72776147086569,0.0308516138315457,0.0007491568453614
scenario_5_time_gated_cal__run_0001,32.72727272727273,0.0689016768304949,11.07671994600463,16.451590381928295,0.0,0.0,0.0270146536656933,,0.0123429808459931,14.869390459457728,0.020628071455265,0.0017800467857704
scenario_5_time_gated_cal__run_0001,33.93939393939394,0.0669343773911207,12.100564409830678,15.356761013272092,0.0288547280059241,0.0,0.0,0.0033925617737126,0.0158664330528347,14.871019066877029,0.003484194823934,0.0
scenario_5_time_gated_cal__run_0001,35.15151515151516,0.1090538526955114,11.591331549816534,15.610017846281034,0.0,0.0042171900496964,0.0060805805630155,0.0,0.0,14.576042813999612,0.0224074104810482,0.0128858723367893
scenario_5_time_gated_cal__run_0001,36.36363636363637,0.0990020194716637,11.1703190728522,16.093691307511016,0.0174193569902081,0.0096640601041138,0.0,0.0,0.0193161267706704,15.891708051582022,0.0298246277068506,0.0072798447372089
scenario_5_time_gated_cal__run_0001,37.57575757575758,,11.668943531579458,14.959847742208398,0.0408192697231312,0.0,0.0124566239189368,0.0,0.0068461587027941,14.865854180904304,0.0369266798744025,0.0
scenario_5_time_gated_cal__run_0001,38.78787878787879,0.0889519981536529,11.167208804821188,17.181975348278606,,0.0164043192617968,0.0,0.0,0.0,16.034146676240308,0.0,0.0072812417810614
scenario_5_time_gated_cal__run_0001,40.0,0.088037947465081,11.254710680052026,16.778777237655774,0.0046527065491421,0.0015186348855338,0.0,0.0,0.0,14.645836596277643,0.0353689270192088,0.0
scenario_5_time_gated_cal__run_0001,41.21212121212121,0.1400613501994869,12.010199969620407,15.964395014484314,0.0,0.0033928526456259,0.0,0.0093644367197855,0.0032565305588354,14.25843222527816,0.0322407469680681,0.0290803340572341
scenario_5_time_gated_cal__run_0001,42.42424242424242,0.1533561942088346,11.80806633282478,16.166776542878715,0.0364409178017018,0.0321665673009589,0.0,0.0,0.0,14.772913200021492,0.0451023562945578,0.0
scenario_5_time_gated_cal__run_0001,43.63636363636364,0.1179773089182475,11.69667323251388,17.1257643222235,0.0,0.0227733416046864,0.0,0.0139689810839492,0.0,14.423181367535122,0.0001113271251971,0.0
scenario_5_time_gated_cal__run_0001,44.84848484848485,0.1517934445658163,11.011476184447206,16.827374619412677,0.0387927969806154,0.0140215848259286,0.0,0.0,0.0019472987592852,15.796435790994174,0.0887228685223726,0.0031258129411886
scenario_5_time_gated_cal__run_0001,46.06060606060606,0.1421358919851108,11.415755327130164,16.774100376714323,0.0435473573878155,0.0,0.0138227571139695,0.004422279162057,0.0450523770679617,15.47058282480224,0.0441644040729371,0.0110205183994985
scenario_5_time_gated_cal__run_0001,47.27272727272727,0.1286812639657954,11.365146876705202,,0.0275699816978217,0.0,0.0,0.0026498501052822,0.0064353255639946,15.424774042748592,0.0548846417248191,0.0191586640040812
scenario_5_time_gated_cal__run_0001,48.48484848484848,0.1890594687310832,11.208498453746154,16.10864975898514,0.0266146938766131,0.0487937355534087,0.019108558773355,0.0093359779287851,0.0,15.627083246720646,0.0536857521590135,0.0148470436573104
scenario_5_time_gated_cal__run_0001,49.696969696969695,0.1801686279528851,11.274524707713724,16.36577614278858,0.0192666040648034,0.0,0.0281818919700416,0.0073918912317751,0.0,15.633187011247204,0.0882697835453401,0.0022207298521258
scenario_5_time_gated_cal__run_0001,50.909090909090914,0.2093342531758119,10.970081670131435,16.084359326273812,0.0471232431938811,0.0,0.0,0.0373990683701889,0.0104045787044658,14.57640550601892,,0.0
scenario_5_time_gated_cal__run_0001,52.121212121212125,0.2390034771290192,11.758092774018108,15.743152315822746,0.041728496096387,0.0450303051438444,0.0075471164867604,0.0,0.0,14.75719677782984,0.0975590460520379,0.0
scenario_5_time_gated_cal__run_0001,53.333333333333336,0.2406655222971435,11.37043333700177,16.147383460572648,0.0387695163998491,0.0,0.0254413455565499,0.0019492669877954,0.0237694246486355,15.3670168170778,0.0778433798949905,0.0
scenario_5_time_gated_cal__run_0001,54.54545454545455,0.2933144737910313,11.344818511116026,16.01870910178136,0.0408075617658677,0.0,0.0,0.0,0.0100211751370721,15.674707245265068,0.1556235100975952,0.014169569518363
scenario_5_time_gated_cal__run_0001,55.75757575757576,0.3297723145692646,11.325627971806114,15.765815013927565,0.0318580048561744,0.0129182335599162,0.0136592661651941,0.0343212653510072,0.017109828646539,15.158935988441884,0.1629541465013605,0.0
scenario_5_time_gated_cal__run_0001,56.96969696969697,0.3651986390957003,11.145922860052863,15.729103783430778,0.0379058538566652,0.043448106112333,0.0,0.0058506504732564,0.0147874750832877,14.68581810929976,0.1847864876052058,0.0
scenario_5_time_gated_cal__run_0001,58.18181818181819,0.3899402554259082,11.26124600723976,15.799852716122867,0.0061527605145542,0.0143755264157228,0.0088438394044148,0.0286641608655105,0.0307618047586663,14.892018501935604,0.1912150963902379,0.0
scenario_5_time_gated_cal__run_0001,59.3939393939394,0.4038966112449181,10.684626241123327,16.081143451595683,0.0606669278880701,0.0331406134789974,0.0395806420722508,0.0242489313950704,0.0380835751032465,15.443006487320238,0.2044625365467171,0.0232865780505739
scenario_5_time_gated_cal__run_0001,60.60606060606061,0.4464490597988249,11.412376047299247,15.869893865959416,0.0331774488272805,0.0,0.0115930935619363,0.0,0.0688498535364318,14.958454139084402,0.1782024058129954,0.0103626706331162
scenario_5_time_gated_cal__run_0001,61.81818181818182,0.4646745522112623,11.414265408417805,14.68884482604298,0.0644958972381738,0.0057379479606796,0.0104372633348285,0.0265945435410296,0.025694603928047,15.063923281229789,0.1899067865364424,0.0299195473832413
scenario_5_time_gated_cal__run_0001,63.03030303030303,0.4517204002720262,11.007938694279344,16.56911214939639,0.0448248941737972,0.0,0.0,0.0,0.0312104098875464,15.0798883447997,0.196848443857865,0.0247537471430635
scenario_5_time_gated_cal__run_0001,64.24242424242425,0.4351104945870579,11.288247336346924,16.670109443622476,0.0268321230346937,0.0,0.0,0.0012653123656111,0.0211983665395262,15.71867730383034,0.2259890399316654,0.0256159418451771
scenario_5_time_gated_cal__run_0001,65.45454545454545,0.4468312674925528,11.222282456647696,15.154370421114864,0.0041023623965716,0.0,0.017318143152884,0.010142549826171,0.0075164995989579,14.58073709216033,0.21566139769947,0.0210158063599127
scenario_5_time_gated_cal__run_0001,66.66666666666667,0.4626509820841926,11.4734618822212,16.035405075877225,0.0385054619221207,0.0273947072814072,0.0036797692659478,0.0223234454059921,0.0144433702246199,14.43737010861214,0.1715143041087674,0.0243934925186447
scenario_5_time_gated_cal__run_0001,67.87878787878788,0.4405800074364084,10.872229418406324,15.91971864578872,0.0450122294066169,0.0043155558861443,0.0,0.0210301794206487,0.0380257985040324,14.490025321360044,0.2850621037544745,0.0
scenario_5_time_gated_cal__run_0001,69.0909090909091,0.4839717669283876,11.040885115838329,15.041032794540444,0.039449422967527,0.0122878369404619,0.0,0.0223286881707843,0.0525100332845841,14.856336358431223,,0.0305509894119099
scenario_5_time_gated_cal__run_0001,70.30303030303031,0.432368436019522,10.499036338748564,14.847832847424185,0.0256849403366821,0.0,0.0169387135199336,0.0351631030371866,0.0634519828601183,14.519343193443987,0.2274732413673006,0.0158841394942842
scenario_5_time_gated_cal__run_0001,71.51515151515152,0.5051696158489605,11.463034369989348,16.262401467966505,0.0671937925206936,0.0159985150999228,0.0,0.0,0.0494512608723763,15.788425366787868,0.2394521607768368,0.0185027300646831
scenario_5_time_gated_cal__run_0001,72.72727272727273,0.4533547329548156,10.74910283257594,16.073539090396576,0.0592980562769737,0.0144579827789213,0.0,0.0,0.0568013568683552,14.153517701953788,0.2229767785626935,0.0
scenario_5_time_gated_cal__run_0001,73.93939393939394,0.4481975103591957,11.07076092470276,16.11446115007043,0.0075774850849165,0.0,0.0,0.009436014636819,0.0271350641331725,14.773678129579924,0.2389482129327952,0.0101280459714483
scenario_5_time_gated_cal__run_0001,75.15151515151516,,,15.614732252841048,0.0456511104643252,0.0,0.0319708528271436,0.0,0.0569805368394729,14.732137101074857,0.2197817028245306,0.000878878258188
scenario_5_time_gated_cal__run_0001,76.36363636363636,0.4512633231321648,10.6120408670111,16.978018234186248,0.0527997386017453,0.017375160883015,0.0,0.0148770473788583,0.0658515838346675,14.80405435588998,0.2103733500447769,0.0219379570347615
scenario_5_time_gated_cal__run_0001,77.57575757575758,0.4918542109278681,11.115960715834246,15.208324290927674,0.0859713187466288,0.0,0.0051272081638913,0.0,0.0265393053451424,14.956293944994288,0.2700093950471627,0.0
scenario_5_time_gated_cal__run_0001,78.7878787878788,0.4609005242674057,10.74860216975076,15.802653580916076,0.0614298062611312,0.0176623535427833,0.0,0.00220752146494,0.0445333232412502,14.893311088939376,0.2540197554482257,0.0271654945694141
scenario_5_time_gated_cal__run_0001,80.0,0.482499454479582,11.889399589043157,15.77749177352147,0.0621825624592499,0.0,0.0023751257967204,0.0120263532391932,0.0338209273049656,14.79953011201868,0.2602796244751805,0.0
scenario_5_time_gated_cal__run_0001,81.21212121212122,0.5288339272307133,11.151300426383088,16.194460160795227,0.0672525790462532,0.0,0.0,0.0,0.0,14.553029444782004,0.3070531119506919,0.0085103872814054
scenario_5_time_gated_cal__run_0001,82.42424242424242,0.6131050688594198,11.138035017713234,15.326495786433938,0.0654603038557288,0.0129117794336395,0.0,0.0,0.063620042088847,14.29460700934122,0.2867075842957909,0.0170986494599176
scenario_5_time_gated_cal__run_0001,83.63636363636364,0.5721139652091936,11.335592912009345,16.05197088438666,0.0836608494987174,0.0,0.0,0.0,0.0425757855556013,13.87467206460718,0.3575985467922509,0.0246480576312691
scenario_5_time_gated_cal__run_0001,84.84848484848484,0.748661284962819,11.073134076697963,15.414656710532734,0.0629220790962713,0.0254634126478292,0.0054403624125506,0.0156428681891617,0.0425425415348171,14.996772812916252,0.3863899756650998,0.0
scenario_5_time_gated_cal__run_0001,86.06060606060606,0.8084125802484345,10.699976901756852,15.674580387950618,0.1043307121519396,0.0,0.0,0.0225557653538407,0.1093320425555132,15.39206296207768,0.4377917497905293,0.0
scenario_5_time_gated_cal__run_0001,87.27272727272728,0.8797386944519255,10.935669941135576,15.75914899043562,0.1158422468967242,0.0264853726211171,0.0325317311823631,0.0070124968577614,0.1613287713444817,14.818917560609814,0.4836527344115336,0.0349328780437123
scenario_5_time_gated_cal__run_0001,88.48484848484848,1.0067455427493632,10.900688979405258,15.546547912238994,0.1505097946565785,0.0,0.0066381292822022,0.0441664413038536,0.0882577628298068,15.007751580432734,0.5483058132597058,0.010577455497014
scenario_5_time_gated_cal__run_0001,89.6969696969697,1.11868867163722,10.751990217126227,,0.0945723087658208,0.0082002439134366,0.0136694239302857,0.0222110415299142,0.1315829890762817,14.972557761507415,0.6153339300652836,0.055274049190481
scenario_5_time_gated_cal__run_0001,90.9090909090909,1.2206620340787189,10.087650217673945,14.844231953667911,0.1131866860226367,0.0739952613689414,0.013788776555338,0.0010715188753934,0.179890633089176,14.449702496258912,0.7272731388711677,0.0315399054253114
scenario_5_time_gated_cal__run_0001,92.12121212121212,1.320932220225704,10.213075981817626,15.013322968882177,0.1351658154924795,0.0265585302371812,0.0206448353931116,0.0220408573478547,0.2080059838960155,13.917299040266382,0.8962310975544038,0.0278678518459733
scenario_5_time_gated_cal__run_0001,93.33333333333334,1.5743490362211394,10.318122499653416,15.90107761936024,0.1201084298255835,0.0567059208173287,0.0050421672516658,0.0039661976087811,0.2645402138977812,14.050600376746276,0.9734703762790308,0.0228464045485679
scenario_5_time_gated_cal__run_0001,94.54545454545456,1.8699019768395035,10.348696412741358,15.24331642474156,0.1424566260354544,0.0342766596076673,0.020146312217248,0.0384126553837401,0.2052238349429091,14.943881653500297,1.0290975993917049,0.0688448130886388
scenario_5_time_gated_cal__run_0001,95.75757575757576,2.0792778303648483,10.197065624767925,14.43854168669126,0.1494036892970243,0.0411176923861786,0.007292746843764,0.0101958075029573,0.3032058969866119,13.98550539975767,1.241996826186548,0.0
scenario_5_time_gated_cal__run_0001,96.96969696969695,2.2041690011923345,9.450742794809026,14.24107875620381,,0.0544205486627896,0.0264270466237173,0.0019570711613905,0.3369053379317114,13.563670265581926,1.4069632326045305,0.1064175874274705
scenario_5_time_gated_cal__run_0001,98.1818181818182,2.417604421895545,9.335345965764722,14.366320312031291,0.1655341992029515,0.0046548500960749,0.0178204771122721,0.0456642200296167,0.4343440963518131,14.25010772719738,1.6459744230502225,0.0810045434965106
scenario_5_time_gated_cal__run_0001,99.3939393939394,2.8399509389720072,8.823142662444663,13.377547100770174,0.2404737247376202,0.0456361584575648,0.0072830253055728,0.0179505312643919,0.4529800626086779,13.672973532969596,1.7784733208425787,0.1239397126391577
scenario_5_time_gated_cal__run_0001,100.6060606060606,3.155043741768383,9.052787715454553,12.533870938486618,0.2552723558711672,0.03857042746783,0.0245446579561288,0.023807921407612,0.517489436393474,14.035477058858932,1.9837018716699968,0.0963424389924202
scenario_5_time_gated_cal__run_0001,101.81818181818184,3.767816721302804,8.390239314298789,12.987584475220151,0.2685421926674596,0.0541692317417993,0.0246681594267043,0.0386538141703328,,12.570465583881797,2.143853822303184,0.1094059911971517
scenario_5_time_gated_cal__run_0001,103.03030303030305,3.9505016013875,7.951467625507326,12.809774697654024,0.3142463953866259,0.0701354373032654,0.0157701017564453,0.0519186914419127,0.6461773075507733,13.49213960325813,2.5163651283068185,0.128046970558365
scenario_5_time_gated_cal__run_0001,104.24242424242424,4.279926981149806,7.723894796265391,11.385982350597152,0.3474698822962758,0.0997594434639204,0.0487311762562383,0.0670107992287214,0.8152262791653047,12.996406680793935,2.9803527074048324,0.1473137838015905
scenario_5_time_gated_cal__run_0001,105.45454545454544,4.9288854424902055,7.849657867605865,11.31455586562638,0.3946285026827451,0.0930447651672745,0.0256738415147358,0.0481672557648417,0.937538403962484,12.46969809780854,3.2640497788525,0.15102462565686
scenario_5_time_gated_cal__run_0001,106.66666666666669,5.8324010443482015,7.242664402192962,9.705961027284005,0.4678683527882832,0.0956501666527808,0.0,0.0943563893061868,0.99926578285536,11.859587909932785,3.788313312897892,0.2082427366041455
scenario_5_time_gated_cal__run_0001,107.87878787878788,6.223281993698072,6.688125960332114,9.353189960537115,0.4511704682155429,0.0951919341653183,0.0554704037951316,0.1035876100033845,1.1876953814001874,11.920765040017772,4.290467783580057,0.1808864687633009
scenario_5_time_gated_cal__run_0001,109.0909090909091,7.131261262254581,5.943965642422535,8.815618229992381,0.6753548722149038,0.1260484883980158,0.0551835957099932,0.0506029152292089,1.2973634853386922,12.016865479538565,4.741538220709094,0.2831463457763207
scenario_5_time_gated_cal__run_0001,110.30303030303033,8.185190698423927,5.3843543164909065,8.258867224052402,0.632757590788175,0.1538705676953381,0.0799287624555273,0.0805350237423515,1.4266857850446584,,5.010790792527315,0.2755166857326707
scenario_5_time_gated_cal__run_0001,111.51515151515152,8.76767960107529,4.646606129756521,6.94892332104797,0.6061398122686706,0.1461715916232993,0.053295294062374,0.0878803747384106,1.636245283838302,11.062160948652878,5.3767669681126,0.2870405416763422
scenario_5_time_gated_cal__run_0001,112.72727272727272,9.959566996169263,3.816159273254325,6.356527818826353,0.7539978612560091,0.143875280067766,0.0625940941751097,0.0898212587450027,1.9064663964147244,10.940923633357462,6.241639651575729,0.3339198005454496
scenario_5_time_gated_cal__run_0001,113.93939393939394,11.451179186330236,,5.176289115622565,0.801728883855896,0.1396617642532067,0.0962119284975577,0.1270107633994564,2.11800249315105,10.057068353543947,6.693448163588374,0.3789112710776473
scenario_5_time_gated_cal__run_0001,115.15151515151516,11.256654877193665,2.674239587266379,4.02207147429202,0.883190456058748,0.2666127019493237,0.0910278562770132,0.1473586195989981,2.2262480683222696,9.68841622500828,7.914803995128826,0.3856012841181336
scenario_5_time_gated_cal__run_0001,116.36363636363636,12.185381370510576,1.8754425647911,3.075334655505237,0.9152994651433414,0.2052059850987284,0.1268704546626816,0.130808205729816,2.3129142270491267,8.84559127650235,7.902613414813691,0.4264674307124989
scenario_5_time_gated_cal__run_0001,117.57575757575758,13.017252240656225,1.1759650818505154,1.9700122327992424,0.915084219991256,0.1872435825343468,0.0868860391766885,0.1328878404033896,2.574003782720565,8.882012544424786,9.205093383074528,0.4374466966959039
scenario_5_time_gated_cal__run_0001,118.7878787878788,13.740152093552677,0.6837602704589498,1.3598967997304292,1.018650363208312,0.2726705310389009,0.1124880575557768,0.1462160706424801,2.7362206958167583,8.875565738295617,9.2045676528772,0.4832573857909106
scenario_5_time_gated_cal__run_0001,120.0,14.03565214276344,0.3139902429606013,0.8494965499940089,1.0995847089208055,0.2995035906472418,0.0923479082379572,0.1813215656587381,2.460203495971957,8.136160279264459,9.462819490269336,0.5024516445191926
scenario_6_maintenance_inhibition_cal__run_0024,0.0,0.0015876442273487,21.82061835748637,9.054935624374307,0.0192782099847746,0.0,0.0049076022744811,0.0182084083455303,0.0129765038557361,14.497380772960623,0.0,0.0252866837064559
scenario_6_maintenance_inhibition_cal__run_0024,1.2121212121212122,0.0,21.990517279416903,8.95359481246174,0.0,0.0,0.0015158492302721,0.0009946523433187,0.0221339929665303,15.245621205649432,0.0,0.0
scenario_6_maintenance_inhibition_cal__run_0024,2.4242424242424243,,21.733822643015,9.18965025261561,0.0099302864477838,0.0,0.0,0.0,0.0,14.87195326324758,0.0,0.0
scenario_6_maintenance_inhibition_cal__run_0024,3.6363636363636367,0.0028949700699556,22.615987605569376,8.92121527684354,0.0,0.0234628373126765,0.0076864199186463,0.004917140500918,0.0,15.39604227869547,0.0207479016868757,0.0269518022358352
scenario_6_maintenance_inhibition_cal__run_0024,4.848484848484849,0.0164345653971277,22.3473228045574,8.970153923165894,0.0358828441915163,0.0141070054511086,0.0,0.0,0.0153203192810716,15.026421427102123,0.0270655212129106,0.005320760081909
scenario_6_maintenance_inhibition_cal__run_0024,6.0606060606060606,0.0387787737528463,20.862044265730606,8.88615591074876,0.0,0.0129250569372009,0.0,0.0,0.0246107304257784,15.658353312542625,0.0658245081285294,0.0
scenario_6_maintenance_inhibition_cal__run_0024,7.272727272727273,0.020606558907328,22.49951796450665,9.209148707606204,0.0,0.0,0.0101853531879765,0.0326856747310126,0.0167935725845417,14.182481178198543,0.0,0.0014039577934666
scenario_6_maintenance_inhibition_cal__run_0024,8.484848484848484,0.0426677961902888,22.340737975578325,9.088094388185787,0.0,0.0,0.010990074952761,0.0155230066512317,0.0,16.133595442156757,0.0109374352871976,0.0074139583016769
scenario_6_maintenance_inhibition_cal__run_0024,9.696969696969695,0.0015694460799576,22.07526128662778,9.603535949694336,0.0385623795290004,0.0,0.0,0.0209128833884594,0.0,14.919859431595992,0.0263599798614829,0.0
scenario_6_maintenance_inhibition_cal__run_0024,10.90909090909091,0.0383446698224881,22.51120400670901,8.561923351493608,,0.0109924472164923,0.0,0.0404294859174479,0.002772510274569,15.680614961340195,0.0497688503284524,0.0109474483072875
scenario_6_maintenance_inhibition_cal__run_0024,12.12121212121212,0.0498191727658124,20.9834032567993,9.08601316444323,0.0239441482789165,0.0030169631436777,0.0,0.0,0.0,15.229178169010796,0.025616462817371,0.0
scenario_6_maintenance_inhibition_cal__run_0024,13.333333333333334,0.0561265266646733,21.87939379599586,8.888454439809571,0.0060860979524057,0.0,0.0,0.0,0.0,15.266482555917282,0.0439679204669862,0.0138947362748984
scenario_6_maintenance_inhibition_cal__run_0024,14.545454545454549,0.0722012301515139,21.873566904384813,9.233000973266748,0.0,0.0334045724795575,0.0,0.0,0.0,14.049028047202022,0.0315104247648032,0.0347431025146219
scenario_6_maintenance_inhibition_cal__run_0024,15.757575757575758,0.0633287086051965,21.660765089678144,9.034966320052968,0.0,0.0,0.0,0.0,0.0,15.068621741220491,0.0494087929976562,0.0
scenario_6_maintenance_inhibition_cal__run_0024,16.96969696969697,0.0964795134014239,21.25597557406274,8.642928066749505,0.0,0.0354304935534512,0.0477765921020561,0.0,0.0,14.993910036363408,0.0837110474960532,0.0
scenario_6_maintenance_inhibition_cal__run_0024,18.181818181818183,0.1016283647814994,21.090482084579843,8.671609819395075,0.0237723112823676,0.0081683096040904,0.0,0.0059138570663283,0.0,13.863125629210291,,0.0303015207997871
scenario_6_maintenance_inhibition_cal__run_0024,19.393939393939394,0.1134357284135459,22.339031894098923,8.911385123211353,0.0,0.0209537267428074,0.0095085114081327,0.0231963416988586,0.0,14.49806337203612,0.0754836678586415,0.0246078761375663
scenario_6_maintenance_inhibition_cal__run_0024,20.60606060606061,,21.08113957472069,8.819202383159592,0.0011910673631146,0.0,0.0,0.0325735233452806,0.0,15.372091838409943,0.090345065223055,0.0
scenario_6_maintenance_inhibition_cal__run_0024,21.81818181818182,0.1210995814544689,21.00287987031652,8.690536168559301,0.0,0.0126838768957826,0.0,0.0035454760074016,0.0,14.759184904871432,0.1068619655833766,0.0
scenario_6_maintenance_inhibition_cal__run_0024,23.03030303030303,0.1215474717299243,21.291629879606884,8.573025669687242,0.0,0.035034638689846,0.0,0.0046023645485897,0.0,15.014933164794128,0.142351167656021,
scenario_6_maintenance_inhibition_cal__run_0024,24.24242424242424,0.1733923098268085,21.26598239592894,8.943504408890867,0.0,0.0,0.0129077804768218,0.0,0.0,15.000189587450055,0.1366724111271963,0.0087901993816792
scenario_6_maintenance_inhibition_cal__run_0024,25.454545454545457,0.1349931550777197,21.64672968453963,9.278381215783998,0.0,0.0165141935154765,0.0,0.0,0.0,14.962250405940884,0.1682469256696796,0.0
scenario_6_maintenance_inhibition_cal__run_0024,26.666666666666668,0.1425175199139891,22.197506427709257,9.107215101403012,0.0,0.0,0.0148428680156473,0.0067225078185311,0.0050100563187711,15.029048882502964,0.1669068297782379,0.0259035868031454
scenario_6_maintenance_inhibition_cal__run_0024,27.87878787878788,0.214612874503171,20.824635852682373,8.59969563929176,0.0062192335836744,0.0,0.0,0.0319631878657341,0.0,15.349137855052543,0.164626027927396,0.0
scenario_6_maintenance_inhibition_cal__run_0024,29.090909090909093,0.2600557505694766,22.302964248305525,8.408383220036798,0.0083211596701158,0.0457696445481654,0.0304412593776859,0.0083311863177393,0.0,15.34716203507459,0.1987920600721238,0.0
scenario_6_maintenance_inhibition_cal__run_0024,30.303030303030305,0.2199033769918132,20.8337647750114,8.383676571659102,0.0371889562760222,0.0,0.0132371792181731,0.0452489071193895,0.0225059604843863,15.161726199395856,0.2176954783054289,0.0435032847473916
scenario_6_maintenance_inhibition_cal__run_0024,31.51515151515152,0.2812529771196433,20.893625715247712,9.115832150593883,0.0136762323423088,0.0,0.0009222614453646,0.0327784214324165,0.0164188096642107,14.543420551833323,0.2002144477854311,0.0
scenario_6_maintenance_inhibition_cal__run_0024,32.72727272727273,0.3057386936590037,21.60004723908399,8.692180336384924,0.0546111097263387,0.0174247591879694,0.0,0.0205319888245541,0.0,14.514402152177356,0.2591959714801141,0.0070231234897104
scenario_6_maintenance_inhibition_cal__run_0024,33.93939393939394,,21.57105717306036,9.041063982119155,0.0313642950854247,0.0045139669443265,0.0,0.0,0.0128195072804211,14.834387650274431,0.2796985087840475,0.0038854845307222
scenario_6_maintenance_inhibition_cal__run_0024,35.15151515151516,0.3218037434295206,19.456430077272067,8.844433059061856,0.0302664286461644,0.037377820323457,0.012656839424838,0.0293198843714092,0.0165207271533011,14.570843883067608,0.3240487635332577,0.0104371989881325
scenario_6_maintenance_inhibition_cal__run_0024,36.36363636363637,0.3837836651188274,20.53170145991836,8.885714312881888,0.035108413776656,0.0447701013077987,0.0342807864650165,0.0331575098541775,0.0,15.909106014340493,,0.0174192654411549
scenario_6_maintenance_inhibition_cal__run_0024,37.57575757575758,0.409002221908208,21.30256109819208,8.776205614171783,0.031263400315258,,0.0,0.0371880343416152,0.005957966368308,13.7854018928039,0.3771466954133807,0.000441489945761
scenario_6_maintenance_inhibition_cal__run_0024,38.78787878787879,0.4515023907014104,20.815449976102062,8.869807036988549,0.0625945948115722,0.0453905268981841,0.0529345483069196,0.0445556556951353,0.0,14.683060560871526,0.4200598245233767,0.0
scenario_6_maintenance_inhibition_cal__run_0024,40.0,0.5301099031661279,21.536671138060218,8.595384369866933,0.0119149635084769,0.0753517318457799,0.0338074619391805,0.068680081219803,0.0283598257589247,14.422540191775209,0.4927703442671594,0.0050201557291274
scenario_6_maintenance_inhibition_cal__run_0024,41.21212121212121,0.5552770790304202,20.96418225324091,8.70012334280278,0.0433919654866406,0.0162527720864395,0.0110136022841731,0.0,0.0,14.884985609931476,0.5295410565355686,0.0010617517470103
scenario_6_maintenance_inhibition_cal__run_0024,42.42424242424242,0.5960133551938557,20.33449442826307,8.689964864877625,0.072856945104538,0.0027273275450746,0.0160340528583062,0.0733094705101045,0.0,14.77076127116015,0.5446933882006808,0.0162469040672007
scenario_6_maintenance_inhibition_cal__run_0024,43.63636363636364,0.6669786542698395,18.86902850466734,8.688514053664555,0.0711319439206212,0.0163651117494282,0.0,0.0079641383012541,0.0486234827383065,13.947048733838855,0.698606090272049,0.0
scenario_6_maintenance_inhibition_cal__run_0024,44.84848484848485,0.7199474255087949,19.688111136237097,9.000592885201836,0.0215690376002663,0.0167622820262431,0.0421716113748659,0.0028648209631461,0.0363355067045364,13.893965936882385,0.6823310100846969,0.013859338750387
scenario_6_maintenance_inhibition_cal__run_0024,46.06060606060606,0.7434364869094818,21.593595802895475,9.296290860955544,0.0737049602731766,0.0170990885054458,0.0060936930333004,,0.0182596130046582,14.738375510353816,0.8345842016511951,0.0
scenario_6_maintenance_inhibition_cal__run_0024,47.27272727272727,0.893197312534999,18.68156373062604,9.291809091010364,0.0499925820821511,0.0621970685797743,0.0064018587841442,0.0410209055466755,0.0,14.860954760554051,0.8447613954370138,0.0
scenario_6_maintenance_inhibition_cal__run_0024,48.48484848484848,0.9981404275192184,20.36181850550196,8.677541694523946,0.112012982471652,0.0352953362523418,0.0,0.0408374630306216,0.0154488056307935,14.678541327310896,1.025732232331764,0.0473591442534363
scenario_6_maintenance_inhibition_cal__run_0024,49.696969696969695,,19.61097608323534,8.740051166340947,0.0811269598966336,0.0,0.0301245522464642,0.058380417651824,0.0415790927846971,,1.1533264837206296,0.0222044304432816
scenario_6_maintenance_inhibition_cal__run_0024,50.909090909090914,,20.6109061903349,8.716396139255684,0.1226604208383797,0.0188653526251527,0.0434021464418309,0.0364300999446409,0.0666480196764501,15.229606429798984,1.0622899317340195,0.0128635758108121
scenario_6_maintenance_inhibition_cal__run_0024,52.121212121212125,1.2864565246618391,19.18132037528413,8.804333925493363,0.0829430340124575,0.0710226735111438,0.0,0.0508340299961606,0.0429235535683783,13.79565859592154,1.345143399229906,0.0050907993767834
scenario_6_maintenance_inhibition_cal__run_0024,53.333333333333336,1.3533201987903465,19.181845038382324,8.443216361203488,,0.0729111202377315,0.0,0.0,0.0695882822217618,14.361258888780034,1.4910195406487836,0.0190692461006178
scenario_6_maintenance_inhibition_cal__run_0024,54.54545454545455,1.5247918374043814,18.849348651782663,8.962955106122429,0.1574003952290115,0.0354695096095676,0.0010940992606409,0.0086194108984903,0.0233632387261661,14.02796638487779,1.62906978686009,0.0068600691459339
scenario_6_maintenance_inhibition_cal__run_0024,55.75757575757576,1.7167329871074282,18.503068548626327,7.969904425824501,0.2000782118665908,0.080393579372082,0.024288302388675,0.0392427951137839,0.0743149619821511,14.090332946959878,1.7321301332754553,0.0006878422520471
scenario_6_maintenance_inhibition_cal__run_0024,56.96969696969697,1.8454998354586536,17.833790267600754,8.409260114074947,0.1668290740362661,0.0921507525610398,0.0147341070915816,0.0671991190445296,,12.94143767554783,1.8559792165719813,0.037471958126697
scenario_6_maintenance_inhibition_cal__run_0024,58.18181818181819,2.00610763071415,17.569451160606256,8.130555139557147,0.1921123195075223,0.089394454199752,0.0,0.0437852717393182,0.0704076079830855,13.607731525651968,2.1838432747191363,0.0
scenario_6_maintenance_inhibition_cal__run_0024,59.3939393939394,2.2389479099410434,17.337682363976853,8.745639795927325,0.1646817603597117,0.1194866279977594,0.0181225468321257,0.0694669324371715,0.0597399920473115,13.870147680940203,2.411239813467935,0.01928647841471
scenario_6_maintenance_inhibition_cal__run_0024,60.60606060606061,2.2709309852604203,16.171513653095964,7.72184941481954,0.2412493619722461,0.0954895075742102,0.0043035280712396,0.0418464534552572,0.0951954406673902,12.718181751473583,2.492770095674006,0.041937571389114
scenario_6_maintenance_inhibition_cal__run_0024,61.81818181818182,2.6132010371573333,15.66844746081531,8.220016953026306,0.1980776491909545,0.1356393536778561,0.0366523519470325,0.0464130592306871,0.0837181699040307,13.557564541012727,2.91089282094581,0.0153292346934902
scenario_6_maintenance_inhibition_cal__run_0024,63.03030303030303,2.8446282268305776,15.974188282078446,7.516568358421212,0.2065253022096856,0.1475168371734747,0.0267122925828173,0.1134530299432265,0.1046544951394793,12.257793506163331,3.1190149720317435,0.0
scenario_6_maintenance_inhibition_cal__run_0024,64.24242424242425,3.2456243147701422,15.97757117751662,7.763376727775364,0.2826805304342576,0.1272477023718217,0.0345539904090029,0.0914235487601294,0.1023996826979075,12.73612956634832,3.3296283379444445,0.02679605205185
scenario_6_maintenance_inhibition_cal__run_0024,65.45454545454545,3.590188950976521,15.07712043123085,7.042432746296637,0.3145873826655557,0.1503827009185896,0.0640285167897243,0.1012676030008642,0.1507385057733888,12.375552529304318,4.040191354108524,0.0491579434535637
scenario_6_maintenance_inhibition_cal__run_0024,66.66666666666667,3.9188213124385887,13.992136535209555,7.280695990002525,0.3836422735430581,0.1746685886778025,0.0670825401325031,0.1183474282029049,0.1896573643114472,11.551937562807325,4.5136944231799125,0.0201369301587091
scenario_6_maintenance_inhibition_cal__run_0024,67.87878787878788,4.451236937076797,13.588049463073698,6.699023685524661,0.4436731596513292,0.2029473034578494,0.100814330917425,0.115285082649706,0.1969460622369525,11.554270922087898,4.73589380879584,0.0
scenario_6_maintenance_inhibition_cal__run_0024,69.0909090909091,4.599460790365386,12.476822348098745,6.696508336746564,0.5551885034886385,0.2195321201405541,0.0332666555592124,0.1620725341930572,0.1969739243548568,11.060183384322093,5.266700406395938,0.0317273420033213
scenario_6_maintenance_inhibition_cal__run_0024,70.30303030303031,5.210467983807334,10.967460963036896,6.012211826046771,0.5376061157316386,0.2250080690370347,0.0407248923266166,0.1941854676098875,0.2304837378293244,10.404129113095964,5.463894423629384,0.0312128251298788
scenario_6_maintenance_inhibition_cal__run_0024,71.51515151515152,6.01241693309122,10.402339558972225,5.801727574237476,0.5521744990028081,0.2706370771132724,0.0699631019846529,0.2377245316924884,0.2927493345606874,9.409563543133832,6.724221360398845,0.0283338620084047
scenario_6_maintenance_inhibition_cal__run_0024,72.72727272727273,6.161938734290401,8.950643496182542,5.2242556306852,0.6231680845500784,0.3190995639946557,0.0372007879670217,0.1851910813781166,0.3145665047907521,9.542291678219174,7.342162483385711,0.0380679460299859
scenario_6_maintenance_inhibition_cal__run_0024,73.93939393939394,7.485422652345464,8.073307394473728,4.644270866566941,0.7102355018418182,0.2981342893930666,0.058768773496281,0.2507014746884623,0.3302128422027335,8.826962766355038,8.19918079088936,0.0775575830038457
scenario_6_maintenance_inhibition_cal__run_0024,75.15151515151516,8.237274148351215,6.899810176524873,3.710289532375952,0.8445932889606715,0.3924457691825054,0.0682898560296152,0.2597041782289727,,7.708945052541719,9.346113001853912,0.0778330924943796
scenario_6_maintenance_inhibition_cal__run_0024,76.36363636363636,9.432905664243892,5.14776271064259,2.854169729541688,0.8513951110070351,0.4550822690082297,0.11186823688156,0.337752540192954,0.5049687359104288,7.118748973239757,9.999301072616973,0.0549042201088516
scenario_6_maintenance_inhibition_cal__run_0024,77.57575757575758,10.66430172364906,3.645994718505957,1.948997065269478,1.0331846751728972,0.4519083922189091,0.0868503582394365,0.320733031255506,0.6084297525411118,6.591769294697109,11.024330957118137,0.0692922460536671
scenario_6_maintenance_inhibition_cal__run_0024,78.7878787878788,11.59188717939855,2.0900010628534966,1.2181093146622484,1.0592607503074762,0.5083369922620633,0.1036723682826982,0.3258277819840928,0.5519545361912394,5.82396325297338,,0.0696249078391317
scenario_6_maintenance_inhibition_cal__run_0024,80.0,12.454255502406646,0.5992729288985746,0.6564119516849223,1.1049649904647862,0.5699631792290621,0.0923913156372642,0.3317259210992093,0.6641262064735365,5.158948875943045,12.626600399498836,0.129209041581298
scenario_6_maintenance_inhibition_cal__run_0024,81.21212121212122,11.652136913334548,0.1335341308186298,0.1336959867689138,1.2325268527418418,0.530617540104158,0.1264751491476395,0.3266840476403076,0.6974213859242867,4.827748123821152,13.827846483794431,0.0729838774613858
scenario_6_maintenance_inhibition_cal__run_0024,82.42424242424242,11.150271652193975,0.1191617573793782,0.0922809375590509,1.1740857971671526,0.5759766609418016,0.108851896987843,0.3526486898980213,0.7417137546204134,4.562448882808898,,0.0895251535325123
scenario_6_maintenance_inhibition_cal__run_0024,83.63636363636364,11.427479442595152,0.1454332740616407,0.1655549674451755,1.299318116741603,0.514520118909716,0.137327380577058,0.3262776703087975,0.7488942886482247,4.708751818411971,13.377401375319788,0.1051558836473356
scenario_6_maintenance_inhibition_cal__run_0024,84.84848484848484,11.612467612337156,0.1504391679642679,0.1282270886994061,1.1166857452365977,0.5345179840156487,0.1194051728991996,0.2983887827256321,0.6194710355365688,4.497555614863347,13.338004774025386,0.0836154450798817
scenario_6_maintenance_inhibition_cal__run_0024,86.06060606060606,12.293538065857897,0.1419160043289468,0.154159928655985,1.2348375530137643,0.544350774881664,0.142373937513851,0.378756229913378,0.7434328313814811,4.6037248045487456,13.868677546883871,0.0822978173716925
scenario_6_maintenance_inhibition_cal__run_0024,87.27272727272728,11.079692573968163,0.1467643024792569,0.127926606380501,1.2610973122241105,0.5664774605412326,0.1395381382821197,0.3639770661613622,0.666585431915947,4.421135036574123,13.893127718157531,0.1075031877891721
scenario_6_maintenance_inhibition_cal__run_0024,88.48484848484848,12.258820349448875,0.1323687709743896,0.1199836792378395,1.1109961065981488,0.5437763989138116,0.1046012913453728,0.3451107652715139,0.7418300255022593,4.796399823768821,14.077547115370823,0.0705043747271229
scenario_6_maintenance_inhibition_cal__run_0024,89.6969696969697,12.352250137431811,0.1749983218512327,0.1177614336473328,1.2523624278096577,0.6051148012482963,0.1280525077316531,0.348761908102456,0.7678730081665865,4.631844341077073,14.608113538882792,0.0990953257108932
scenario_6_maintenance_inhibition_cal__run_0024,90.9090909090909,11.78149853194572,0.1672688609195227,0.1048066040226233,1.180768589082244,0.5136549288223833,0.0979422471694906,0.3553320375486901,0.6759205734704056,4.73791864375867,14.206964713510716,
scenario_6_maintenance_inhibition_cal__run_0024,92.12121212121212,11.782771008201175,0.1779765711271365,0.1244707754236136,1.0877611986131268,0.5273705078083978,0.1109326561415416,0.3248063954656393,0.7263621980979955,4.519272966044654,13.507846204886024,0.1035028028784863
scenario_6_maintenance_inhibition_cal__run_0024,93.33333333333334,11.88319498798988,0.1465869637953941,0.1397954139379556,1.1853073196692785,0.5571484586189513,0.1349855958924801,0.3349752308203552,0.7470486095178359,4.733433332697207,13.237308605936605,0.1035428854266758
scenario_6_maintenance_inhibition_cal__run_0024,94.54545454545456,11.797163869405322,0.1567656144831141,0.1243443803262678,1.2103459483492076,0.5637547506668518,0.100979149048694,0.3388634419281723,0.6541657573183755,4.59064743658901,13.229266483879236,0.093666116639725
scenario_6_maintenance_inhibition_cal__run_0024,95.75757575757576,11.683994601273984,0.20687311540338,0.1554845381697661,1.164679039165326,0.5493155625371703,0.1502726101367747,0.3337852168543458,0.6976399139114007,4.747832123506663,13.624152865870204,0.1115896526260987
scenario_6_maintenance_inhibition_cal__run_0024,96.96969696969695,12.386385781926917,0.1478427190772066,0.150664616255845,1.2403218723291491,0.59437786454699,0.1447267068983888,0.33230860790983,,4.631460241131521,14.246705429495,0.1310848034446345
scenario_6_maintenance_inhibition_cal__run_0024,98.1818181818182,11.69746696736362,0.168888786876406,0.1473128952266612,1.2073361388416728,0.5330058175988841,0.0939830069842967,0.401263734423066,0.7070898272165049,4.461030846043932,13.815255711469662,0.0635483671443502
scenario_6_maintenance_inhibition_cal__run_0024,99.3939393939394,12.271847273081828,0.1752452291428075,0.1386446206957546,1.2045321208583009,0.5458842790428178,0.129347751765788,0.4264016232770005,0.7060229231186861,4.3883008086259006,13.279842094710917,0.0818727518289646
scenario_6_maintenance_inhibition_cal__run_0024,100.6060606060606,11.913001011301828,0.1770687438493146,0.179920770963896,1.2489165545411385,0.6092816586288066,0.1736132069974353,0.3624461727146533,0.7933343431778505,4.525793143942948,14.081761681593148,0.0712796227322503
scenario_6_maintenance_inhibition_cal__run_0024,101.81818181818184,12.15947844527069,0.1769998698583994,0.1524305056814171,1.179260247000464,0.5148722801726777,0.1362408808524973,0.3821344118846808,0.6657369068203637,4.781868361936628,13.97241742238855,0.0514110597557893
scenario_6_maintenance_inhibition_cal__run_0024,103.03030303030305,,0.1932377132705054,0.1816725475925554,1.2147777607296428,0.5759992112728987,0.0983942739467404,0.3547610738923818,0.8067247383606913,4.670549435034281,13.380389331807375,0.1081289918207504
scenario_6_maintenance_inhibition_cal__run_0024,104.24242424242424,11.457864998186093,0.225044984394964,0.1385556277968193,1.1878619436179074,0.5955132045481407,0.1497023890567056,0.3847228648297305,0.6858029755558158,4.571539480759014,13.829403905526489,0.1093789153053688
scenario_6_maintenance_inhibition_cal__run_0024,105.45454545454544,12.28485090849997,0.2085345974360999,0.1926372043359504,1.136390465114021,0.6012899551702878,0.1392636044417799,0.3911044075156388,0.7406887668500992,4.374359871592384,13.503707569472894,0.0930911005471085
scenario_6_maintenance_inhibition_cal__run_0024,106.66666666666669,,0.1964113562253385,0.1918713722768909,1.305906566427764,0.553869148820663,0.1232611510589438,0.4427976927419477,0.7548149200884061,4.585981255558827,14.39948515948146,0.1193099227409051
scenario_6_maintenance_inhibition_cal__run_0024,107.87878787878788,12.122563996246727,0.1846155023456292,0.1870218061573357,1.1977957434904103,0.5574405357436065,0.125110736266943,0.3640751864801007,0.7373066600066184,4.486731483939112,13.58825670315505,0.0988469322467725
scenario_6_maintenance_inhibition_cal__run_0024,109.0909090909091,12.379665258584769,0.2387656446153571,0.1972287699419954,1.1949503009697104,0.4986813904739411,0.108339016549567,0.3545716562091556,0.7515125819669,4.543161450116847,13.923569264046868,0.0771786486607059
scenario_6_maintenance_inhibition_cal__run_0024,110.30303030303033,12.762612716727585,0.2243738663763373,0.2211900203026309,1.1248303676885218,0.5284878684132726,0.1247416561696816,0.4351199132320227,0.6735470990463346,4.60651072113518,13.438812317026088,0.0786784514183714
scenario_6_maintenance_inhibition_cal__run_0024,111.51515151515152,11.660238836601463,0.2501082655126365,0.1598413040824437,1.1294404280813162,0.5437102531183035,,0.3468571966861151,0.680220536618555,4.78842560547671,13.460273996102284,0.0994438784679474
scenario_6_maintenance_inhibition_cal__run_0024,112.72727272727272,12.28673962090802,0.1989091390684532,0.1891658139816925,1.2696421999424785,0.577024597944791,0.1025139474362694,0.3953786287289312,0.6325941505182471,4.432721431656972,13.446067407082785,0.0733183633099089
scenario_6_maintenance_inhibition_cal__run_0024,113.93939393939394,11.926968832363611,0.2126400843885246,0.1873091409735285,1.203041489925363,0.5874463965485194,0.1330685283606642,0.3655728626695753,0.7839338602987094,4.5307784711752905,13.740425843825244,0.0701945140263605
scenario_6_maintenance_inhibition_cal__run_0024,115.15151515151516,12.34459873899748,0.2085846306492208,0.1998425322527101,1.1928068424563854,0.5771511470972799,0.0898838731556833,0.3498203570820296,0.7105240509282449,4.862809874757631,13.66495315131498,0.0990365052261101
scenario_6_maintenance_inhibition_cal__run_0024,116.36363636363636,12.297368160189132,0.1875526879841259,0.1937655414383108,1.1817108946040489,0.5677095623419721,0.1105387867691791,0.4017822696170087,0.7988985139578596,4.44115193516676,13.958345303923895,0.0863656561971074
scenario_6_maintenance_inhibition_cal__run_0024,117.57575757575758,12.377727451993676,0.2036370801003438,0.1999225846088958,1.2686672010385065,0.5634379370125715,0.0867360940528302,0.359687242594865,0.7249584838516546,4.583018671733982,13.72556891228079,0.0890165576701894
scenario_6_maintenance_inhibition_cal__run_0024,118.7878787878788,12.029542206689296,0.2153039151270508,,1.260364372204635,0.552846105041359,0.1223853744906419,0.3744968055772349,0.739620053917765,4.652366752661026,13.969980355072943,0.1319650318975526
scenario_6_maintenance_inhibition_cal__run_0024,120.0,12.303785602087132,0.2546952145902466,0.1920664672736313,1.3303820881373207,0.4857452293253604,0.1125502527214695,0.3054566982177903,0.7528904784144586,4.711602987335936,13.884259798871437,0.0646338024382332
scenario_7_switching_inhibition_cal__run_0011,0.0,0.0,8.663158018024895,11.545755017908656,0.018069448793994,0.021871169758991,0.0237197174594491,0.0261189677498836,0.0124035635006209,,0.0,0.0
scenario_7_switching_inhibition_cal__run_0011,1.2121212121212122,0.0,8.293172597815744,12.624904424106106,0.0189479098254788,0.0003910585387081,0.0,0.0,0.0015180673914498,14.529004437696024,0.0,0.0232701543333345
scenario_7_switching_inhibition_cal__run_0011,2.4242424242424243,0.0,,11.931959348617491,0.0,0.0,0.0,0.0,0.0078891020731758,14.95679221751004,0.0048656528760448,0.0
scenario_7_switching_inhibition_cal__run_0011,3.6363636363636367,0.0,7.966824425911925,11.723773524032543,0.002111843797586,0.0,0.0,0.0,,16.254548240388594,0.0,0.0
scenario_7_switching_inhibition_cal__run_0011,4.848484848484849,0.009553017513384,8.232384662033352,11.511229142631118,0.0,0.0174453844449549,0.0,,0.0,13.986667026699417,0.0013559996213927,0.0
scenario_7_switching_inhibition_cal__run_0011,6.0606060606060606,0.0007038626072085,8.3462355583563,11.333607486899384,0.0281740165143553,0.0149254555899138,0.0,0.0161895699855625,0.0,15.366884382972415,0.0,0.0
scenario_7_switching_inhibition_cal__run_0011,7.272727272727273,0.0,8.513699919000018,11.831969993024911,0.0165970891072468,0.0097618059241949,0.0,0.0064071632968161,0.0,14.968745283457537,0.0333161103533896,0.0007975897762399
scenario_7_switching_inhibition_cal__run_0011,8.484848484848484,0.016416759821078,7.995311150301805,11.408164222206992,0.0210797724350451,0.0532409005326336,0.0,0.0,0.0089131815917114,15.68648259858609,0.0412444006094118,0.0279913867585608
scenario_7_switching_inhibition_cal__run_0011,9.696969696969695,0.022045749864703,8.082477935813795,11.572842040055418,0.0206878597517191,0.0,0.0,0.0398448572465804,0.0297453313440123,15.527435459577609,0.0033895141533758,0.0
scenario_7_switching_inhibition_cal__run_0011,10.90909090909091,2.5351401229261467e-05,8.094942578010492,11.895943997956952,0.0,0.0,0.0,,0.0331273383524964,15.056067316834302,0.0330836485949149,0.0
scenario_7_switching_inhibition_cal__run_0011,12.12121212121212,0.011913929216584,8.304706921434413,12.023443286917187,0.055300931249002,2.4392419849348897e-05,0.0,0.0065985191714791,0.0180811051420322,15.000873602525372,0.0281872791375192,0.0323013561896785
scenario_7_switching_inhibition_cal__run_0011,13.333333333333334,0.0071092851095542,7.962240420198229,11.515942681699286,0.004623109583697,0.0249519841415959,0.0,0.0238514157465702,0.0015117841454185,15.84998770729376,0.0,0.0
scenario_7_switching_inhibition_cal__run_0011,14.545454545454549,0.008684437209457,8.340690322833902,12.044529189354078,0.0,0.0,0.0213863092110423,,0.0,14.196904317335004,0.0323970755018272,
scenario_7_switching_inhibition_cal__run_0011,15.757575757575758,0.0135423550265958,8.373662779627683,11.825580203911937,0.0,0.029398374713519,0.0148672285354387,0.0256471147630879,0.0350820643539,15.385591247254212,0.0112119088819089,0.0
scenario_7_switching_inhibition_cal__run_0011,16.96969696969697,0.0683391789174047,7.865733870697091,12.157224861620948,0.0,0.0,0.0204639537431572,0.0,0.0,15.339366944698313,0.0132131561824763,0.0566625422906555
scenario_7_switching_inhibition_cal__run_0011,18.181818181818183,0.0339076056479278,8.089929981341886,11.666024640533848,0.0207604659941639,0.0,0.0264861697964885,0.0,0.0,14.78448791062564,0.0248501359455135,0.0
scenario_7_switching_inhibition_cal__run_0011,19.393939393939394,,8.177201528644407,11.734921838694548,0.01493273189803,0.0104000102747538,1.3609167323433468e-05,0.0122460823220202,0.0,15.1264623452245,0.0442793094836224,0.0
scenario_7_switching_inhibition_cal__run_0011,20.60606060606061,0.0510661263839538,7.885311218125125,11.666875770848597,0.0,0.0044973754475518,0.0,0.0,0.0132595386366478,15.300189999630376,0.0334735690282361,0.0
scenario_7_switching_inhibition_cal__run_0011,21.81818181818182,0.0932061091708131,7.687831719959985,12.462025674401872,0.0258700140202423,0.0094740958148539,0.0,0.0222094912636484,0.0106005117876754,14.552150459741656,0.040851372634673,0.0229244275661656
scenario_7_switching_inhibition_cal__run_0011,23.03030303030303,0.0808649378112353,7.318327883746415,11.17833833389389,0.0106521017443048,0.0143978555404356,0.0,0.0,0.0146974680843408,14.44983593209598,0.0127420906139787,0.0003334711748117
scenario_7_switching_inhibition_cal__run_0011,24.24242424242424,0.0878028030188739,8.438041768037786,11.430748194646922,0.0331495469307052,0.0335145962158853,0.033934347413419,0.0282155608009597,0.0212622267936982,15.327356307543637,0.0412929757754459,
scenario_7_switching_inhibition_cal__run_0011,25.454545454545457,0.097233680083104,7.76219719878645,11.450969838977947,0.0235599812382932,0.0173861920231721,0.0085111632401418,0.0,0.0,15.133571520216108,0.0463092413207005,0.0
scenario_7_switching_inhibition_cal__run_0011,26.666666666666668,0.1129608668474234,8.04952112381475,12.264400005309708,0.0341659498629199,0.0,0.025529858030675,0.0,0.0,14.2745177130999,0.0455095852182034,0.0093306122857455
scenario_7_switching_inhibition_cal__run_0011,27.87878787878788,0.1003183668007338,7.482331658089031,11.98115955171333,0.0,0.0,0.0216001130009371,0.0137294509351086,0.0116916576146991,15.19261212379018,0.0537738641384447,0.0
scenario_7_switching_inhibition_cal__run_0011,29.090909090909093,0.0642122777859155,7.910613726828692,12.269615074460129,0.0088611074874595,0.0,0.0,0.0,0.0222889380899719,14.684614271281028,0.060089223964218,0.0383036332733428
scenario_7_switching_inhibition_cal__run_0011,30.303030303030305,0.1087201285419906,7.532162427520839,11.914938373331434,0.0482747715858631,0.0,0.0,0.0128171595156661,0.00161121059907,14.549036374479304,0.0274042778116863,0.005226170089634
scenario_7_switching_inhibition_cal__run_0011,31.51515151515152,0.147333786740148,7.534161329459734,11.907347171946306,0.0132265057416263,0.0,0.0207296191159375,0.0173834207750193,0.0,14.709484869859862,0.0798528182822949,0.0002987113547204
scenario_7_switching_inhibition_cal__run_0011,32.72727272727273,0.1330519931889267,7.812128936730976,12.0213783157639,0.0431891469052635,0.0,0.0166469655055452,0.0,0.0099585878994828,14.63450762848277,0.0705863522545245,0.0010353571092697
scenario_7_switching_inhibition_cal__run_0011,33.93939393939394,0.1200720755093893,7.5559209185978515,12.190392647132663,0.059220955262326,0.0199172727583006,0.0038888584164207,0.0,0.0,15.113715027589066,0.0806560196732368,0.0
scenario_7_switching_inhibition_cal__run_0011,35.15151515151516,0.1433526991050553,7.502662899916974,11.38467948855695,0.0586673345671055,0.0133799394822954,0.0,0.0153533252740318,0.0,15.507623702501308,0.0923331451572039,0.0
scenario_7_switching_inhibition_cal__run_0011,36.36363636363637,0.1357842508328215,7.602701780140141,12.767095769246954,0.0564454110995235,0.0052541968357159,0.0,,0.0114831772453426,15.341019126690354,0.0785668997322099,0.0054441905856598
scenario_7_switching_inhibition_cal__run_0011,37.57575757575758,0.1983222854595469,7.517795151733218,11.506637294910073,0.032747378723757,0.0134432783453163,0.0,0.0,0.0021379726905887,15.429428852018647,0.1109118772744812,0.0
scenario_7_switching_inhibition_cal__run_0011,38.78787878787879,0.151727862119002,7.667021324216891,11.97001876130165,0.095155920932284,0.0231253945895448,0.0015477162158558,0.0091272453564456,0.0105620418545716,14.901521653664243,0.0821463719270588,0.0
scenario_7_switching_inhibition_cal__run_0011,40.0,0.1927752284501107,7.678740237802423,12.4378693369481,0.0373649338947339,0.0227507252234399,0.0228359372145852,0.0114883019590667,0.0,14.792123924032111,0.1577968106831827,0.0
scenario_7_switching_inhibition_cal__run_0011,41.21212121212121,0.2183391653123813,7.669941698411168,12.299232129313124,0.0461696274333173,0.0482640887209998,0.0,0.0083066068265108,0.0,13.724959084575136,0.1069698888813412,0.0
scenario_7_switching_inhibition_cal__run_0011,42.42424242424242,0.2127882684241252,7.786226595444329,12.050040291733032,0.0706765467142392,0.0,0.0,0.0197233137216087,0.0101237618103023,14.579843359873324,0.1142652654912152,0.0
scenario_7_switching_inhibition_cal__run_0011,43.63636363636364,0.2379922349576556,7.224514528702889,11.876437927082693,0.0962948300526049,,0.0,0.0119642339401401,0.0120554924632371,15.248322554316973,0.1480143104466184,0.0044629793289151
scenario_7_switching_inhibition_cal__run_0011,44.84848484848485,0.2285147668446699,7.847571130285908,11.624464641038168,0.0614961833088008,0.0089594125478351,0.0,0.0266158704852676,0.0268093280306167,14.732825095382124,0.1806230317214442,0.0
scenario_7_switching_inhibition_cal__run_0011,46.06060606060606,0.2565315666158576,7.578004802455335,12.105142985791222,0.0687144659228422,0.000658347287356,0.0,,0.0,14.711685859947096,0.1786905179207722,0.0
scenario_7_switching_inhibition_cal__run_0011,47.27272727272727,0.2792463619330168,7.612214732727603,11.259717479440802,0.0833052207858539,0.0,0.0328993011744496,0.017766830583889,0.0238510587576077,13.670241654090276,0.2248019406099834,0.0128862755247359
scenario_7_switching_inhibition_cal__run_0011,48.48484848484848,0.3169594389038725,7.642869342656979,12.023854910677676,0.118190196666988,0.0,0.0,0.0221994188854606,0.0071678227223115,14.93191100725662,0.2136535233606308,0.0
scenario_7_switching_inhibition_cal__run_0011,49.696969696969695,0.3011930057889944,7.477766679511632,12.154403974971334,0.094911951485859,0.0,0.0061698376617953,0.0035916922574611,0.0466701872287868,15.414010382486028,0.2318002353504728,0.0210059234009184
scenario_7_switching_inhibition_cal__run_0011,50.909090909090914,0.3326664103511057,7.449309155495061,12.292248862889446,0.1082523751968733,0.048124012927396,0.0,0.0440638884792314,0.0128803256109314,13.691376753739153,0.1957213760534338,0.0037578210961572
scenario_7_switching_inhibition_cal__run_0011,52.121212121212125,0.3581913788048614,7.318672311049091,12.18359676031428,0.0737033246074524,0.0393133905369434,0.0,0.0360927450532209,0.0,15.304457197792727,0.2386396549655795,0.0036389711882161
scenario_7_switching_inhibition_cal__run_0011,53.333333333333336,0.3622898703362009,7.183956330333655,11.862403051388808,0.1028528440419905,0.0332262294859051,0.015259355029006,0.0192051891599248,0.0031851873381309,14.09805846734896,0.2363436732767102,0.0
scenario_7_switching_inhibition_cal__run_0011,54.54545454545455,0.3955747605851146,6.934248632531085,12.832021271726036,0.1162946178761244,0.0182120635379428,0.0,0.00457780424942,0.0,15.099586408681894,0.2432296997441063,0.0058392690307514
scenario_7_switching_inhibition_cal__run_0011,55.75757575757576,0.473999363077233,7.165050822108087,11.828270662014717,0.1219209393176386,0.0213001520765982,0.0,0.0,,14.762501678563687,0.3535291900332019,0.0346562239411309
scenario_7_switching_inhibition_cal__run_0011,56.96969696969697,,7.181215250322521,11.720738018815048,0.1580182539149801,1.093954102112521e-05,0.0060753745692179,0.0126850273345103,0.0241580637089253,14.052858519725197,0.3594387757182029,0.0050714507380311
scenario_7_switching_inhibition_cal__run_0011,58.18181818181819,0.5257767360567767,7.38550447380226,11.738642141316616,0.1639730688217019,0.0,0.0225326164448382,0.0,0.0308242334269711,14.19649652942748,0.3525308161389318,0.0
scenario_7_switching_inhibition_cal__run_0011,59.3939393939394,0.5098615307070978,7.206399321931796,11.381726040167782,0.1227122162928248,0.0124283060375402,0.0,0.0,0.0217958193361449,14.868977988968815,0.3833330017980553,0.0148128568795903
scenario_7_switching_inhibition_cal__run_0011,60.60606060606061,0.5083633784783007,7.285689738872633,11.46959535624672,0.1817884893236708,0.0,0.0055428635800792,0.0155545361163828,0.0180804094576535,14.245048782955507,0.3578943094512047,0.0
scenario_7_switching_inhibition_cal__run_0011,61.81818181818182,0.6087866737178158,6.972367973306898,11.625095884373955,0.13614518690994,0.0317797083212935,0.0259990451539678,0.0081336951317609,0.0,15.30813606442706,0.4193187084159243,0.0
scenario_7_switching_inhibition_cal__run_0011,63.03030303030303,0.5775841836630544,6.748652059414913,11.75237020623948,0.1639379573464871,0.0,0.0046244050750585,0.0,0.0,14.77203485386014,0.4599942785633267,0.0122478933920551
scenario_7_switching_inhibition_cal__run_0011,64.24242424242425,0.6450343137035021,6.894402976734062,12.098652127675628,0.1611442731105531,0.0,0.0,0.0,0.0080443535520664,15.287309984882102,0.5085655247096127,0.0
scenario_7_switching_inhibition_cal__run_0011,65.45454545454545,0.6273311404907642,6.612183608399112,12.02170448445228,0.1840420164876855,0.012019284573837,0.0404672630800059,0.022862507030691,0.0293536660432207,13.744234028975864,0.529866184992415,0.0084592264451432
scenario_7_switching_inhibition_cal__run_0011,66.66666666666667,0.7274604572063352,6.454504562639288,11.81723152896128,0.188209487660247,0.0021140103443522,0.0096513934361779,0.0112366336391822,0.0,15.027139008819294,0.5479610694313216,0.0384428069216488
scenario_7_switching_inhibition_cal__run_0011,67.87878787878788,0.8066016272970375,6.616404717359102,11.982751849030022,0.2058827655773059,0.0483893263375396,0.0,0.0025286690743481,0.0133797031133748,14.973771538430087,0.5717173311955455,0.0138713492365272
scenario_7_switching_inhibition_cal__run_0011,69.0909090909091,0.8076960434350396,6.370060718605414,12.257559762032326,0.1429355864438703,0.0,0.0211678141803637,0.0,0.0171214393576389,14.392275112289894,0.6228910062529477,0.0023994633099589
scenario_7_switching_inhibition_cal__run_0011,70.30303030303031,0.9125905355182764,6.130023069702916,11.501334648535632,0.2427768061453343,0.0030856807733479,0.0164160960340146,0.0,0.0,14.631152167177904,0.6937357822534481,0.0176089706016551
scenario_7_switching_inhibition_cal__run_0011,71.51515151515152,0.8424034267842968,6.113331749458427,11.754856720596862,0.1791448186074373,0.0105222022370433,0.0183527159809721,0.0,0.0,14.789048280115107,0.6721524045529619,0.0261556956934973
scenario_7_switching_inhibition_cal__run_0011,72.72727272727273,0.9582926267035056,6.4079065487401525,12.161072083375789,0.2611481978353939,0.0,0.0,0.0493703221933225,0.0109511575631137,14.338133100625068,0.767257379857642,0.0352927551765709
scenario_7_switching_inhibition_cal__run_0011,73.93939393939394,0.9761695499644556,6.254807778725729,11.436155312770245,0.2218209699376953,0.0068744091166004,0.0142774494447804,0.0159584700015271,0.0,13.432356634139836,0.8066366097198944,0.0168130781835788
scenario_7_switching_inhibition_cal__run_0011,75.15151515151516,1.0678852401174392,5.949514641498295,12.619919435033063,0.259260415135908,0.0226686944725583,0.0,0.0151075080886202,0.0,13.826866983875911,,0.0072395776838389
scenario_7_switching_inhibition_cal__run_0011,76.36363636363636,1.076947503537826,5.442119998629162,12.145145918320896,0.2522974461865697,0.0062052975347654,0.041804696442591,0.011826581181667,0.0018470334110109,14.183624699061522,0.932718509348729,0.0160663300308598
scenario_7_switching_inhibition_cal__run_0011,77.57575757575758,1.1216239491397513,5.570174312754494,12.427965684083292,0.2491036729532029,0.0440915031423252,0.0,0.0026622752409146,0.0,14.839024285873204,0.9344851825817168,0.0169274252850703
scenario_7_switching_inhibition_cal__run_0011,78.7878787878788,1.2307486887032073,5.799405771888443,12.031142570437542,0.280529412267152,0.0373307779420414,0.0402342845555875,0.0033602326629423,0.0087093170777549,13.404520023158026,0.9882066116273917,0.0521755794322745
scenario_7_switching_inhibition_cal__run_0011,80.0,1.3583419242326062,5.026857398886507,12.61725473501721,0.2963786492321639,0.040598697919992,0.0078686115095704,0.0301800544107957,0.0,15.139843156467563,1.0885605409856889,0.0408968921049702
scenario_7_switching_inhibition_cal__run_0011,81.21212121212122,1.337150629008501,4.903218959739839,11.7903689706582,0.2584922327400271,0.0264768564936737,0.0320080695885958,0.0164999083527977,0.0254605988048005,14.986630883634904,1.089025674482677,0.0569430282104979
scenario_7_switching_inhibition_cal__run_0011,82.42424242424242,1.489830299496064,4.932138774417266,12.148829627961629,0.2913962323799203,0.0230949331734493,0.0269985198142389,0.0266623186360115,0.0,13.593316626605546,1.3297748298099683,0.0140574892483998
scenario_7_switching_inhibition_cal__run_0011,83.63636363636364,1.5310782576605717,4.856464811080872,11.711095070454832,0.3068796934123453,0.0287912283757545,0.0328426696928094,0.0289257845031566,0.0,13.953653821156475,1.2867590662657014,0.0697217852401408
scenario_7_switching_inhibition_cal__run_0011,84.84848484848484,,4.600448082771009,11.94449629042252,,0.0408433104939831,0.0424557863315843,0.0,0.0046722028692226,14.13414071214397,1.2139738198200805,0.038681218097273
scenario_7_switching_inhibition_cal__run_0011,86.06060606060606,1.6223364710263704,4.492224618916012,11.967188845108485,0.3235827083177019,0.0540808952498924,0.0590296353850874,0.0014068728631235,0.0097564189932498,13.807556046210964,1.3616370746701814,0.0474884356317614
scenario_7_switching_inhibition_cal__run_0011,87.27272727272728,1.640356898287724,4.192471253248,12.492532196276322,0.3227103240546244,0.0286018072488309,0.020485350773696,0.0333403859695369,0.0,14.392234994299484,1.398801441151004,0.0743604114785036
scenario_7_switching_inhibition_cal__run_0011,88.48484848484848,1.725928062596685,4.047845060657785,11.829630265815396,0.3109862815159228,0.029930310646554,0.0027839318527352,0.0304843424184375,0.0248405836983347,12.944873526253335,1.5511411801102113,0.0475561102510085
scenario_7_switching_inhibition_cal__run_0011,89.6969696969697,1.82057820534668,3.820543929154168,11.89896088335762,0.3348909725151204,0.0556171213449677,0.0,0.0114908199840109,,12.915495327150175,1.4801178195564064,0.0608230690653751
scenario_7_switching_inhibition_cal__run_0011,90.9090909090909,1.820564674754826,3.5423905177260813,11.484764169206604,0.3479909910901416,0.0441107276150079,0.0033020744096427,0.0565469937992333,0.0398372832304695,14.31601938466808,,0.0821227871157223
scenario_7_switching_inhibition_cal__run_0011,92.12121212121212,2.0985179969718843,3.505310449905243,11.10194014231314,0.4516809627493229,0.0358944183068441,0.0395596669530325,0.0103281026753364,0.1063585358677372,13.778970861386249,1.7788278681709573,0.0502053502164081
scenario_7_switching_inhibition_cal__run_0011,93.33333333333334,2.0466179937568865,3.4699949562803747,11.55714317112072,0.3733351744626736,0.0459675524293488,0.0,0.0317278514744456,0.0931904271027832,13.356608898666556,1.8625293069883788,0.0369160013118879
scenario_7_switching_inhibition_cal__run_0011,94.54545454545456,2.2993750634617025,3.2945497151032623,12.28597937357634,0.4088146903634228,0.0474895463094161,0.0065169938085574,0.0337413857958134,0.0756901301146138,13.418241283988973,1.8666564668013383,0.0996412675074662
scenario_7_switching_inhibition_cal__run_0011,95.75757575757576,2.216585350681868,3.081211536656863,11.325459558926116,0.4278079607870265,0.0741912898618052,0.0593642096687881,,0.1046842855675797,14.511497504647988,2.045539971514805,0.1114542032537013
scenario_7_switching_inhibition_cal__run_0011,96.96969696969695,2.360443680101413,2.9247919906648203,10.987194156883476,0.4368987635800265,0.0246861024436292,0.0195543928834596,0.0525938082292752,0.1033193002642932,13.28710862770387,2.026091797753508,0.1037674984646606
scenario_7_switching_inhibition_cal__run_0011,98.1818181818182,2.466251103208868,2.8483238513034066,11.09020571155237,0.4329724871959413,0.0704244041484402,,0.0441271357020847,0.139731318134983,13.651828027935409,2.139002860352312,0.0913155412444615
scenario_7_switching_inhibition_cal__run_0011,99.3939393939394,2.534510393039761,2.8302044456225426,11.139388270136063,0.3741366871753715,0.0912912671646593,0.0197067028634893,0.0288765037617557,0.150241639402289,13.245622946711515,2.305047276042325,0.1085112498500066
scenario_7_switching_inhibition_cal__run_0011,100.6060606060606,2.5768341098386007,2.676390626682202,11.0818618241786,0.4707851512714417,0.1052997089863368,0.0746603758828653,0.0114235657496401,0.2163363124006053,13.33093405631838,2.278644723034658,0.1168967228978195
scenario_7_switching_inhibition_cal__run_0011,101.81818181818184,2.638245186089484,2.661522182878068,10.668599534799316,0.4553648408704609,0.0490247764046953,0.078967873386273,0.0639413899486387,0.2572887178849291,13.23313171562248,2.7494887318377463,0.1063204963891875
scenario_7_switching_inhibition_cal__run_0011,103.03030303030305,2.7387401115781222,2.2196834234138456,9.534206418559592,0.491904447272814,,0.0302519387293603,0.0360864272958697,0.2375235695050687,12.991303924587642,2.68353561117659,0.1047638068958525
scenario_7_switching_inhibition_cal__run_0011,104.24242424242424,2.9315386845235167,2.245199284301698,9.786136313691353,0.5385740396826627,0.0953767957982773,0.0378624022873555,0.0073872137827761,0.3722650338386628,13.115429659632012,2.662518495683652,0.1170928155320085
scenario_7_switching_inhibition_cal__run_0011,105.45454545454544,3.076792273970942,2.1763461176628858,9.889362745352418,0.591198091486549,0.0629308627293693,0.0134595170031477,0.0436088113409213,0.3032925470209354,12.747102111091934,2.8257948744351893,0.0788933103141111
scenario_7_switching_inhibition_cal__run_0011,106.66666666666669,3.0097721288199355,2.1948683818018724,9.767341985365526,0.5735603241629872,0.0933457391582473,0.0501269900810482,0.0533257220648245,0.4024080354489153,12.531152287901556,3.111084643282964,0.1433658916825712
scenario_7_switching_inhibition_cal__run_0011,107.87878787878788,3.431475074505685,1.9261634697694308,10.06345810901934,0.5596762739876753,0.1041563687056654,0.0011189079289259,0.047915716372237,0.4450100102639818,12.024178147603076,3.076846943385217,0.1833170550861094
scenario_7_switching_inhibition_cal__run_0011,109.0909090909091,3.626352490198644,1.8626682670094008,9.171039441344144,0.5386145585573942,0.0452453194486414,0.0574687696849893,0.0324296755899525,0.4976265956903365,12.802625998538629,3.365492422542508,0.1710632112468806
scenario_7_switching_inhibition_cal__run_0011,110.30303030303033,3.467961483037809,1.6436248383335057,8.89777435519909,0.6114213942707268,0.0524612749264614,0.0430192256570936,0.0433734228091486,0.5959089021634679,12.176095681351816,3.479337689466957,0.157947240221917
scenario_7_switching_inhibition_cal__run_0011,111.51515151515152,3.570924389364208,1.5180542556937486,8.51438788785125,0.5634933636206698,0.1149768961546744,0.0611550634751319,0.0722139171318754,0.6709708342811088,12.49453484136736,3.588924399947861,0.1636843586757524
scenario_7_switching_inhibition_cal__run_0011,112.72727272727272,3.867477670528971,1.236033720319121,8.295134706245793,0.5978133360935021,0.1278986747557262,0.0475790376105052,0.0213528388233274,0.6202145284555898,12.22207508611011,3.8102642161974014,0.1329280955031653
scenario_7_switching_inhibition_cal__run_0011,113.93939393939394,4.320093224580614,1.0474042344847156,7.423010743369577,0.6119762318736166,0.0982625495071368,0.0256251351032155,0.0462471953773703,0.7842677129703415,11.72069447057559,4.20359581798361,0.2100325025553872
scenario_7_switching_inhibition_cal__run_0011,115.15151515151516,4.395108840585295,0.8856729844686085,7.574664234150729,0.6804213479469339,0.0854724665040802,0.0325841135849822,0.0436768367001135,0.8143580036327842,12.08723332514819,4.0530284283736,0.2134772901200387
scenario_7_switching_inhibition_cal__run_0011,116.36363636363636,4.724306393508976,0.6616572507653473,6.7845167159468165,0.6929029821092694,0.1468468747715891,0.0269140014789195,0.0433894439366598,0.8483985648712516,11.955732271722365,4.563967817380569,0.2111803228492068
scenario_7_switching_inhibition_cal__run_0011,117.57575757575758,4.744408818533997,0.4816158845545591,6.467239532243932,0.725000984234636,0.1254916226510513,0.0786574010289018,0.076539560300103,1.0270479668408723,12.194555500077186,4.687263971710451,0.2210906821067126
scenario_7_switching_inhibition_cal__run_0011,118.7878787878788,5.23203863245947,0.2840990801729862,,0.7753027731551271,0.0704866991213584,0.0395408004200589,0.085201343754105,1.0543889482867783,11.911697737113842,4.709970646342324,0.3028137551361323
scenario_7_switching_inhibition_cal__run_0011,120.0,5.339179847046141,0.260411985925023,5.29805495242424,0.7617148963340181,0.1793060566741628,0.0922648682305438,0.1141015738989146,1.1854451951782674,11.341943370176804,5.443991495803381,0.2807088844304591
scenario_8_lag_adaptation_cal__run_0002,0.0,0.0,8.227797749294027,15.019117014955071,0.0323816303323864,0.0,0.0,0.0,0.0,15.102916969474906,0.0,0.0
scenario_8_lag_adaptation_cal__run_0002,1.2121212121212122,0.0,8.083260727425122,15.052059532772724,0.0,0.0303647975436785,0.0,0.0021496109486967,0.0,15.104192031955591,0.0,0.0049899587981573
scenario_8_lag_adaptation_cal__run_0002,2.4242424242424243,0.0,7.890046466709574,15.603386563303753,0.0,0.0081945447713987,0.0,0.0028458653407746,0.0,16.073899056053058,0.0087298589633404,0.0096154896157877
scenario_8_lag_adaptation_cal__run_0002,3.6363636363636367,0.0,7.8327006645557296,15.778577118725751,0.0163497175861112,0.0023208527243532,0.0042003673489844,,0.0,15.16141415177615,0.0,0.001923456263393
scenario_8_lag_adaptation_cal__run_0002,4.848484848484849,0.0,8.223438273168146,15.38960118921137,0.0067977903391849,0.0,0.0094230764942101,0.0,0.0,15.617623986382236,0.0,
scenario_8_lag_adaptation_cal__run_0002,6.0606060606060606,0.0,8.320551091353805,15.172553215416936,0.0264851224496623,0.0,0.0041746357759865,0.0034044877815861,0.0,14.862334385409865,,0.0103611356598818
scenario_8_lag_adaptation_cal__run_0002,7.272727272727273,0.0,8.028660758402518,15.451011341496242,0.02555656127647,0.0,0.0348671415805413,0.0,0.0,14.63947366543088,0.0205265408825442,0.017034501609199
scenario_8_lag_adaptation_cal__run_0002,8.484848484848484,,8.22390047922977,15.981882894461004,,0.0228019157371694,0.0154264848701757,0.023472308745286,0.0118003531964253,15.092301134004389,0.0,0.0
scenario_8_lag_adaptation_cal__run_0002,9.696969696969695,0.0,7.182369844609514,16.223137045483227,0.0,0.0119104484706339,0.0,0.0,0.0,14.53265621243344,0.0262292810523826,0.0121862342113015
scenario_8_lag_adaptation_cal__run_0002,10.90909090909091,0.0,8.067420253509624,15.383861053149523,0.0,0.0,0.0,0.0,0.0,16.238514540120065,0.0,0.0
scenario_8_lag_adaptation_cal__run_0002,12.12121212121212,0.0,7.889936526418244,15.982493042079778,0.0,0.0,0.0,0.0104914092797751,0.0,14.651966865882995,0.0126076723459201,0.0282798117332781
scenario_8_lag_adaptation_cal__run_0002,13.333333333333334,0.0,8.338872738355182,16.12144736184361,0.0,0.0,0.0318379122229025,0.0,0.0,14.48282294957814,0.0,0.0076781935944672
scenario_8_lag_adaptation_cal__run_0002,14.545454545454549,0.0,8.193870533262478,16.128273602085912,0.0191410562402374,0.0397170591846163,0.0,0.0239169947879448,0.0,14.686794134595996,0.0586744963830153,0.0
scenario_8_lag_adaptation_cal__run_0002,15.757575757575758,0.0,7.840961132380213,14.81173539590897,0.0068780560272065,0.0105265215816544,0.0238300451273674,0.0087788975344295,0.0,15.676580311507609,0.0051802777872716,0.0
scenario_8_lag_adaptation_cal__run_0002,16.96969696969697,0.0301969146567073,8.243303439342638,15.820853262126288,0.029695216618151,,0.0010336833364505,0.0202817013018937,0.0,14.096620233089295,0.054146878351265,0.0104970538850021
scenario_8_lag_adaptation_cal__run_0002,18.181818181818183,0.0392807826409834,8.095054462482729,16.074277924704344,0.0,0.0,0.0006740685596798,0.016658682482713,0.0404485940546805,16.04553922978322,0.0557606602543157,0.003051423710405
scenario_8_lag_adaptation_cal__run_0002,19.393939393939394,0.0547872343428072,8.209540201945075,16.20170930164862,0.0013070385833952,0.0476771799571779,0.0,0.020572103280096,0.0,14.970296597854157,0.03587004703622,0.0
scenario_8_lag_adaptation_cal__run_0002,20.60606060606061,0.0410069170959434,8.025897705323768,16.16950155531417,0.0243704654428316,0.0,0.0,0.0,0.0281865166444882,,0.0247524012532164,0.0
scenario_8_lag_adaptation_cal__run_0002,21.81818181818182,0.0641363440302202,7.997151563836582,15.905027605453498,0.0,0.0018743272304659,0.005522790297615,0.0,0.0102682712117884,15.482800634482956,0.0961597267281765,0.0
scenario_8_lag_adaptation_cal__run_0002,23.03030303030303,0.0558235347706521,7.990266506576986,15.704726552175018,0.0081876201092259,0.0,0.0067401268319463,0.0,0.0106276849649695,15.442516934210134,0.1025480011199211,0.0
scenario_8_lag_adaptation_cal__run_0002,24.24242424242424,0.0896310185273463,8.671219095182675,,0.0,0.0205380582703955,0.0087320458426724,0.0275440524833185,0.027161634288272,15.112867809932402,0.0601754762534732,0.0
scenario_8_lag_adaptation_cal__run_0002,25.454545454545457,0.0799870072054429,,15.202312332626017,0.0,0.013467879732009,0.0055952219726262,0.0,0.0036923560538454,14.8686922964363,0.1015050280880417,0.0
scenario_8_lag_adaptation_cal__run_0002,26.666666666666668,0.1538501965783387,7.958515588079951,15.978981901041315,,0.0206347260603583,0.0,0.0347307193749961,0.0211872926663279,15.619616920081093,0.0807206026244275,0.0
scenario_8_lag_adaptation_cal__run_0002,27.87878787878788,0.2027564250113073,7.7339153542761085,14.680327464706156,0.031560243206899,0.0380246170210356,0.035153698154218,0.0129120890591751,0.0011214876663824,14.77831495479522,0.1292991984226164,0.0243376607303752
scenario_8_lag_adaptation_cal__run_0002,29.090909090909093,0.2272678690427633,7.874635573502902,15.236230166833913,0.0530443386282192,0.0,0.0,0.0,0.0,14.70185318027523,0.197720129753698,0.003898773079421
scenario_8_lag_adaptation_cal__run_0002,30.303030303030305,0.2869604989736909,7.720170130908149,15.713929144834886,0.0130692021321772,0.0,0.0323167166980051,0.0131889186747088,0.0,15.08751051135047,0.1802383722873835,0.0338597977673811
scenario_8_lag_adaptation_cal__run_0002,31.51515151515152,0.3064575374444491,7.768481483510693,15.460305852789189,0.028653160842321,0.0,0.0,0.0,0.0,15.233561790050477,0.2146708549512697,0.0361556925885121
scenario_8_lag_adaptation_cal__run_0002,32.72727272727273,0.3033632110133246,7.453760553498044,15.31078061955424,0.0251576718946503,0.0259820530824854,0.0,0.0,0.0571759611398524,14.85780740327112,0.1896275550762465,0.0142278342366876
scenario_8_lag_adaptation_cal__run_0002,33.93939393939394,0.3840272080394798,7.930694448956535,15.629409185152364,0.0433888600533692,0.0,0.0211128157731544,0.0217939920240101,0.0641733402347705,15.65354113471927,0.2548432589112395,0.0254615015530604
scenario_8_lag_adaptation_cal__run_0002,35.15151515151516,0.4564753806746768,7.952571709402281,14.964300497241563,0.0245373188957336,0.0,0.0,0.0004990662472321,0.0614320563181915,14.203239777688522,0.3156137291520502,0.009394669049061
scenario_8_lag_adaptation_cal__run_0002,36.36363636363637,0.5794973212560898,7.426830354831063,14.826866169538148,,0.014890875962928,0.0073367327153517,0.0223620681680154,0.0405703865304118,14.697009925834315,0.3994835048077217,0.0016897744934861
scenario_8_lag_adaptation_cal__run_0002,37.57575757575758,0.661375992301288,7.500744843582586,15.289712507440328,0.0331849049687827,0.0097915374509142,0.0005911993147676,0.0,0.0484521350640064,14.662187026396268,0.4283126014394089,0.0
scenario_8_lag_adaptation_cal__run_0002,38.78787878787879,0.80581447690406,7.3845691890030976,14.49722809080417,0.0485010244562436,0.0280433086140315,0.0,0.0197539372318121,0.0839970620584134,14.438886902137144,0.5129431697150542,0.0
scenario_8_lag_adaptation_cal__run_0002,40.0,0.9367419270907612,7.058542065148166,14.271439432744913,0.053818703284816,0.0169240615181926,0.0221547044651304,0.0001927990904156,0.0537292932809361,15.2430791147171,0.6041545673755337,0.0034685266404691
scenario_8_lag_adaptation_cal__run_0002,41.21212121212121,0.9839106057162816,6.951333936560246,14.353774400080336,0.012127848774016,0.0337938953410663,0.0450997822482655,0.028900305106929,0.094158037956026,14.51815508896723,0.6995773144013246,0.0370441661122036
scenario_8_lag_adaptation_cal__run_0002,42.42424242424242,1.2046781603686705,7.298057080694082,14.062100060408826,0.0992135262601367,0.0157364551635549,0.0111311373204123,0.0243679526786715,0.0991906183086461,14.926640821932674,0.6928678038443159,0.0396212684762682
scenario_8_lag_adaptation_cal__run_0002,43.63636363636364,1.2862579230698,7.061934084775842,13.992939405710969,0.0743646990412997,0.0462480369946936,0.0133058494721704,0.0,0.0876940696217201,14.503371693789251,0.8688189150503557,0.0154104929698767
scenario_8_lag_adaptation_cal__run_0002,44.84848484848485,1.545357332636921,7.012068258345244,14.104835334071955,0.0690133995321659,0.0442554513557087,0.0130812989541559,0.0140108499526007,0.1194249317490756,13.845005086942916,,0.0
scenario_8_lag_adaptation_cal__run_0002,46.06060606060606,1.7997851401614091,6.328341818152363,13.884275170976789,0.0951624199379037,0.0441350309508382,0.0258453680371077,0.0010549903640392,0.1693988256080869,14.426234584238877,1.1846125699631616,0.0
scenario_8_lag_adaptation_cal__run_0002,47.27272727272727,1.8611124976756028,5.863934096664774,14.022565234556916,0.1237925398539376,0.0293037273164029,0.0190500986861822,0.0,0.1174734890773107,14.308661889939817,1.280454696370117,0.0508953321841286
scenario_8_lag_adaptation_cal__run_0002,48.48484848484848,2.2691968994257508,5.970460780982689,13.736122307279883,0.1277144589229659,0.052245716242216,0.0303218607588168,0.0314715561646119,0.1786122325220706,13.90533821201965,1.573185357987347,0.0269688155791456
scenario_8_lag_adaptation_cal__run_0002,49.696969696969695,2.605461693980104,5.8066411993654725,12.750555312152809,0.1542877433461323,0.0441964214122045,0.0147322607879414,0.0096213579929561,0.1980498436550195,13.03555662757407,1.881881754467068,0.0360564060238581
scenario_8_lag_adaptation_cal__run_0002,50.909090909090914,3.1320009198453187,5.005557080697838,12.935076877340723,0.1690981749681687,0.0685911392175778,0.020057497365336,0.0942343630690167,0.2850635922152466,13.07880820205499,1.940037712740211,0.0303648268109562
scenario_8_lag_adaptation_cal__run_0002,52.121212121212125,3.2274380049401388,4.838351471679559,11.742368351383815,0.1764759838063168,0.0809317453025414,0.0,0.0441586890410408,0.2529213559139249,13.113541623374395,,0.0130056080269554
scenario_8_lag_adaptation_cal__run_0002,53.333333333333336,3.862846089795771,4.464243089597911,12.0451563636191,0.2033689785179202,0.0956070513522629,0.0149252442940948,0.0287012917337419,0.3663719148674559,13.29813926077512,2.534253065398867,0.0643151789820624
scenario_8_lag_adaptation_cal__run_0002,54.54545454545455,4.618545160907924,3.870567802579098,11.140985949868684,0.2314069240319527,0.0865735357984568,,0.0404760543890851,0.3625873283596511,12.123818347667834,3.144146856056799,0.0568621447154877
scenario_8_lag_adaptation_cal__run_0002,55.75757575757576,5.177002414880451,3.769570167398892,10.489445666972626,0.2650492190572155,0.1181536148567792,0.0408124230132234,0.0543523322127601,0.3992783690400099,11.8547430878195,3.58062002139297,0.0
scenario_8_lag_adaptation_cal__run_0002,56.96969696969697,5.70801927575371,2.892752075132795,10.253383014823696,0.3134360825576171,0.0900444376293233,0.0274166049939375,0.0335988824392287,0.4645625883569969,12.147092833642745,3.871205540873949,0.0177536412577816
scenario_8_lag_adaptation_cal__run_0002,58.18181818181819,5.985349097787778,2.3107023364644146,9.603347752192462,0.3944083112427956,0.1564327913452401,0.0693755855619381,0.1161650332147148,0.4395629696384545,11.986904635369791,4.2393571908608605,
scenario_8_lag_adaptation_cal__run_0002,59.3939393939394,6.76201107052199,2.009206001679322,8.283839354568036,0.402739825576368,0.128890968099142,0.064731573540712,0.0905134381853228,0.5434545611987637,12.18468592703586,4.369637206864508,0.0519441147717656
scenario_8_lag_adaptation_cal__run_0002,60.60606060606061,7.610543616243508,1.3214160129857653,7.671873446886653,0.4366229431701048,0.119957119110525,0.0459191427684014,0.0899632819058894,0.6569389338428107,11.37753194165525,5.59988780914819,0.0692991100101531
scenario_8_lag_adaptation_cal__run_0002,61.81818181818182,8.458056987023173,0.8127022257844133,6.711345358404027,0.5870913962062504,0.1194637959827726,0.0404837022528207,0.0602767357971308,0.7980242103880688,10.941533199039874,5.568206093942664,0.0667943277287477
scenario_8_lag_adaptation_cal__run_0002,63.03030303030303,9.07670786790901,0.4247110638573774,5.882357120123193,0.5320310672714222,0.1585783454112022,0.1316870864345222,0.1178710278828189,0.7503117378941251,10.241326428255771,6.456237580476244,0.0383676596893209
scenario_8_lag_adaptation_cal__run_0002,64.24242424242425,9.413864081512582,0.1781629862258273,4.845018117725354,0.5375725323107508,0.1583465368262974,0.0902276190849554,0.111499487866478,0.8301184361931364,10.187384820617984,6.2660844079224844,0.0631494420734203
scenario_8_lag_adaptation_cal__run_0002,65.45454545454545,9.696957335405957,0.1566412315312511,3.742702184864202,0.6210960112885605,0.2315792222661795,0.1132002033675048,0.1131649845622047,0.9627301022890288,9.874396717535475,6.640419337730418,0.0502855965453104
scenario_8_lag_adaptation_cal__run_0002,66.66666666666667,10.20014048940702,0.1538675787728667,2.590246945120111,0.702447887092636,0.2120737042385121,0.0789438881827291,0.1071328243122853,1.0232435073356692,9.894978455483695,6.858592259596072,0.0439892957759168
scenario_8_lag_adaptation_cal__run_0002,67.87878787878788,10.810774825827592,0.139675771280808,1.7871067744943896,0.7411736530079907,0.2043913991004957,0.1179332441212311,0.1397396374945516,1.2476150525222347,9.596482618627183,7.953295185696883,0.0246259213702194
scenario_8_lag_adaptation_cal__run_0002,69.0909090909091,10.81492209509588,0.1776801972994239,0.9902736118751132,0.6808777681509987,0.1987597729926912,0.101918036272602,0.1596622902625608,1.2368074614512856,8.747324974027054,8.127998739866964,0.074021878186806
scenario_8_lag_adaptation_cal__run_0002,70.30303030303031,11.043220401495145,0.1583589212544028,0.5567257073486416,,0.2353107684221661,0.1254075823318564,0.1091725127230424,1.1652140486613456,8.787153236749804,8.394737725958882,0.0499900968364928
scenario_8_lag_adaptation_cal__run_0002,71.51515151515152,11.093735730118029,,0.1793186071483071,0.7024878295432273,,0.1189657104355032,0.117802608797469,1.203050971229366,8.672832210690997,8.18170781066871,0.089750980824871
scenario_8_lag_adaptation_cal__run_0002,72.72727272727273,10.729858631896594,0.1499042508941415,0.1512968666044953,0.6629573884061188,0.2478917039953995,0.0584241293649318,0.1652196531393731,1.366621755592808,9.040127329490288,8.221301541788891,0.0883083395792434
scenario_8_lag_adaptation_cal__run_0002,73.93939393939394,,0.1591644114551997,0.1545047853734225,0.6744880574365023,0.2253384739117214,0.0682893514029977,0.1495729919218895,1.2531806915438002,9.35161031235193,8.105095762213914,0.0654767435340471
scenario_8_lag_adaptation_cal__run_0002,75.15151515151516,11.018424737293008,0.203915421578456,0.1838759794905433,0.689322095863795,0.1786534891528231,0.04114968305948,0.1107643729851979,1.1993628457283534,8.719093335346894,8.468987754590543,0.1070659235422405
scenario_8_lag_adaptation_cal__run_0002,76.36363636363636,10.71175605470816,0.1679229052066856,0.1496917020930548,0.7806671771168073,0.2045615951398162,0.0476871001702826,0.1333360504443513,1.353904080767092,8.741943614682139,8.427732025022955,0.0901249883160803
scenario_8_lag_adaptation_cal__run_0002,77.57575757575758,10.59538829437375,0.1655484656962535,0.1748272390515639,0.6743931992556342,0.2290951369082147,0.0758090303077398,0.1826637778634523,1.163284786560669,8.991808832900013,7.6468901752847005,0.1006790705751945
scenario_8_lag_adaptation_cal__run_0002,78.7878787878788,,0.1743668970520101,0.2037735660942085,0.6749948676642671,0.2520025868317241,0.0283029709980539,0.1195296454581431,1.1806520727710872,8.984762178370328,7.978292459367454,0.0722274733583719
scenario_8_lag_adaptation_cal__run_0002,80.0,10.53872971572278,0.2084927905322222,0.1756567420498076,0.6393733616255047,0.2359176145232834,,0.1711463891773697,1.1815817769043644,8.756862905582985,7.669522277213447,0.0804996156742107
scenario_8_lag_adaptation_cal__run_0002,81.21212121212122,11.28068878473596,0.199049035718969,0.1628634719757365,0.7190884610578226,0.2270456749058278,0.1060090507529423,0.1497123221499754,1.2167817486488928,9.02531173473057,7.909771338229858,0.0904630131253054
scenario_8_lag_adaptation_cal__run_0002,82.42424242424242,10.714214339182163,0.1744486433578704,0.1781341151312814,0.743927326614735,0.2762310203333616,0.1529534362924513,0.1553118120575234,1.246830631279365,9.284103646623548,7.97722395124841,0.1132503356765907
scenario_8_lag_adaptation_cal__run_0002,83.63636363636364,11.207037485768216,0.1782176301868644,0.1825984211875737,0.6657613110632343,0.2455486050703595,0.1083533652980652,0.1406970087936879,1.3151073058282707,9.30673645164041,8.423910801901748,0.0813539207597696
scenario_8_lag_adaptation_cal__run_0002,84.84848484848484,11.141408907448175,0.164504141458488,0.2078858176967223,0.5836397339574171,0.2560515331846955,0.0890887353476509,0.1200424699069781,1.1942019739285303,8.987077257899017,7.993343060219832,0.0986141818663199
scenario_8_lag_adaptation_cal__run_0002,86.06060606060606,10.495226969982728,0.2042737918296649,0.1918288017219168,0.727600427161776,0.2224875111700395,0.0814419236741716,0.1126117118209323,1.2284455386912212,8.391281594140796,7.5276792729368465,0.0444433239768684
scenario_8_lag_adaptation_cal__run_0002,87.27272727272728,11.11835061217943,0.1926081840757478,0.2032614907808058,,0.1822479576858713,0.0831736878376177,0.1533633473094832,1.1842961468156687,9.193352835368684,8.267514184768757,0.0885483506227456
scenario_8_lag_adaptation_cal__run_0002,88.48484848484848,10.035267733601644,0.2000842881734956,0.1747845255322163,0.7099044178459827,0.1963362579576857,0.1109410467854566,0.1173772947346606,1.2443875520316403,8.768289333088735,8.550131189861276,0.04951939662772
scenario_8_lag_adaptation_cal__run_0002,89.6969696969697,11.302532166945564,0.1911069543877816,0.1788398867005535,0.7767949013213411,0.2253100031736278,0.0890958028516105,0.1639046165722378,1.2663458435213326,9.21286350229954,8.128586285323829,0.0735539307949402
scenario_8_lag_adaptation_cal__run_0002,90.9090909090909,10.763568073506436,0.2195208756807297,0.1940361929590597,0.7458298241932158,0.2537871771994033,0.1004752903853903,0.1509505371616627,1.1978124643545276,8.985674065874473,8.260788515685038,0.0439319870068643
scenario_8_lag_adaptation_cal__run_0002,92.12121212121212,10.834438492006369,0.1802979497874568,0.2210794569724036,0.6906290724353996,0.2159891291246903,0.0477155956289326,0.1019981515605253,1.179593164619578,9.125421676595275,8.799188049114854,0.0342547014098559
scenario_8_lag_adaptation_cal__run_0002,93.33333333333334,11.125643026517238,0.1521572759242029,0.2033587836619634,0.6735707283357683,0.1909516376437618,0.1131812908576925,0.0985921144609705,1.181232668638183,9.081912323454322,8.918450425182208,0.0783695477757796
scenario_8_lag_adaptation_cal__run_0002,94.54545454545456,10.930893557828028,0.1864372577948603,0.1957171259767419,0.7957025216117048,0.211787381424504,0.0702099751117143,0.1977441283095295,1.332847208783263,8.70606068771692,8.534015274314966,0.0531993103408975
scenario_8_lag_adaptation_cal__run_0002,95.75757575757576,10.810216387033927,0.2180575900658286,0.1924225596325345,0.6834847186770171,0.2879632846148665,0.0700229707331355,0.1115081531370654,1.1495481688063318,9.249551640141425,8.242108664138376,0.0697007552796574
scenario_8_lag_adaptation_cal__run_0002,96.96969696969695,11.231533083057508,0.1811166168474588,0.2291197055357299,0.7337194171691017,0.2555743767813795,0.1105871209592132,0.1753194772780542,1.0946953153671988,9.044304907934878,8.035987355600275,0.1172894977493037
scenario_8_lag_adaptation_cal__run_0002,98.1818181818182,11.204838672539816,0.1970843692032808,0.2119144067320948,0.6373434097903481,0.288185557970915,0.04647910646841,0.1403135815039139,1.3146571861652223,9.087716541273243,8.213765932946833,0.0404415366539435
scenario_8_lag_adaptation_cal__run_0002,99.3939393939394,10.75516027127292,0.2284947455329085,0.239671276790489,0.6413411003046152,0.2068879788724441,0.1133937869549352,0.1379546982251817,1.2820178638006017,9.163854532449664,8.865102693469506,0.0536442068728744
scenario_8_lag_adaptation_cal__run_0002,100.6060606060606,10.965319454223495,0.2360280680294008,0.187817781099889,0.7578419190974378,0.191892514848349,0.1252517297858105,0.1336726006533888,1.240391437987371,9.453232036505169,8.865414382239253,0.0967831695297633
scenario_8_lag_adaptation_cal__run_0002,101.81818181818184,11.235852853309144,0.2283938207617147,0.2557383007099731,0.6730340757464655,0.2479172310307668,0.1373094812518647,0.1498865036228132,1.2084018792729785,9.2567891900972,8.267316355319506,0.0280280836192605
scenario_8_lag_adaptation_cal__run_0002,103.03030303030305,10.904341315945825,0.2497353229637015,0.2439361134315869,0.7791785434667416,0.255419624537465,0.0421890737622154,0.188275087456107,1.1450187281212845,8.807220996668892,7.973922512769907,0.0628154639211017
scenario_8_lag_adaptation_cal__run_0002,104.24242424242424,11.015197185413982,0.241534369739964,0.263983294008596,0.7348812269208032,0.2648200574736852,0.097075661175544,0.144997670774122,1.2446979291388436,8.841169111747185,8.841690390262976,0.0605166060034252
scenario_8_lag_adaptation_cal__run_0002,105.45454545454544,11.521325764634502,0.2576515436382935,0.2399750363414141,0.6645939745441141,0.2405417361112345,0.1219795087057387,0.1563224150173617,1.3791025645557893,8.754348957272068,7.92019532421274,0.0654876709708824
scenario_8_lag_adaptation_cal__run_0002,106.66666666666669,10.876397887633935,0.235147700784429,0.2214720862889583,0.7732852122607901,0.2326895808154697,0.1260814255603656,0.1604580052796408,,9.46279439424108,7.940631537853458,0.0836324885229899
scenario_8_lag_adaptation_cal__run_0002,107.87878787878788,10.976500458116917,0.1816339827842762,0.2574610630756794,0.6924796565634316,0.2047711818679499,0.114639156748943,0.1681217352970864,1.2245598304560883,8.799661089553489,,0.106609467649996
scenario_8_lag_adaptation_cal__run_0002,109.0909090909091,10.945718983908954,0.2392201895553147,0.2396547301343948,0.7066605246112514,0.2231538969670459,0.0948546535400217,0.165208592596199,1.343871302175924,9.224260192627442,8.002013778830072,0.0549308264738584
scenario_8_lag_adaptation_cal__run_0002,110.30303030303033,11.155254148948014,0.203624149661636,0.2596814591968334,,0.245647135455678,0.1064737342979668,0.1314328027002922,1.267643463387867,8.943857729985593,8.475812061117862,0.0676191380924786
scenario_8_lag_adaptation_cal__run_0002,111.51515151515152,11.494936783211244,0.2144126532401097,0.2816076856610762,,0.1750006625524369,0.1254408229170949,0.1583228648916648,1.353996014785545,8.305875110353469,7.765877554619422,0.0531943326864478
scenario_8_lag_adaptation_cal__run_0002,112.72727272727272,10.99364166259972,0.2359412539729705,0.2185749819957048,0.6803180997332341,0.2603374928643063,0.0633115506493882,0.1571528094513911,1.2153826799822312,8.686566445947872,8.19166422259229,0.1224101164155115
scenario_8_lag_adaptation_cal__run_0002,113.93939393939394,11.260969895554744,0.2288957396547091,0.2469072844598912,0.721030172758396,0.2618299131830329,0.0809275793827639,0.1477950890677759,1.2430924424510357,9.001733920117656,7.802931367170625,0.0305982782569186
scenario_8_lag_adaptation_cal__run_0002,115.15151515151516,10.84561177969758,,0.2485720008230111,0.6983303381584621,,0.0984586034081865,0.1106729808709257,1.2266195150739458,9.615729747971836,8.318222905674798,0.0401125486411633
scenario_8_lag_adaptation_cal__run_0002,116.36363636363636,11.301703662834935,0.2418828204408459,0.2773231879484187,0.7689203496241336,0.2489780850853943,0.1160529108878688,0.152511324786198,1.254416206419379,8.588139988089509,8.048224571216656,0.0903251356489058
scenario_8_lag_adaptation_cal__run_0002,117.57575757575758,10.876215512293218,0.243363696851389,0.2657675441926294,0.6815683705980367,0.2555483247725,0.0834547127705728,0.1238138394597419,1.2439760378923232,9.340305505406166,8.14588467026157,0.0698854617986999
scenario_8_lag_adaptation_cal__run_0002,118.7878787878788,10.441566210601236,0.2341088784539,0.2251303275831976,0.7142551048832798,0.2322104743332846,0.046741294361568,0.1471279425759729,1.2732121177471831,8.853050473567324,7.963563562632076,0.0451845378379842
scenario_8_lag_adaptation_cal__run_0002,120.0,10.735856323718084,0.2364687884946862,0.2843120780031312,0.6574983267130137,0.2163418597802917,0.0791279264787441,0.1648166012714603,1.2286151274188986,8.922246998273419,8.734552433217827,0.0544836167062802
scenario_9_yield_drift_cal__run_0005,0.0,0.0,17.14634867930817,19.8504133879127,0.0,0.0,0.0352204656384379,0.0,0.0,14.621464772722195,0.0183612511685604,0.0
scenario_9_yield_drift_cal__run_0005,1.2121212121212122,0.0,17.273810345179413,18.38242812909463,0.0,0.0,0.0301368981594909,0.0215489485478523,0.0,14.68171802509648,0.0,0.0213271875206035
scenario_9_yield_drift_cal__run_0005,2.4242424242424243,0.0,16.74688875161138,19.019247973564084,0.0,0.0076351842306813,0.0101688919848438,0.0239989510999367,0.0036431053361836,14.802093832740375,,0.0
scenario_9_yield_drift_cal__run_0005,3.6363636363636367,0.0,16.920919065859955,19.62455569290886,0.0234790862700205,0.0,0.0,0.0209319333145821,0.0102279730844319,14.735183843641495,0.0344554985061106,0.0033418108453675
scenario_9_yield_drift_cal__run_0005,4.848484848484849,0.0,16.670798681848638,20.137043114126687,0.0,0.0,0.0095863599800672,0.0,0.0091505303323771,14.76388221102106,0.0086601560342254,0.0
scenario_9_yield_drift_cal__run_0005,6.0606060606060606,0.0,16.423732321729087,18.522865285495204,0.0,0.0,0.0324724887291714,0.0,0.0017277977155013,14.945709329781703,0.0331733184445197,0.0
scenario_9_yield_drift_cal__run_0005,7.272727272727273,0.0,17.060272818150615,19.31518096971303,0.0,0.0,0.0096501672338639,0.0,0.0,14.515553192897256,0.0071203424407671,0.0
scenario_9_yield_drift_cal__run_0005,8.484848484848484,0.0,15.419369182499468,18.79744989620817,0.0173394811016304,0.002824066410609,0.032718510398326,0.0,0.0,14.238606057455945,0.0309619785462392,0.0
scenario_9_yield_drift_cal__run_0005,9.696969696969695,0.0,17.318953755300186,18.67979157308233,0.0,0.0,0.0132903050607922,0.0,0.0023030537875057,15.187326956088263,0.0607439207671442,0.005762383318188
scenario_9_yield_drift_cal__run_0005,10.90909090909091,0.0,17.540937005756454,,0.0,0.033884232236506,0.0399165789481692,0.0,0.0197371752748752,15.59104273976646,0.0388458295791283,0.0
scenario_9_yield_drift_cal__run_0005,12.12121212121212,0.0292227813701891,16.954036874808523,19.763149814149884,0.0072403754406338,0.0071380374647355,0.0,0.0,0.0,14.462781978101752,0.0766646447962957,0.0102801387076081
scenario_9_yield_drift_cal__run_0005,13.333333333333334,0.0222936270402436,17.72127254217523,19.45703526960473,0.0022056777298627,0.0,0.004913278426778,0.0139800905831694,0.039215242975551,15.449967104056912,0.0760231956648081,0.0
scenario_9_yield_drift_cal__run_0005,14.545454545454549,0.0642667346880435,17.171667109816923,19.87821116369179,0.0035286272808204,0.0,0.0161161125582519,0.0248006690601681,0.0229147438179751,15.196451886670248,0.0869905462661383,0.0
scenario_9_yield_drift_cal__run_0005,15.757575757575758,0.0922028874190603,16.98753949119565,19.43605496123877,0.0080390057033804,0.0205222513619686,0.0608610591329647,0.0,0.0154460454187114,15.275941237910184,0.0991774260960217,0.0201792238556201
scenario_9_yield_drift_cal__run_0005,16.96969696969697,0.0908651352567083,17.280256296945378,18.38050424905014,0.0037101684917531,0.0273240535195531,0.0218385642365681,0.033988302295195,0.0,14.866754759925286,0.114493440910686,0.0135797576070545
scenario_9_yield_drift_cal__run_0005,18.181818181818183,0.120016070516814,18.063005863078818,19.471792290833907,0.0269776700699684,0.0308759096862571,0.006446590430682,0.0463911273150509,0.0068003168281318,15.514896933637894,0.159965728666591,0.0
scenario_9_yield_drift_cal__run_0005,19.393939393939394,0.1056404130666592,17.319961853812398,18.300845211937595,0.0060719005548876,0.0110670388473936,0.048858267334913,0.0246777928941353,0.003789019070007,14.41554259366394,0.2098863977003476,0.0014276328114424
scenario_9_yield_drift_cal__run_0005,20.60606060606061,0.1723299545713237,16.521596388924358,18.357521726639927,0.0261772759401712,0.0163020442097828,0.0,0.0,0.0380789751478269,15.403089854372688,0.2553161853480939,0.0
scenario_9_yield_drift_cal__run_0005,21.81818181818182,0.2304082983737014,16.453717872879718,18.426096874758624,0.0477617668177015,0.0149438141956234,0.0234511155988419,0.0,0.0329866331883772,15.52285630324803,,0.0
scenario_9_yield_drift_cal__run_0005,23.03030303030303,0.2108955807920719,16.341080464233396,18.51495016896204,0.0,0.0270474092801749,0.0192073977662426,0.0025337426851276,0.0323494017402426,15.365841835823044,0.35605874751521,0.0
scenario_9_yield_drift_cal__run_0005,24.24242424242424,0.3146066223966835,16.7675418555369,18.800428592082973,0.0857665511583926,0.0116916055612007,0.0,0.0020488122514954,0.0584312928125763,14.867527084088035,0.4214625208303385,0.0145049844401795
scenario_9_yield_drift_cal__run_0005,25.454545454545457,0.3074111233675864,16.330270752022795,17.86588372357182,0.0604559773417828,0.0114668558375285,0.0,0.0147605717582217,0.0811197812223296,14.591627372304158,0.5148252648746006,0.0
scenario_9_yield_drift_cal__run_0005,26.666666666666668,0.4562226962187989,16.727204556559514,18.44705157422127,0.0848275327323363,0.0329595007685369,0.0240628220400884,0.01756388564034,0.0829852332763837,14.95818198050135,0.6365559580719297,0.0
scenario_9_yield_drift_cal__run_0005,27.87878787878788,0.445974349419326,17.074519417907542,17.305875148840215,0.1009079598034026,0.0555662712657514,0.019242033349144,0.0093633455463182,0.0980162601450312,14.733980131398596,0.7198472228927112,0.0380950963681319
scenario_9_yield_drift_cal__run_0005,29.090909090909093,0.5513966855455313,17.04337876122775,17.95270506279371,0.1395726470046241,0.0368633937262502,0.0092468739310035,,0.1216548581290623,13.890859914801954,0.9838922739136368,0.0
scenario_9_yield_drift_cal__run_0005,30.303030303030305,0.6083319129448014,15.903008328092591,16.862894797598074,0.1714958586467698,0.0809302502037515,0.0457997591765476,0.02232685210047,0.1749169776207013,13.98912560136395,1.2593325805130304,0.026971161313789
scenario_9_yield_drift_cal__run_0005,31.51515151515152,0.7379120648437191,17.017617741012103,15.66502522429672,0.190849861679685,0.074150533486493,0.0,0.0355670593860215,0.1635368796492598,14.391341195411464,1.3807784600682136,0.0
scenario_9_yield_drift_cal__run_0005,32.72727272727273,0.8659383740737565,16.299474045732442,16.347253518415446,0.1935041040937324,0.0883769312351395,0.0334505664616393,0.0571054114069648,0.2101650292557284,13.723072232521227,1.70816815432197,0.0075577956519711
scenario_9_yield_drift_cal__run_0005,33.93939393939394,1.0462137299106578,14.915219735567176,16.03789322568511,0.3246189404451196,0.1182029340022867,0.0254900641412434,0.1032567983494358,0.2684525827632097,14.31015347930125,2.034822821211657,0.0087635317638745
scenario_9_yield_drift_cal__run_0005,35.15151515151516,1.1560913391279983,14.978409779675044,14.947713808202472,0.3908704319194186,0.1712034131041444,0.0414242844658268,0.0970580022210218,0.3579398610633977,13.736236964576252,2.387447103055436,0.0166354833711172
scenario_9_yield_drift_cal__run_0005,36.36363636363637,1.324469101098277,13.495676648910525,13.41685802361133,0.5112632749658123,0.2197739281712857,0.0116553834498524,0.172087217278027,0.397115598465024,12.429185822386144,3.170261080026818,0.0585681900073437
scenario_9_yield_drift_cal__run_0005,37.57575757575758,1.5710430001728142,14.03252344152527,12.994859806992157,0.5722636212094726,0.2453063424265377,0.0822845985793959,0.1314085897029673,0.501273547404344,12.095932046829391,3.779737402830444,0.0218140827713364
scenario_9_yield_drift_cal__run_0005,38.78787878787879,1.5743545669127472,11.808034338239512,10.811838245522916,0.6778975122848043,0.2974602090334551,0.0661157499513858,0.200229484919626,0.627609799857982,11.608745547503045,4.358802165961912,
scenario_9_yield_drift_cal__run_0005,40.0,2.054993598655748,12.1327695212376,10.27933124567691,0.8904864859763794,0.2700301852865961,0.0293233172923488,0.230735230372533,0.6905070048195495,11.247030173715345,5.2387140759854285,0.0321342836011366
scenario_9_yield_drift_cal__run_0005,41.21212121212121,2.297296399196102,10.998140645388418,8.66284745841594,1.091328239757149,0.4552670892897288,0.0756709418964828,0.3251776132448804,0.8789706064892979,10.59214355581944,6.730171963604584,0.0910374780858124
scenario_9_yield_drift_cal__run_0005,42.42424242424242,2.624519513058846,9.2291787987895,6.372760622020347,1.354174630976535,0.5033903216998618,0.1350246523112046,0.3696209084470304,1.0259522682666962,9.586325437913676,7.694835264685541,0.0974309817724008
scenario_9_yield_drift_cal__run_0005,43.63636363636364,3.037856530182431,7.412151128524194,4.349821817013469,1.470522426147875,0.6539591565048197,0.0817958121653858,0.4453283422868521,1.233158043908164,8.943703490952615,8.897289005330805,0.0740064070543506
scenario_9_yield_drift_cal__run_0005,44.84848484848485,3.09264957286986,5.630824375436429,2.422346468007615,1.8660984939125849,0.7331205134071784,0.1078202017658097,0.5334080399811381,1.2462612463140368,7.870943508902498,10.958644432161003,
scenario_9_yield_drift_cal__run_0005,46.06060606060606,3.6220712314310113,3.7899909799837777,0.8709921431940162,2.0520472082267625,0.8783213014494695,0.1204615875271471,0.5607208274603682,1.4235896404381592,7.1566517736012,11.64050436677845,0.1046452918352117
scenario_9_yield_drift_cal__run_0005,47.27272727272727,3.776733763070534,1.8976056332953013,0.3073700499310486,2.267022904294601,0.9340969145129074,0.1461313054495233,0.5978124151725924,1.5044451165719517,6.502927220698261,12.889554021056846,0.1163288097426878
scenario_9_yield_drift_cal__run_0005,48.48484848484848,3.375541788791678,0.5302532496398623,0.1740943245577957,2.476976245373209,0.88633646576893,0.1706672880280433,0.6846430017282453,1.478525691234048,6.1536405485183066,12.902979921560076,0.0924545599772982
scenario_9_yield_drift_cal__run_0005,49.696969696969695,3.797998787176132,0.1371072916888893,0.0895301627878034,2.744624014699548,0.98960162901717,0.1637655326486653,0.6901063036582386,1.4877817184270847,5.629236971419892,13.771648980769598,0.1245296934273431
scenario_9_yield_drift_cal__run_0005,50.909090909090914,3.6883367952039534,0.1206965774159428,0.1038897165714772,2.549680958128444,0.995904301201032,0.1575862463243383,0.7165055622176263,1.5678497332838677,6.288188105939243,13.86534471510583,0.1099800157283839
scenario_9_yield_drift_cal__run_0005,52.121212121212125,3.8032413775781513,0.0879862300996179,0.1214503769979735,,1.0156600111317835,0.1459339484723892,0.7126216785365196,1.524778787024204,5.899320601228601,13.309641562194534,0.1352078653825326
scenario_9_yield_drift_cal__run_0005,53.333333333333336,3.786120680286873,0.1165412377480775,0.1491700227994208,2.491632237583353,0.971881640612888,0.1590302517936227,0.8296447224529716,1.4506631824216094,5.688450921492231,13.731870727548609,0.0968014617948461
scenario_9_yield_drift_cal__run_0005,54.54545454545455,3.911108105162693,0.0678687479189224,0.123500624310836,2.588796787169964,1.0087180292215705,0.1499860224620932,0.7583793137136553,1.6403821449477891,5.892865010055299,13.705146606650894,0.0848303749145733
scenario_9_yield_drift_cal__run_0005,55.75757575757576,3.68803005796519,0.1458810819323926,0.173674879240876,2.4936068893384555,0.9504301384075056,0.128709553979723,0.7375924947469946,1.4228607013315346,5.616121519820012,14.08855646217101,0.0617804130229358
scenario_9_yield_drift_cal__run_0005,56.96969696969697,3.608450003091283,0.1234879230320085,0.1564771129979346,2.3822715257551206,0.947074322943404,0.1492622139859157,0.7057880580163458,1.5282505182104589,5.754772706992499,13.307320165115744,0.1247300372808695
scenario_9_yield_drift_cal__run_0005,58.18181818181819,3.8818655004700826,0.1224743204438891,0.1257166042362366,2.368168631663739,0.9962682582041352,0.1307696183477323,0.7282928563896405,1.4704276298924368,6.152511443552332,13.407565483218756,0.1068264414875008
scenario_9_yield_drift_cal__run_0005,59.3939393939394,3.7313832761574135,0.1432235832075028,0.1616858112381121,2.524715446249953,1.0246278539779567,0.1487996748844078,0.6733753622988204,1.5928574573540129,5.874028241615899,12.859513127888569,0.1138204679642139
scenario_9_yield_drift_cal__run_0005,60.60606060606061,3.886816380229993,0.1248728728093899,0.1509889868126533,2.5549062321008686,0.9824802293977916,0.195413911637264,0.7450695206870966,1.4846679233452038,6.073927707693179,12.67814853419861,0.0780374484972402
scenario_9_yield_drift_cal__run_0005,61.81818181818182,3.7152594772823337,0.1497714849701321,0.1471297210120007,2.513899936974953,1.0521025671583564,0.1183317322605798,0.7284335437975266,1.4832125672789305,5.975916943547699,13.229418325405774,0.1548718549004648
scenario_9_yield_drift_cal__run_0005,63.03030303030303,3.8594411666546447,0.1828683033902328,0.1517288701262911,2.6590796491958137,1.002114768765644,0.1017750108249143,0.6994031243529923,1.4687089800772353,6.027112234123327,13.57756285754795,0.0968337199445262
scenario_9_yield_drift_cal__run_0005,64.24242424242425,3.8344388385036607,0.1373659600053088,0.1518793721029254,2.4722737794274083,1.033243921856405,0.1175676462501267,0.7554973047519359,1.5196937025629584,5.944752367897984,13.716372267487166,0.092053989703741
scenario_9_yield_drift_cal__run_0005,65.45454545454545,3.812693859070028,0.1211501393799962,0.1346314034788042,2.4365198797473755,0.987763158203384,0.1639610548481722,0.6737762613227377,1.51638138893145,5.800737670011229,13.882622582510727,0.08117949426572
scenario_9_yield_drift_cal__run_0005,66.66666666666667,3.941955269572455,0.1755827109997561,0.1688827607452951,2.5011543332934383,0.9906702100613268,0.1886060949567982,0.7518061147220554,1.5551897862239703,6.0899897817548165,14.248750834813777,0.1157119792593077
scenario_9_yield_drift_cal__run_0005,67.87878787878788,4.05883040005547,0.1708795977179571,,2.651916030607615,0.9386039470165988,0.1262307064071718,0.739987820848218,1.554670467150685,5.750685876035803,13.187903226761025,0.131692584395177
scenario_9_yield_drift_cal__run_0005,69.0909090909091,3.942866681307673,0.1426197054058508,0.1407540780319971,2.5886257699356894,1.0458565258908852,0.1386232837026456,0.7558293557554888,1.46766796598237,6.032699112536268,14.256642545134486,0.0995774950597146
scenario_9_yield_drift_cal__run_0005,70.30303030303031,3.9260077468251353,0.1583766233702176,0.1644091483016989,2.498883345303536,1.066211172149354,0.1398984014690925,0.7868903008533913,1.5141655439327193,6.147264541701828,13.605970239179264,0.1117347016313445
scenario_9_yield_drift_cal__run_0005,71.51515151515152,3.917558355822421,0.1851394902202638,0.1756079701575467,2.6445672650810943,0.9822738267423126,0.1544039067491688,0.7370894137834324,1.5630248169513563,5.931443309559982,14.036181284452397,0.1259721594006156
scenario_9_yield_drift_cal__run_0005,72.72727272727273,3.792514221287041,0.1625026960243088,0.1850093075922392,2.628171629460277,1.125312339578846,0.1286957583412413,0.6426458993115232,1.5733543299724184,6.14662775965982,13.36272028990092,0.1476510096391284
scenario_9_yield_drift_cal__run_0005,73.93939393939394,3.793091652691371,0.1822575586270999,0.1628552626095438,2.523910519954652,1.0826990841019923,0.1618855628833403,0.7172585943183414,1.5503256618970438,6.121158363942276,13.211754176627736,0.0750705038007375
scenario_9_yield_drift_cal__run_0005,75.15151515151516,3.8947583664304,0.17769127917535,0.1775038962501221,2.4404872509507505,1.0057002668090764,0.1596609079125429,,1.5573317300761595,5.848543566997297,13.884287180107044,0.1218709929530148
scenario_9_yield_drift_cal__run_0005,76.36363636363636,4.076880647218681,0.1586690838522708,0.1945256476254612,2.4519269275814,0.9755925759215276,0.1648549226568196,0.6207281499875215,1.481992604051756,5.796671673730459,13.935340813076635,0.1023679765498534
scenario_9_yield_drift_cal__run_0005,77.57575757575758,3.852285404614236,0.153390392270366,0.1955498138797607,2.394450639860912,0.8966576326507246,0.1231239629186053,0.7842834739527319,1.4493661172502246,5.79164905821824,14.062984960407354,0.1125383279788536
scenario_9_yield_drift_cal__run_0005,78.7878787878788,3.798737468443259,0.1833850887920361,0.2059028766156812,2.503256569465268,1.069458584548437,0.1244866081478762,0.7642986373225338,1.696143932444061,5.936880513623146,14.187474576672784,0.0938570751261705
scenario_9_yield_drift_cal__run_0005,80.0,3.955946407227032,0.2089242440912801,0.1661406322814891,2.462884215368382,0.9913873314761183,0.0982517498974402,0.6899538517320635,1.5136105379454703,5.919868478212331,13.202466985525533,0.1393386825224001
scenario_9_yield_drift_cal__run_0005,81.21212121212122,3.7680173889903847,0.1985383703865327,0.1975957504227075,2.4222050893454945,0.9400824144495518,0.1844029087238105,0.7154049115763813,1.595747826441238,6.066786173550124,14.29806848976172,0.0976615673335775
scenario_9_yield_drift_cal__run_0005,82.42424242424242,3.971518008083612,0.1892712356081602,0.1847305737027791,2.5267766698308827,0.958047945985892,0.154333589384384,0.7159292833209768,1.4485182519866404,5.2637790309898165,13.724286244211394,0.1148059822636113
scenario_9_yield_drift_cal__run_0005,83.63636363636364,3.916746217331706,0.1855814618535155,0.2026525336860283,2.458968053536367,1.0355193551408777,0.1360576685465393,0.6872728810838858,1.4635703964155178,5.718730690061195,12.426577106616078,0.1124552335261532
scenario_9_yield_drift_cal__run_0005,84.84848484848484,4.213828165511857,0.175870093105129,0.1903090278987352,2.44082915281098,0.9614141017451036,0.1531750126884609,0.705628217498125,1.4753711762847854,5.913213262354359,13.81999352706788,0.1563791000571435
scenario_9_yield_drift_cal__run_0005,86.06060606060606,3.750592693578098,0.170147520316209,0.1991590732138787,2.4496217336405315,0.9544721020637126,0.1288024710247044,0.7072193363220552,,5.786288181877039,13.631744485289564,0.1151357635954029
scenario_9_yield_drift_cal__run_0005,87.27272727272728,3.908479763037569,0.2147047619121262,0.2135191418362137,2.455437899027867,0.9598255796982232,0.1726819333710654,0.740823855937351,1.6910032672915696,5.665310446718832,13.698568909444724,0.1131414193086125
scenario_9_yield_drift_cal__run_0005,88.48484848484848,3.823354457831559,0.1612935655243862,0.1707691065914358,2.4828994306821386,1.0201378183184184,0.1277568125096033,0.6866000631124138,1.54841062337752,6.111554954358235,13.779734263859082,0.1204864283188617
scenario_9_yield_drift_cal__run_0005,89.6969696969697,3.8409307795921976,0.1949010442462023,0.2189608741420421,2.616323322143321,1.068996689491606,0.1197960730444932,0.673934061290319,1.6196760921536684,5.9485057616719335,12.97217459411501,0.1056571552696494
scenario_9_yield_drift_cal__run_0005,90.9090909090909,3.899296906977115,0.2023211716115677,0.2174954620109644,2.3679182406499244,1.0528543938078423,0.1939422153430355,0.7662258980941822,1.485101902411686,6.105571335792062,13.462609143272047,0.0825301696609236
scenario_9_yield_drift_cal__run_0005,92.12121212121212,3.7436409743044905,0.1670731209214674,0.16573581501366,2.553514301870334,0.9479574182402426,0.1801392703588544,0.7168123601572257,1.6095162776849476,6.295088829432425,13.46908128746514,0.1091542140160036
scenario_9_yield_drift_cal__run_0005,93.33333333333334,3.96577701055877,0.182129092188587,0.2159643042871639,2.380636735181695,0.9674494688972568,0.1148338053756598,0.7803743700296134,1.5819265245861764,5.993323030385384,13.874814858115505,0.115033828253493
scenario_9_yield_drift_cal__run_0005,94.54545454545456,3.9588697358346345,0.1538346732636957,0.2038004729442338,2.5045026136741333,1.0894276229811466,0.115497656241485,0.7354298142574639,1.5996992546800746,5.838075389826957,13.645752446819952,0.0869309409423861
scenario_9_yield_drift_cal__run_0005,95.75757575757576,3.940614795009441,0.2213836198076209,0.2327414732853235,2.4836832837506218,0.9619653536209244,0.1167565765165837,0.7543747940421819,1.5903816627574887,5.492685307633701,13.607331440823202,0.1448698076985065
scenario_9_yield_drift_cal__run_0005,96.96969696969695,3.9342551288115097,0.2161634322222272,0.2097390006189949,2.536560726616576,1.043867599444421,0.1520023176768922,0.7325948910864627,1.586424032704982,6.015786329200455,12.937393853277428,0.0854926859984207
scenario_9_yield_drift_cal__run_0005,98.1818181818182,4.135664383726524,0.2051833687239982,0.2112487286258844,2.58791704449772,1.1018368621677954,0.1540607898683982,0.6622403144817225,1.4943154185667875,6.20834611849324,13.97078439685473,0.023688696152966
scenario_9_yield_drift_cal__run_0005,99.3939393939394,3.839039413269936,0.225006124530018,0.2192596685575347,2.4564789148252824,0.8910118145533987,0.1539485212450561,0.780853247932886,1.4917598308012687,5.678673918060401,12.79787196746994,0.1135874655212979
scenario_9_yield_drift_cal__run_0005,100.6060606060606,3.984032063038043,0.2237215969558299,0.2332632901830412,2.7329414551404048,0.9309524107843766,0.1581605767655905,0.782853803883492,1.5265681255624164,5.986142542676685,13.814769102273871,0.1584170265406775
scenario_9_yield_drift_cal__run_0005,101.81818181818184,4.108614082316054,0.2075228051570371,0.2461117511356439,2.508525765615287,0.9716526048436974,0.137140841672961,0.7314242974193985,1.6567593041098658,6.023648678339521,12.919852427646436,0.0629019858465387
scenario_9_yield_drift_cal__run_0005,103.03030303030305,,0.2185734161510783,0.2353701057250952,2.3548656349477555,1.0438315240535685,0.1316295861006942,0.7180301558488663,1.485335130724902,6.280089131876999,12.88674195742214,0.120333295401579
scenario_9_yield_drift_cal__run_0005,104.24242424242424,3.9772143977508,0.2366282353474121,0.2445696831805305,2.4567392850226097,,0.136165000278025,0.642815542935663,1.5356590609771494,5.849719030046348,13.55300688617866,0.1051553629898969
scenario_9_yield_drift_cal__run_0005,105.45454545454544,4.073007989373013,0.2519654193122274,0.2427009069846259,2.5103639945946945,0.985954412436334,0.1672060228904406,0.761577226802281,1.5840887677198825,5.837871697047796,13.370449834338334,0.0948290799120891
scenario_9_yield_drift_cal__run_0005,106.66666666666669,4.037712304843367,0.2559372998555793,0.2409202794793202,2.401653406716906,1.0241746995475216,0.1251912682992345,0.7380005942520591,1.650606626271231,6.11801163283725,13.577056754285868,0.0759780670949251
scenario_9_yield_drift_cal__run_0005,107.87878787878788,3.890639141338884,0.2453003094826032,0.2688729412172032,2.481277662361465,0.9405065232987956,0.1796344327705824,0.7081221513419985,1.52374222516697,5.872402730045072,13.421685481818129,0.1607985429196589
scenario_9_yield_drift_cal__run_0005,109.0909090909091,4.088591582458818,0.2243551169548514,0.2595256554756082,2.661436331663064,0.925376575094702,0.1453289226003615,0.722001845567092,1.506622698520067,5.709597015172488,14.076551389190264,0.1207832304222198
scenario_9_yield_drift_cal__run_0005,110.30303030303033,4.021950470372506,0.2345571623728342,0.2613649249944439,2.5233435109403577,0.9921255214697816,0.1559070766575164,0.698995064392158,1.5660692183396678,6.251395785132554,13.197142155322112,0.1160219525395386
scenario_9_yield_drift_cal__run_0005,111.51515151515152,4.241038893527223,0.2646062569016076,0.2563718418170125,2.488420994482283,0.956283764510438,0.1639961586753352,0.7031120610681849,1.5546567548749446,6.209699015797987,13.871399565719411,0.125025077037574
scenario_9_yield_drift_cal__run_0005,112.72727272727272,3.9979298406235815,0.2742973664127417,0.2032066743879767,2.471062761440112,1.03198457051837,0.1256307703396811,0.7276446306301241,1.6171715663482469,5.93799661015556,13.275413240214652,0.1453026734584421
scenario_9_yield_drift_cal__run_0005,113.93939393939394,3.7085365718845686,0.2453054217443557,0.2403229802559998,2.6165907278028384,0.95385687423635,0.137981199985495,0.7080161908085956,1.543466356649919,5.693306254392389,13.552482769260733,0.1106974974017086
scenario_9_yield_drift_cal__run_0005,115.15151515151516,3.908065414717305,0.2667306661714214,0.2769011759933763,2.485493098711617,0.9645336251577752,0.1647999819916089,0.6628354394382118,1.5620072824201583,6.157343131589122,13.491420519056197,0.0965692799207846
scenario_9_yield_drift_cal__run_0005,116.36363636363636,3.976681418884584,0.253510323156997,0.2551212404274432,2.593342187822722,1.0319289292737135,0.1226227797361363,0.7315536025932129,1.6861885808042876,5.688185870081556,12.781041275071363,0.0982339013122577
scenario_9_yield_drift_cal__run_0005,117.57575757575758,3.895054785505642,0.2605260018496031,0.263494473284332,2.6644784938758126,0.9714236834921074,0.111474865967887,0.6694274121105426,1.46615348910735,5.6627807406432895,13.398343042200231,0.1077216809971364
scenario_9_yield_drift_cal__run_0005,118.7878787878788,3.763977686323524,0.2822494055181364,0.2795364380259493,2.464141648133512,1.017503418292864,0.1150659049679668,0.7410890155850646,1.530094591419865,5.93299315029158,13.77573339412936,0.0878882028211215
scenario_9_yield_drift_cal__run_0005,120.0,3.8866292499679993,0.2587029752892698,0.2413221429247041,2.7295968740855407,1.0284619312287988,0.1539415837639946,0.8176533805146686,1.5715022179182114,6.071107385347658,13.442717532960884,0.0994780025944434
